TCD,MeanDelta,VarDelta,MeanEmb_0,MeanEmb_1,MeanEmb_2,StdEmb_0,StdEmb_1,StdEmb_2,Label
,0.08864135295152664,0.1288164258003235,0.49677019261146577,0.22600070463081037,0.05460534931659422,0.38730019382092234,0.24769503402605575,0.04935607286360874,0.0
1511226.5,0.2526237964630127,1.9069753885269165,0.47509630565665617,0.2492966332204821,0.07404593600114945,0.35892126423434556,0.23145385611652775,0.08416959595073188,0.0
1489254.875,0.39471206068992615,5.233486652374268,0.475466482557901,0.24879939975516122,0.07501644171154614,0.35895260346891256,0.2312687498233293,0.08595615122694214,0.0
1494489.125,0.31813114881515503,3.4227957725524902,0.475671905354494,0.24914583881432928,0.07496355305376387,0.3591647279393548,0.2317080006988345,0.08641699387314922,0.0
1497753.625,0.341839998960495,5.899978160858154,0.4762991967718044,0.24946790223561366,0.07445312674811513,0.3590928676389647,0.23196438610097936,0.08682849805101917,0.0
1472250.375,0.31647932529449463,3.5551259517669678,0.4761489554490091,0.24779100898738643,0.07520606632934815,0.35910228040812336,0.2311469595361591,0.0880862339451124,0.0
1452245.0,0.31210818886756897,3.154446840286255,0.47571950063964225,0.246793687077296,0.07411047112592464,0.35929426833343553,0.23136465096317407,0.08733286163051483,0.0
1469665.125,0.45573604106903076,5.5959882736206055,0.4745889129889841,0.2471378328730685,0.07338956991332683,0.35876958231417116,0.2318237361595253,0.08533225683134259,0.0
1479666.375,0.2296667844057083,1.584076166152954,0.47436711165698686,0.24742157633151823,0.07276364579050011,0.3585803357413717,0.23228949056711573,0.08403466469433617,0.0
1466144.5,0.30932149291038513,3.246992826461792,0.47413821991147215,0.24642126059275216,0.0733885155122095,0.35846736634157833,0.23156547474708428,0.083729781534477,0.0
1464846.875,0.24241739511489868,4.432358264923096,0.4738667718888163,0.2461139051711642,0.0733671883830083,0.35844344846735593,0.23151304025114788,0.08293005778950673,0.0
796684.75,0.6437181234359741,7.156904220581055,0.5010217212491607,0.2242669891138114,0.05770114453748159,0.38622814723919435,0.2467357795609545,0.051865460367212915,0.0
1490996.25,0.3623155653476715,4.605292797088623,0.47463052827377467,0.24800681889958828,0.07402726722644135,0.35899630978544844,0.23319064788020025,0.08374078144693395,0.0
1477427.5,0.2490076869726181,3.6492247581481934,0.474929270987447,0.24748293073984629,0.074266631633682,0.3590781586351815,0.2328962910642733,0.08437404365008787,0.0
1472612.125,0.336526095867157,3.9767603874206543,0.4747410704982302,0.24735869499134325,0.07363525617204063,0.35888138571734446,0.2327732113553511,0.08413375361868494,0.0
1466494.375,0.2634652256965637,3.8822405338287354,0.4746033895451156,0.247063608339512,0.07412048535346868,0.35864360794446565,0.23256189099659358,0.0845021913537868,0.0
1453494.375,0.2679433524608612,1.1368039846420288,0.47429802349284267,0.2462533258282555,0.07415250700305748,0.3584297976825663,0.23146756528220527,0.08509011631827276,0.0
1468635.125,0.23209595680236816,0.9157533049583435,0.4742378588402449,0.24694353539888866,0.07388884248439757,0.3583914898888629,0.23164837634272545,0.08492596895358319,0.0
1474247.0,0.29889562726020813,1.3220666646957397,0.47381264279296303,0.2470631852923557,0.07364846115430297,0.3584592909929797,0.2315740269086503,0.08460732111902507,0.0
1481508.375,0.27862533926963806,1.4195531606674194,0.47367642769239204,0.24735041733490368,0.07347023094006601,0.3587035503274023,0.23182152425141042,0.0840145156474216,0.0
1479409.875,0.26991817355155945,2.216303825378418,0.4731470577231571,0.24648626312068483,0.07365846064739631,0.35891459908869544,0.2318794942335565,0.08344982361941196,0.0
1468600.875,0.3879449665546417,3.7210631370544434,0.47327285478538955,0.24606729405424346,0.07399732226990163,0.35873167300478803,0.2313283675495849,0.08373034197472563,0.0
811795.4375,0.33133262395858765,1.4979101419448853,0.5009512561350413,0.2261871978933541,0.05930948706771918,0.38518787096558804,0.2461255191262894,0.0538933246166365,0.0
1465582.625,0.17585943639278412,0.7144989371299744,0.47341145817533625,0.24651642197892637,0.07488658392452874,0.35847158227503384,0.23113537367445988,0.0843554370034486,0.0
1477226.625,0.4247496724128723,2.9639763832092285,0.4744263191737592,0.24780235247802582,0.07393768507449938,0.35842002862489475,0.23132344238533278,0.08470970886942776,0.0
1488863.125,0.5482485294342041,11.5068359375,0.4751770085505208,0.24840756045648812,0.07269280711453524,0.358684537442165,0.23223505332395628,0.08452586797762002,0.0
1495829.125,0.5921451449394226,15.152804374694824,0.4743950673179071,0.24779770210410457,0.07016455473211006,0.3588644216532971,0.23305840241278208,0.0826595584394329,0.0
1538906.5,0.636616051197052,22.666358947753906,0.4744352440368433,0.24958814474776175,0.07004380564753032,0.35913062697178727,0.23534426397542108,0.08287491728521992,0.0
1582968.375,0.6496503353118896,11.045331954956055,0.47509398848380957,0.2527017440772632,0.07192325784809649,0.3588820491348854,0.23637594936572745,0.0843819008392709,0.0
1570220.0,0.2707405686378479,1.492981195449829,0.4756855594847999,0.2524326933621664,0.07208314909679642,0.35863168654174804,0.2354070190498829,0.08443752281354718,0.0
1562174.125,0.394567608833313,4.234865665435791,0.47611188549323274,0.2521234053150931,0.07226664055512665,0.35847338968466985,0.23627837051503234,0.0841569969569548,0.0
1558172.5,0.3750554621219635,5.626939296722412,0.47632395971672253,0.2525153259996171,0.07230907709471648,0.35844893647956083,0.2364854355986499,0.08407403962593739,0.0
1547490.875,0.337461918592453,3.1799285411834717,0.4762531278916156,0.25179272299679994,0.07208547586529092,0.3581919548811173,0.2354027525460915,0.08323451687661577,0.0
815968.8125,0.39906278252601624,2.4608020782470703,0.5002140165618094,0.22594860924336155,0.058078413762837115,0.3842377091011692,0.24526691949450455,0.05016321588585556,0.0
1529312.875,0.24769581854343414,2.3871281147003174,0.4758850399095199,0.25046361274735385,0.07186669178991456,0.3585111953658517,0.23505349616947424,0.08295970396262989,0.0
1529531.5,0.47069746255874634,4.602932453155518,0.47546354988493406,0.251059086149653,0.07239234828999558,0.3585001609916956,0.23532154876072642,0.08289958394082254,0.0
1569303.25,0.5668767690658569,12.707829475402832,0.47522594676376056,0.25320948303418034,0.07279044774998855,0.3583056172635044,0.23636958597668037,0.08341690239478626,0.0
1626100.5,0.5160646438598633,14.574397087097168,0.47571649411632316,0.2552750288616937,0.07422138976714691,0.35792869211166684,0.238392414671341,0.0849276740010359,0.0
1605411.125,0.6002101302146912,11.449536323547363,0.4760088253023047,0.2543306938624558,0.0746719766868463,0.3578365570211677,0.23743250108523128,0.08531705442948702,0.0
1563293.125,0.30999770760536194,2.690232515335083,0.4760312566300895,0.2532110349730074,0.07484846006383303,0.35794181181377244,0.2365859508578036,0.08534792247058529,0.0
1550753.375,0.598047137260437,11.074728965759277,0.47610002410286123,0.25305308882635347,0.07409661064448057,0.35820028510293417,0.2370661121073132,0.08470809560048964,0.0
1543254.875,0.5480076670646667,10.17084789276123,0.47727247482232243,0.25371856696507583,0.07453673700749879,0.3579418426785513,0.23608313592833327,0.08473833991988174,0.0
1498569.625,0.9920200705528259,55.44855499267578,0.47938725570502305,0.25190993716493676,0.07450262347043055,0.3574007903817243,0.23584137370559766,0.08520306507490699,0.0
1576779.625,1.2146633863449097,75.40326690673828,0.4793362414156514,0.25604181032133455,0.07660018878713723,0.35703608059543746,0.23620716745644862,0.08647823215348596,0.0
829369.5,0.3082439601421356,1.513508677482605,0.4992261157713444,0.22738311051050009,0.056958615839852705,0.382820789178278,0.24385282836822175,0.04594940961623822,0.0
1612752.125,0.8767605423927307,28.112825393676758,0.4769485304838824,0.2558011307502396,0.07448685983300765,0.35759280986582853,0.2367208071469598,0.08491999871954949,0.0
1574323.875,0.5425983667373657,16.891145706176758,0.4758287272797979,0.25384677397510835,0.07269758580289468,0.35843734223751383,0.2367025499799485,0.08435360064270372,0.0
1587332.625,1.1350386142730713,54.1724967956543,0.47612234536716735,0.2556506135354461,0.07382448737770952,0.358665097448013,0.23645468186358545,0.08499420962535761,0.0
1558200.5,1.051460862159729,43.321292877197266,0.4775973658272351,0.25545064230471176,0.07554669038152113,0.3574692096134374,0.23343908716010853,0.08662593774248736,0.0
1548237.25,0.5486716032028198,6.902442455291748,0.47848322738863275,0.25468734418801964,0.07626900457770157,0.3568886209032925,0.23194563315108374,0.08891379617634647,0.0
1559122.125,1.0575374364852905,74.45450592041016,0.47844446777128136,0.255024037781764,0.07679042069981379,0.35681495323378043,0.2314492041187643,0.08937676233642451,0.0
1553630.0,1.0786532163619995,35.58943557739258,0.475542299136432,0.2528154967306342,0.07534536709693922,0.3585295718940666,0.232507975550559,0.08723493045709363,0.0
1522417.375,1.365553617477417,114.99224090576172,0.4751978592987724,0.25090574989203407,0.07395217235567869,0.35883781272133636,0.23569193616342918,0.08739825702837774,0.0
1553491.75,1.0462061166763306,80.13127899169922,0.47483704918354114,0.2518239932975038,0.07471625674119906,0.3586966122327832,0.23620097329564538,0.08648432748617257,0.0
1564721.25,0.6808483600616455,20.987131118774414,0.47389481187170573,0.2515155962521071,0.07576355668528449,0.35888220626406014,0.2340088876437143,0.08719623889359235,0.0
831535.4375,0.6718016266822815,12.131482124328613,0.499457417056224,0.22690652099396658,0.05637199191886228,0.3822191175317146,0.24376947655529024,0.045284140267057606,0.0
1542016.25,0.46796438097953796,10.87541675567627,0.4733545908834539,0.24991112046100103,0.0765518875821321,0.35922112977591353,0.23385793104716773,0.08766224224988667,0.0
1540666.5,0.46527448296546936,8.105348587036133,0.472926026478122,0.24951421951557157,0.07602602205491774,0.35938639257369503,0.23356425361834482,0.0878725629858648,0.0
1536903.75,0.23848700523376465,1.9319697618484497,0.47243718048694605,0.2490999254204198,0.07589374936980486,0.35951581046547776,0.23383631903759786,0.08750964868208153,0.0
1539676.5,0.4693686366081238,8.317401885986328,0.47210647809562944,0.24904585613182872,0.07521540287256842,0.3598386404473055,0.23370704207139892,0.08767814547289439,0.0
1548094.375,0.4131089150905609,6.444247245788574,0.4714409340223619,0.2493821267017795,0.07407463490055441,0.36011513173998955,0.2343555309621574,0.08735618363109103,0.0
1566483.875,0.6699181795120239,22.106700897216797,0.47038669930193844,0.24961081458285092,0.0725043287447196,0.36084675037555924,0.23523495782365397,0.0861567210870272,0.0
1539328.25,0.34324389696121216,3.435197353363037,0.46972129659926776,0.24835729680071875,0.07157689634073697,0.36111488528983887,0.23380808007555307,0.08548109216858557,0.0
1528548.375,0.49457183480262756,6.421205997467041,0.4696278361319202,0.24823241319856554,0.071831645322123,0.3608581222482236,0.23327210866710973,0.08643249192839786,0.0
1544228.75,0.5431815981864929,7.058480739593506,0.4707221075423007,0.2507882204746809,0.07285307122136037,0.3605219119668961,0.2336863179047827,0.08807083682165222,0.0
1549362.25,0.591121256351471,7.875,0.4717782853336284,0.2528599071526598,0.07239773655932033,0.35996398438857313,0.23336861581941348,0.08702609746813657,0.0
824079.75,0.49772077798843384,4.401162147521973,0.4987020195510225,0.226742417965236,0.057520380974484454,0.38160062577103954,0.24370936787819375,0.04619256908929245,0.0
1541356.25,0.43585067987442017,4.910609722137451,0.4730187897578526,0.25318387770836304,0.07224840645991189,0.3605528665208037,0.2335182361853918,0.08654820033292765,0.0
1530518.375,0.6527889966964722,18.519487380981445,0.4740080277497651,0.2529543173978078,0.07346391908291544,0.36088468092935744,0.2325360318277847,0.0863578213572482,0.0
1535641.25,0.5929332971572876,15.788689613342285,0.4743461057349224,0.25347260724628057,0.07419529910055511,0.3614111257134746,0.23225988032977984,0.08704172642655544,0.0
1524105.25,0.4394766092300415,7.598116397857666,0.4743808199212264,0.25332969100831026,0.07373473267526642,0.36242810537957515,0.23303670323927306,0.08769450832470592,0.0
1530061.5,0.46052372455596924,7.0137763023376465,0.47347016674676534,0.2527914057961759,0.07329273209744033,0.3621707029615543,0.23278676140175228,0.08758075292397678,0.0
1550085.25,0.7104548811912537,26.48555564880371,0.47330188524232647,0.25403233319574287,0.07198663309652995,0.36237818185576354,0.2347705508718223,0.08695358685737793,0.0
1537600.25,0.4758237600326538,9.599124908447266,0.47289623393743685,0.25329622325727424,0.07083624783718354,0.36234507659197046,0.23464251295652858,0.08703624835425387,0.0
1519204.25,0.32022589445114136,4.105895042419434,0.47221627502739105,0.25220233573238227,0.07027119153833211,0.36242644373209626,0.2345194288229173,0.08698509695416512,0.0
1473005.125,0.8719703555107117,35.273582458496094,0.4724999293476123,0.25006378409604546,0.06914318358802529,0.36225728657846806,0.23345749725888945,0.08651506943788813,0.0
1472600.875,0.6008273959159851,13.827108383178711,0.47232919806186285,0.2501611535488898,0.06951030586336565,0.36127680658727573,0.23382798266519386,0.08651402708034117,0.0
830016.375,0.2980676293373108,1.022692322731018,0.49884210484202923,0.22724149170608887,0.05625223880343542,0.38213346763792577,0.2444905675404306,0.04455202116303617,0.0
1526550.0,0.86751389503479,16.769926071166992,0.471667172339068,0.25204332707152727,0.07215216957226614,0.3587723305814446,0.23417628886117178,0.08636366366282883,0.0
1581580.25,0.6110251545906067,13.872042655944824,0.4714371501383446,0.25395698964649144,0.07173803357207394,0.35850044749267823,0.2362604515129116,0.08599292015888442,0.0
1576045.875,0.7266139388084412,22.784284591674805,0.47122904154806794,0.25375098023773723,0.07262922181624515,0.3585947095801713,0.23634209956318658,0.08672937115865524,0.0
1540580.875,0.794310450553894,55.06370544433594,0.47093634726840444,0.25213716945760056,0.07144778044040484,0.35890343227910254,0.23678790938972227,0.0869050628084822,0.0
1581205.25,0.5068768262863159,6.931407928466797,0.4716843208227675,0.25439085600000777,0.07143950947469446,0.3590636844943279,0.2373068324665113,0.08636324834611284,0.0
1568086.25,0.7028583288192749,19.739717483520508,0.47330593482178174,0.25471812739148453,0.07085024836668267,0.35943184470905076,0.23672964567269997,0.0860563099294773,0.0
1516144.5,1.048811674118042,50.02212905883789,0.47416762878293284,0.2529442377074231,0.07094817061073598,0.3599905218672008,0.2349133163484947,0.08581091941424673,0.0
1472510.625,0.5659666061401367,10.336828231811523,0.4740761971042912,0.2509003988063538,0.07009970431674199,0.3599677593474842,0.23481418780186375,0.08573482418124351,0.0
1486660.25,0.27612870931625366,1.8755970001220703,0.47426793403978895,0.25130878363406123,0.07014904775082562,0.3597107443786721,0.2356244089295711,0.08581311136875888,0.0
1543662.625,0.9238924384117126,123.3723373413086,0.4738488165191294,0.25347053103777334,0.07071474426377394,0.3596116055022132,0.23776529183130737,0.0862550226883143,0.0
829768.0,0.1727553904056549,0.3912131190299988,0.4990466139755548,0.22657231388175547,0.05547767960911521,0.38232729024730694,0.244821302952715,0.043579226471316485,0.0
1598903.0,0.5530415177345276,12.49477481842041,0.47312461842415726,0.25491598418698974,0.07108939500693592,0.35968547109271737,0.23873281077196473,0.08607538785819757,0.0
1601968.625,0.5587339401245117,15.009251594543457,0.47215230717796397,0.253977451842499,0.07237716834388362,0.3595104320509746,0.2371897423990462,0.08572683638984611,0.0
1621018.875,0.5586334466934204,23.234172821044922,0.4715549778609629,0.2539378900537779,0.07249248791181404,0.3594437033250408,0.23761422189062145,0.08487685508455345,0.0
1551322.5,0.6045534014701843,25.478853225708008,0.47091449414765096,0.2516014602175121,0.07123365127732978,0.359576547253832,0.23508477016227564,0.08322389374057111,0.0
1531946.5,0.24798396229743958,2.8682572841644287,0.47087041723559575,0.25074772871877515,0.07032248438741025,0.3597084482833228,0.23509268353641713,0.0823740688650097,0.0
1549506.875,0.6652763485908508,19.325363159179688,0.47151555621178004,0.2515828904560838,0.07083415080096803,0.3593956039570619,0.2356699988076551,0.08283157705070192,0.0
1623890.25,0.7585875988006592,33.15950012207031,0.47213913817747444,0.2538352394037372,0.0717609242912624,0.359190655185744,0.23765474464432676,0.08355434898297244,0.0
1627691.75,0.8266030550003052,17.85992431640625,0.4728830572946245,0.2551542737188871,0.07322517623142955,0.3587611318979085,0.23665072191185785,0.0844400356476443,0.0
1599417.5,0.5666275024414062,24.702627182006836,0.47355208153439327,0.2548654434634513,0.07382014690071838,0.3582894362412079,0.23529873623188344,0.0848050620430299,0.0
1585293.125,0.47850504517555237,12.48773193359375,0.4746016866787043,0.25421109387333474,0.07265635138420343,0.35771906854242097,0.23459657209250837,0.08513259657908169,0.0
834344.875,0.45528340339660645,4.482785224914551,0.49909484483230676,0.22751474215316825,0.05598246407445301,0.38207195835254604,0.24462913932007735,0.04423377119199805,0.0
1610781.875,0.5529054403305054,15.050044059753418,0.47456360775126605,0.2556865935819865,0.0733108697592685,0.357996248225852,0.23478634192611728,0.08556975823395056,0.0
1653793.625,0.5109249949455261,9.652565002441406,0.47485516118674787,0.2569952469944306,0.07342446434489289,0.35784623084873496,0.23647505086431944,0.0867201159964786,0.0
1671013.0,0.7379702925682068,29.154216766357422,0.47430380096603336,0.25657127511062544,0.07272842057152454,0.35838818897660024,0.23712837134071357,0.08632030627311442,0.0
1660491.25,0.9556467533111572,83.37641906738281,0.4725988200162285,0.25387194799425133,0.0714601160276437,0.35972981445591706,0.23745931382700233,0.08591068723426523,0.0
1646259.875,0.5290966629981995,12.02194881439209,0.47217952312280875,0.25259934273431384,0.07101744867028642,0.3600101803540547,0.23769835775002154,0.08603916654420803,0.0
1641654.75,0.4442715644836426,9.810526847839355,0.4716197657312001,0.2529517168537979,0.070253085743782,0.3604820142433753,0.2387414875310359,0.08616277719271749,0.0
1641252.875,0.754774808883667,81.96073150634766,0.47084644067962994,0.2534169959914059,0.07032945524755935,0.36027527207983234,0.23785258245058646,0.08586651090541085,0.0
1656318.0,0.35532405972480774,4.968812942504883,0.4703991971728669,0.25384897795667116,0.07009303100644836,0.36005770639279566,0.23745792694709286,0.08527501518551331,0.0
1655205.5,0.8093346357345581,34.800926208496094,0.4703120639360646,0.25368797474928706,0.07066951420836828,0.3600110996573535,0.23734835480317065,0.0856160857426794,0.0
1638780.625,0.7206735014915466,51.07184600830078,0.47023664036280477,0.2541638588655448,0.07055185482235833,0.3600696088130002,0.23967268473747305,0.08573468200547762,0.0
835149.1875,0.18862700462341309,0.4478882849216461,0.499269157375433,0.22840097571781826,0.056543289938699726,0.3815530982622308,0.24449773775829575,0.04484406075715418,0.0
783448.9375,0.785273551940918,5.934653282165527,0.4966124838507725,0.22619810689152936,0.05486319926034689,0.387375208757456,0.24774001236483678,0.04914304576431333,0.0
1626248.75,0.5431058406829834,10.710627555847168,0.47190560862624287,0.25468601805469493,0.07105993679618643,0.3597694752702525,0.2397649670396198,0.08686356986721155,0.0
1627324.125,0.4894779622554779,16.004093170166016,0.47161153447631066,0.25463654532127405,0.07029330984156731,0.36011494524530097,0.24012774544727583,0.08674036964716608,0.0
1647703.25,0.44391512870788574,4.890974521636963,0.4716468824532841,0.2559885268831078,0.07129964119257787,0.3600013522652,0.2405958809672616,0.08711099889926571,0.0
1653555.875,0.4410167932510376,14.804805755615234,0.4719711834097527,0.25605413303065055,0.07194094514699224,0.3597439074293369,0.24004016000791356,0.08725418610409395,0.0
1682618.625,0.4474940299987793,10.110410690307617,0.4716482267820765,0.2577570666171707,0.07119557801289356,0.35960471484301615,0.2407615355894901,0.08632003282206029,0.0
1678852.625,0.3986876904964447,9.889071464538574,0.4711943029820726,0.2574708491137692,0.07024504037850358,0.3598041002561129,0.24091107114706464,0.08626470428381929,0.0
1642953.375,0.5704650282859802,35.196083068847656,0.4707687502772485,0.25473626040375763,0.07024665082247653,0.3599310148101865,0.23986589331911184,0.0864842593787851,0.0
835969.5,0.23318339884281158,0.9591503739356995,0.4981854703964468,0.22684417789928,0.058709290219512524,0.3813553332209057,0.24337099542948992,0.05094229447469941,0.0
835956.0,0.14573641121387482,0.5050397515296936,0.49801225599174115,0.22646579831446656,0.05895338798675631,0.3813921834549433,0.24309943639246206,0.05223718606295538,0.0
833157.8125,0.22962352633476257,2.0301272869110107,0.49771656334551606,0.22606885424843304,0.05887567386481825,0.38147184762649866,0.24268373309008576,0.05226961459211081,0.0
835406.9375,0.13283610343933105,0.45460090041160583,0.4971520675493458,0.2256191282889855,0.05816386855598927,0.3815684732536744,0.24232173181399783,0.05065384891600585,0.0
833761.6875,0.4980281889438629,9.049566268920898,0.49546394542749467,0.2246258209975185,0.05604733231470585,0.3816800688631663,0.24177082099457078,0.045273410661220856,0.0
844164.375,1.80535888671875,127.59571838378906,0.4927009979033567,0.22788262230771109,0.05590069253433261,0.3793331144153894,0.2451289683949152,0.04355704026564522,0.0
845174.875,0.677264392375946,7.222585678100586,0.49208263840554134,0.22562316342813407,0.05388187714083735,0.3788073013317826,0.24526270576999348,0.04128905602834786,0.0
805837.9375,1.4023278951644897,46.69247817993164,0.49008768801828156,0.20990894334136245,0.048366212877962916,0.37800050221769094,0.24115411217324398,0.03890559757618991,0.0
808406.5,0.6089648604393005,8.613957405090332,0.4886252153959699,0.206829113111136,0.04747549644075918,0.3768148637062896,0.23901658468594034,0.03898450666070019,0.0
800386.0625,0.6499512791633606,8.650415420532227,0.4889121177650102,0.20451948027304398,0.04588449620831497,0.3763472258995933,0.23917710662911312,0.03766166079884756,0.0
790858.8125,0.98261958360672,17.877702713012695,0.496312656662712,0.22507116057060894,0.05498596468695628,0.38789845975823495,0.2481221476756482,0.05047506545411654,0.0
744668.6875,2.6617558002471924,179.624755859375,0.48694797460019296,0.19609797276576338,0.04326935823412045,0.3751831058385027,0.23261244570078296,0.03754507333996918,0.0
712073.3125,1.7137353420257568,43.29757308959961,0.4878171706886252,0.1949070333285233,0.04317174123784,0.37509840082476015,0.22378088595147733,0.036313926359731456,0.0
743247.6875,1.717763900756836,60.20552444458008,0.48811703842833376,0.1952707290731497,0.045759333860160074,0.37504295420135364,0.2184855782611262,0.03900269061801692,0.0
823313.25,1.787673830986023,54.33892822265625,0.48518065414541856,0.20040684799772002,0.046183859073418584,0.3748216694202915,0.22014175997680321,0.03720580681159193,0.0
866030.125,4.377213001251221,685.3757934570312,0.48271162451655264,0.21240393560462975,0.0524641667938239,0.37052112613725763,0.22074267668553393,0.039473981097291576,0.0
1013314.0,0.7345056533813477,13.933455467224121,0.4839674334783301,0.23496813312537962,0.060432964047776955,0.3643713595990229,0.2228484070202606,0.047907455204941926,0.0
1035693.4375,0.45009270310401917,2.9939234256744385,0.4837584981750661,0.23552392126505317,0.060184444530217304,0.36416982744683074,0.2216279616743464,0.04754022960906337,0.0
1035840.875,0.43237048387527466,3.6819300651550293,0.48317566768270837,0.23369468252240885,0.05943973949832324,0.36470735427705736,0.2214100404850037,0.04667991082012374,0.0
1042163.0,0.426908016204834,7.848151683807373,0.4816265154333949,0.23368369092911367,0.05945483587534852,0.3665878045388858,0.2220236622861736,0.046408014675937054,0.0
1056946.5,0.33987537026405334,7.4318671226501465,0.48370737444536366,0.23531867923324973,0.060566415183085406,0.36658739665463697,0.22389097892701953,0.045649368409602514,0.0
772172.1875,1.3177181482315063,32.533103942871094,0.49633470186126544,0.22176285679906851,0.053809079398491666,0.3890578949704814,0.24674368065074104,0.0492420256158915,0.0
1056898.0,0.16880576312541962,3.445356607437134,0.4843575367862797,0.23506646645318185,0.060552769282863184,0.36598534284367457,0.22391064065473135,0.04551024227070306,0.0
1058819.875,0.41394495964050293,14.455416679382324,0.4833730884278668,0.23490206863950694,0.060736305064193793,0.3669286569162136,0.22369771594802462,0.04556931395020871,0.0
1070884.75,0.5248338580131531,29.77600860595703,0.48156084522822046,0.23455724706491513,0.06056540988039884,0.3685342341223968,0.22343349130184678,0.04534428949647124,0.0
1075040.625,0.20946882665157318,8.00712776184082,0.48032638862726457,0.2342245560953273,0.05940302541137949,0.36955305369004865,0.22354443992367318,0.04498518384845294,0.0
988264.0,2.3992950916290283,369.49603271484375,0.47892337263328233,0.22202710131080397,0.054190963940634856,0.3703279433740067,0.2236083277111961,0.041375242597026796,0.0
865408.625,0.2163485735654831,2.9874913692474365,0.47737037301709556,0.20437248866967536,0.04751247263255488,0.3710899075812051,0.2228034929328785,0.04009433058459382,0.0
364807.34375,27.456010818481445,20067.568359375,0.47329979165946745,0.19228801733960846,0.05935879323831911,0.3692240393985749,0.18355295137685143,0.048570846215236795,0.0
87665.3203125,20.159587860107422,4782.09619140625,0.45685837206807667,0.28306111214492186,0.1245899328236248,0.3405800153631896,0.2716695688284549,0.11732779395647187,0.0
143336.15625,17.750205993652344,3822.705322265625,0.4337194480216272,0.23323832578967527,0.04576699615140635,0.38499352060351877,0.3300193977696299,0.06767463540278362,0.0
248375.015625,14.751684188842773,2131.753173828125,0.43752228482702216,0.31280118696426906,0.07950829490327962,0.39558374728310475,0.3403303652041726,0.0776088935320873,0.0
798840.25,0.8573555946350098,11.459239959716797,0.4950832431821484,0.2229669254651376,0.05472859723632732,0.38937006252092915,0.24508150248240404,0.04906933319502005,0.0
230313.421875,23.505046844482422,8151.7294921875,0.393462387826094,0.1297204334286035,0.04788272627426866,0.3720129450346504,0.15494247123763233,0.06353022431694223,0.0
172635.421875,20.58075523376465,5194.705078125,0.40374982004805193,0.14336379965100218,0.04995064786569742,0.3880707354157115,0.1539283128229447,0.05173340025199162,0.0
167670.953125,24.995939254760742,15148.33203125,0.34111806294437097,0.11865558503474571,0.07067798808451457,0.35996287638422303,0.15492831431030143,0.09623527020747367,0.0
746662.875,17.832595825195312,6046.302734375,0.3617445261371536,0.15925749519425664,0.056899080751363365,0.3426506091601404,0.13889101641751894,0.08036303759843785,0.0
268762.0625,24.317861557006836,11490.09375,0.39808852719857796,0.1260634427894379,0.0568501951073169,0.3504419156469144,0.1643776842165568,0.09252438164793843,0.0
227742.453125,21.41749382019043,4788.423828125,0.4341994299137883,0.23791964852954223,0.11287061000445148,0.3864452522483222,0.2522538830811146,0.14366841905337405,0.0
418678.0625,35.64751052856445,30321.91796875,0.416923356032052,0.15429534100783465,0.04783624778640086,0.36654288946579383,0.1417099760727309,0.053144069886428905,0.0
254980.609375,32.34295654296875,19371.5859375,0.40319329325110814,0.1864510973973002,0.05311256119077622,0.38516114979276345,0.2146285488045477,0.05455431947911556,0.0
379988.34375,24.834136962890625,17208.513671875,0.46644008882243143,0.276495018864678,0.07698341851466736,0.3877937350229917,0.29379590006588024,0.08796462845903333,0.0
631045.25,21.18052101135254,9742.8466796875,0.4780875960729139,0.22439306233320278,0.07167786164126724,0.3659534107304658,0.24341407547309105,0.0825349100112568,0.0
804496.5,0.6891750693321228,8.96212100982666,0.4958193499697494,0.22285625655692007,0.053356551430703565,0.3890191488828367,0.2460887320033268,0.045447772726281005,0.0
1406423.25,4.558346748352051,391.1544494628906,0.487337816127233,0.2585893649690555,0.082077794509855,0.3640175820639155,0.2414169295155799,0.08513808387641056,0.0
1614462.125,1.996159553527832,71.6883544921875,0.48532752107227306,0.2582852051398861,0.07923474825939078,0.36322639665497847,0.24067362411598855,0.08260992003758583,0.0
1586091.375,1.6780205965042114,112.72151947021484,0.48426366099433543,0.2557954162107727,0.0787791514642149,0.36334821228081654,0.23886038660227135,0.08360135789742036,0.0
1557157.75,0.43175071477890015,2.90997314453125,0.4836665573024689,0.25513997822273227,0.0786931389355019,0.3629767475062512,0.2373597212819203,0.0842641508533615,0.0
1563026.875,0.41608574986457825,2.8608903884887695,0.4829629978961158,0.2546771854163104,0.0782744492468967,0.362098162887398,0.23627185199069395,0.08427520139169568,0.0
1606772.5,0.6143900156021118,8.357575416564941,0.4818128120814723,0.2556932653187153,0.07703289150980916,0.3608255515090827,0.23621036470622897,0.08406501255768001,0.0
1585511.25,0.29312530159950256,6.750993728637695,0.48170037709477015,0.2540972907423119,0.07732438974191926,0.36056989607206175,0.23515936855390948,0.08517396380541806,0.0
1583092.0,0.37379947304725647,2.3828797340393066,0.481261208655761,0.25379004478983974,0.0772252149500165,0.3602995970405527,0.23452164758872818,0.08529623154089423,0.0
1587094.5,0.44690534472465515,4.7303595542907715,0.4803952866068508,0.253375177092485,0.0778933586290282,0.3597490353512314,0.23380000662236097,0.08595657397664047,0.0
1552018.625,0.6892000436782837,17.90941619873047,0.47844574269965373,0.2508723917604262,0.07580270394556583,0.3584293872200624,0.23124355029302526,0.08530139180775528,0.0
812832.25,0.5583574771881104,5.5555219650268555,0.4968643554669025,0.2236709571609962,0.05408496623599761,0.38882793662466353,0.24681647819520355,0.04558647739236828,0.0
1526646.25,0.4020759165287018,4.723763465881348,0.4781229368581268,0.24932162094708926,0.0745322181891386,0.3581689431282382,0.22979210266493627,0.08415240542167385,0.0
1518396.625,0.6096981763839722,13.226974487304688,0.4769908467910127,0.2481147974533195,0.07329566307906518,0.35801500849463463,0.2297961424557381,0.08234187312241346,0.0
1552500.75,0.5917573571205139,14.334306716918945,0.4770445558478226,0.24997509614877433,0.07315591415149138,0.3583204665975624,0.23148194213812218,0.08234906970846712,0.0
1606142.625,0.3780388832092285,7.660128116607666,0.47836266956113005,0.25283728303699016,0.07308734087819468,0.3592283694800481,0.2343212896757962,0.08186032845825442,0.0
1597015.5,0.47612303495407104,4.740948677062988,0.4799699600318864,0.2528538580855043,0.07249137664511168,0.3605758208826321,0.23546348261032748,0.08083995439121923,0.0
1581701.625,0.3499833643436432,5.382752418518066,0.4817713145956205,0.25372983317325,0.07245930518963882,0.36147154380747587,0.236002216772092,0.08057343564280013,0.0
1555307.75,0.46592265367507935,4.9921441078186035,0.48302550732732363,0.25307458293690177,0.07344310228212939,0.3614667275952883,0.23537077292241734,0.08134104484928002,0.0
1551399.875,0.24437549710273743,3.8878583908081055,0.48389741385005786,0.253394625747722,0.07424628893248617,0.36139651567351705,0.23537651378936714,0.08216279000192199,0.0
1531746.625,0.6126312017440796,15.114585876464844,0.48425807967363554,0.2529968641788097,0.07452972564908684,0.36132345297315177,0.2350403511585065,0.08314063149081247,0.0
1558545.625,0.3804318606853485,3.2185888290405273,0.48414043574982185,0.25468248763987267,0.07421368198448951,0.3607563472563887,0.2358838317792947,0.08309833700664308,0.0
804935.1875,0.4480759799480438,3.10821533203125,0.4981630379720523,0.22290548349087091,0.05473454527315172,0.38868442751753984,0.24734085873996783,0.048551106996232885,0.0
1592380.375,0.5075563788414001,4.749331951141357,0.4822275598000036,0.255932764707714,0.07579974159521242,0.3588793491714609,0.23499443789553356,0.08462173510924013,0.0
1603483.625,0.36506056785583496,6.021912574768066,0.48120135425834715,0.25601546656850915,0.0764491154154007,0.35847444998387057,0.23469330911074948,0.08526726902683651,0.0
1564012.625,0.3989684581756592,4.534628868103027,0.48063503005639324,0.2542903544063826,0.07757311392965686,0.3584467616067883,0.23382617438886993,0.08722199266785165,0.0
1553206.25,0.2441399097442627,1.4512542486190796,0.480309649920632,0.2539383262609113,0.0782100109309917,0.3582687819620103,0.23324777935949387,0.08792695401824271,0.0
1538778.625,0.3548584282398224,3.932210922241211,0.47950968092884644,0.2523264995028538,0.07873939429474693,0.3573886288026539,0.23112456162017797,0.08836330020105473,0.0
1536652.875,0.3410722613334656,2.91703200340271,0.47926527082193027,0.25208158541263304,0.07867058008362776,0.35727946565146107,0.230058697398528,0.08801223493441991,0.0
1541346.125,0.5596759915351868,9.282188415527344,0.47895514311049386,0.2520096087877075,0.07673864008093817,0.35731277093638086,0.23080554505229078,0.0854448019860873,0.0
1562070.625,0.39018139243125916,4.642499923706055,0.47940981581565895,0.2531470945720027,0.07653476069179672,0.35720016268013677,0.23201613133152793,0.08375669407107356,0.0
1558748.625,0.315697580575943,3.0292747020721436,0.47867059215234947,0.25212163254934294,0.07684675455589707,0.3571728306522624,0.23156721947695771,0.08272510815155987,0.0
1538844.875,0.4711929261684418,10.800488471984863,0.47822622222457656,0.25097650902747176,0.07728294747868178,0.3574820025664496,0.2315530395590449,0.0838998107858397,0.0
810895.375,0.4447587728500366,3.5788073539733887,0.4990791025825968,0.22371448898285617,0.05605804099686158,0.3879961885886701,0.24684191136531897,0.05033537326916528,0.0
1545531.625,0.3931647837162018,4.864621162414551,0.47791945995447616,0.2511194216453732,0.07694553446094166,0.3576634545760086,0.23204405011586132,0.08373146095799892,0.0
1581709.5,0.6025346517562866,12.178227424621582,0.4781787751886541,0.25321656365036826,0.07603993904659412,0.3576757306097712,0.2328899488536172,0.08347157378073009,0.0
1545503.5,0.5179674625396729,21.447439193725586,0.4780887518870065,0.25174776719347036,0.0757924270048697,0.35771965036181097,0.23193589797046837,0.08512257600516551,0.0
1494150.625,0.5583197474479675,5.771995544433594,0.4777218103906082,0.2492564215811045,0.07812092443976186,0.35777785840652887,0.22989265717990848,0.08862002094532322,0.0
1491413.625,0.3428824245929718,4.23317289352417,0.4775611290154833,0.249664002901339,0.07931002429507633,0.3577272725501458,0.22929622791957563,0.08943467691778129,0.0
1516184.875,0.6682026982307434,9.99394702911377,0.4764894446176431,0.2498048558808016,0.07705660669462712,0.35791046723913816,0.23033487212191198,0.08580808117700804,0.0
1548827.625,0.4203999638557434,5.35759973526001,0.47518953694995447,0.2506779717884352,0.0752515935179862,0.35828906754521167,0.2318993061950579,0.08394717669121023,0.0
1550858.875,0.4732489585876465,6.296313762664795,0.4746689554728406,0.2508996230716934,0.07392929259806706,0.3585403587632243,0.23251455272981467,0.08248499005272805,0.0
1529330.0,0.39678627252578735,6.217472553253174,0.47477707899228133,0.24999097405427506,0.07375176869245727,0.35856475420848805,0.23172267451009415,0.08230960765625604,0.0
1514339.0,0.32654768228530884,2.3054306507110596,0.47513607034779465,0.249523712260784,0.07405280905994584,0.35859253350271814,0.2312522075419608,0.08381855054360275,0.0
795921.875,0.5923903584480286,6.11366605758667,0.5010967594783508,0.22469246201218218,0.057417229119005764,0.38660758756934516,0.24690860447117052,0.05137798345441963,0.0
,0.3517521619796753,1.6203383207321167,0.6064310676004818,0.3024192701627508,0.22991519304055796,0.3031250744584117,0.29169233139828193,0.2985283005447097,0.0
116140.359375,0.34553655982017517,1.5928571224212646,0.6296591472898395,0.3296343527217177,0.2270836130151574,0.28814842827573717,0.2410998836944936,0.16376934200359494,0.0
113998.4921875,0.6700291037559509,8.091843605041504,0.6289804093418347,0.32797003288601667,0.2256247831845902,0.28953986417102195,0.2441920767007554,0.1643008970657955,0.0
114332.5234375,0.2936350107192993,0.9907320141792297,0.6284944312118116,0.33105353183912445,0.22816687069661887,0.28983368156079375,0.24183928269351476,0.16440074992564901,0.0
113783.75,0.3547421991825104,1.256457805633545,0.6276710726483135,0.32884739518001976,0.2255442302994952,0.28981899598046373,0.24192873418937014,0.16775293805978633,0.0
113077.9140625,0.3683670461177826,1.3720521926879883,0.6275764097054566,0.32731542185022827,0.22442951887389773,0.28964805188166,0.24123251904304804,0.16615171734217052,0.0
112584.6328125,0.44636473059654236,2.4510092735290527,0.6285071434511524,0.3255977422094037,0.22273757204830122,0.28959196292514644,0.24348604148992503,0.16485551777590465,0.0
113001.4921875,0.28276798129081726,0.7262646555900574,0.6299607849807894,0.32484900089741425,0.2234149361715017,0.28966270102140274,0.24328432568776268,0.16287228932212694,0.0
113222.03125,0.3632517158985138,1.7184929847717285,0.6298775493109221,0.32745953418246265,0.2240667749096791,0.2889157721239099,0.2440673258748206,0.16434962599793707,0.0
114045.984375,0.3542993366718292,2.1929309368133545,0.6299178686101138,0.3271432874646035,0.22387744997383097,0.2887379669779142,0.24325619146638533,0.16336984506710386,0.0
115355.6171875,0.2707165777683258,1.2828900814056396,0.630582237620969,0.32831710329177566,0.22468976334515312,0.2880990023857867,0.2456165478356097,0.16408661046744238,0.0
138426.78125,0.2801423668861389,0.7318100929260254,0.6077390745088734,0.30741684450686174,0.23819198472312653,0.3019248848977561,0.2911046149211518,0.2982075986414064,0.0
115414.90625,0.5240653157234192,4.222196578979492,0.6306936482694209,0.325898684474746,0.22229188861394694,0.2889788441723077,0.2475652086936447,0.16271773941318535,0.0
114693.3515625,0.23931895196437836,1.5942716598510742,0.6311558508759585,0.32380748056081354,0.22155523524528378,0.2889315166160577,0.2493590255591533,0.16386533557736674,0.0
113230.6953125,0.47780641913414,5.014228820800781,0.6304602306826503,0.3246003013761728,0.22113305017730223,0.2889878360393168,0.249617059288284,0.16455209016966071,0.0
112666.6953125,0.2853897511959076,1.108699083328247,0.6293310602491528,0.32495198873542636,0.2193287924621155,0.2901710604929252,0.2509604607737908,0.1660850414304988,0.0
113645.765625,0.3573856055736542,2.1663694381713867,0.6263486675604394,0.32723426603102107,0.22115155724725685,0.29485635117823655,0.2501905441144269,0.16622247469764626,0.0
114794.71875,0.44703444838523865,2.7822811603546143,0.62508703575301,0.32748638912869793,0.22518228042712218,0.29952275106839854,0.24884490202878312,0.16729941391962913,0.0
116171.7578125,0.41894739866256714,2.3188443183898926,0.6233291371441406,0.32857815943330837,0.22533202697627044,0.3021007307788572,0.25056158509185544,0.16819176642816758,0.0
115518.515625,0.4540884494781494,3.4975295066833496,0.6210312790705709,0.3280276174684101,0.2228156691171586,0.3011415702170227,0.25284468130038085,0.16783177485969722,0.0
114739.140625,0.47932901978492737,4.1845879554748535,0.6199752018951448,0.32410641957014363,0.21922374720318047,0.2990057940579406,0.25510292390304196,0.16912245784524707,0.0
114981.765625,0.5512465238571167,6.135251522064209,0.6206067386540409,0.32356342698740237,0.22005425828964495,0.29538202540822445,0.25366185298040295,0.1685341625164993,0.0
138562.90625,0.33250391483306885,0.9668375253677368,0.6066675671224082,0.3074979509883653,0.23685651580535289,0.3015682443121428,0.2894517266805305,0.29607888309302044,0.0
117330.40625,0.6436283588409424,7.842394828796387,0.6210869322470125,0.32840159922926193,0.22434315294460802,0.2917480297743703,0.2525758147398861,0.1668912338587359,0.0
119654.6875,0.6511149406433105,7.490713119506836,0.6205817012910102,0.33313609876213274,0.2289268321300057,0.29091148406199707,0.24469707197424992,0.15950794117161604,0.0
117103.4296875,0.6016861200332642,8.565539360046387,0.6200175319874132,0.32665880927540913,0.22281661248030665,0.29065735944888077,0.24527235052931703,0.1597436934081454,0.0
119390.3828125,0.46051210165023804,3.377852201461792,0.6196291609102207,0.32976125375732784,0.22537644321004494,0.2896401827776484,0.24272697417547706,0.1574486973708789,0.0
122862.015625,0.630138099193573,7.674787998199463,0.6192315054543263,0.3330309786130129,0.22874753443853818,0.28793334900199974,0.2363335235581485,0.15068638118214595,0.0
124374.1015625,0.5131698846817017,4.802155494689941,0.6184168573146493,0.33941369604158467,0.2360320898642053,0.28766031114092094,0.2349699321050609,0.15260197940575823,0.0
121059.6015625,0.487175852060318,5.025155544281006,0.6175261266914175,0.3345969906228994,0.2298329431957526,0.2882916949520253,0.24364772442430538,0.16185577178349836,0.0
121224.0546875,0.613859236240387,6.619509220123291,0.6171555478900179,0.33966439736132287,0.23512471029766216,0.28849173873286116,0.24726055131869898,0.17169506051601569,0.0
122532.515625,0.6592779755592346,11.663572311401367,0.6205185023131587,0.3430662937459055,0.23930238253711006,0.28867769763721474,0.2479237131866724,0.1800822767332274,0.0
123930.6015625,0.43990471959114075,2.5887303352355957,0.6230254099284718,0.3481199296574177,0.24517151656907543,0.2877770126168695,0.2516544264797362,0.185873834273449,0.0
141202.796875,0.26652321219444275,0.8958304524421692,0.6064493059586283,0.30890133554725874,0.23537663053097166,0.3014370732320732,0.2865449890841955,0.29183948809398674,0.0
123395.15625,0.7740645408630371,10.04693603515625,0.6261519755939572,0.3485808133854387,0.24496159324888792,0.2873966321527807,0.25281255373388195,0.18200829791806566,0.0
120895.8046875,0.4422791600227356,4.592609405517578,0.6275799501774691,0.34311410944471116,0.23827241507632468,0.28740778306792164,0.24841273402461894,0.17129273527910913,0.0
118245.640625,0.5452620387077332,5.089627265930176,0.6272759471924585,0.3350234895817026,0.23122227071165555,0.28802935691076453,0.2456071279202413,0.16449593348961844,0.0
115871.8359375,0.41628196835517883,2.668344020843506,0.6275992979521637,0.3273971093132483,0.22363375648743816,0.2882594161653225,0.24479706192090683,0.1613929221335482,0.0
114011.1953125,0.4268876612186432,1.7610901594161987,0.628848968087159,0.3222125828024396,0.22049074712249214,0.2890616047382832,0.24028379438491132,0.16035752598619712,0.0
115285.953125,0.4496353566646576,3.2510433197021484,0.6291723799912161,0.3254434917005681,0.22243456831903713,0.28930046476452925,0.2461611936907877,0.16378741591776452,0.0
115232.6953125,0.3369138836860657,1.1864094734191895,0.6310454451561156,0.327107930468125,0.22244673947337912,0.2882867591745846,0.24792720449054487,0.1655994978168083,0.0
114734.3515625,0.3707873225212097,1.503714919090271,0.6319385258018528,0.3260797042695269,0.22206442171025306,0.28779894839868575,0.24938525671004313,0.16751299230702316,0.0
114352.2421875,0.2871446907520294,1.8280798196792603,0.6320578212144833,0.322138142322192,0.21939825419328438,0.2878413432318837,0.24598151834505566,0.1663414983675129,0.0
113235.375,0.6604369282722473,7.679551601409912,0.6312728707876726,0.3232478349988175,0.21999345923634192,0.28860890301266356,0.24781351563889675,0.166650050241244,0.0
142434.4375,0.27180519700050354,0.7023955583572388,0.6062970628892688,0.3092793943473422,0.23410322874892892,0.30117469695019694,0.28330022441523517,0.28784597728999534,0.0
75021.8984375,8.830669403076172,2090.01123046875,0.6512243013975612,0.3897054660127196,0.28748701663762366,0.2748007333143781,0.2992250147139826,0.26291389746478533,0.0
59520.37890625,16.372119903564453,3984.079833984375,0.7271099783941385,0.36414189935749236,0.2514793863710921,0.25057717861965506,0.28467591593069574,0.22966719626543927,0.0
43917.3828125,15.98577880859375,3679.701904296875,0.768896207431474,0.3525240879259615,0.277617905161294,0.2595055574857513,0.33326988774223754,0.2804715503814357,0.0
51955.6171875,7.077506065368652,485.6065979003906,0.6611773383494756,0.32346388843908724,0.24808305036941167,0.26633807037160906,0.31271587553549895,0.2725639222352731,0.0
48317.515625,0.4641495943069458,2.441941499710083,0.6292739306007532,0.27788965364626483,0.21690971733149217,0.2714387171940133,0.28403609017050296,0.25773837460417026,0.0
48533.21875,0.4903528392314911,3.266303300857544,0.6307867252083089,0.2747906794373536,0.21568520830252513,0.2703093474460017,0.28396268902684446,0.25883744027024314,0.0
48049.67578125,0.7209428548812866,9.825430870056152,0.6305807853582468,0.2736875999873112,0.2188703078473545,0.2691574242689745,0.2769002216889312,0.2585714505550225,0.0
48079.66796875,0.4915684163570404,3.621434450149536,0.6302360150662384,0.271717999695136,0.2253580067868698,0.26858906848345127,0.27410347586310485,0.2628374768044855,0.0
46692.65625,0.8685063123703003,24.615415573120117,0.6296456225995826,0.2569438405087918,0.22531153045796645,0.2694548708144459,0.28248849825783506,0.2685548502420467,0.0
47132.69140625,0.6938529014587402,11.87781810760498,0.628064687768834,0.2528852161621471,0.21865901400035914,0.26902815559167736,0.27560479954863937,0.26281831027393554,0.0
143274.828125,0.28723129630088806,0.720734179019928,0.6069460754123048,0.30898672940693067,0.23358972781909845,0.30176785315918375,0.2832041234127628,0.287416350757254,0.0
47857.203125,0.9789633750915527,19.011259078979492,0.6268179366653109,0.2536598456831506,0.21731444404236447,0.2675389549809287,0.2727329613466767,0.2595584192596037,0.0
48127.75,1.3157141208648682,40.8554573059082,0.6251073522500095,0.24531968116475306,0.21246854198866086,0.2670747499047058,0.28129558267750904,0.2683054056680689,0.0
46845.5546875,0.6941369771957397,9.539175987243652,0.6237306627031463,0.24458327426002766,0.21311948779761705,0.26728694169124734,0.2835822228898702,0.27079523292466784,0.0
47704.4609375,1.0471910238265991,22.677814483642578,0.6209315469873842,0.23839125782339574,0.20963692654961746,0.2668051867870858,0.28419482426395504,0.27167700698735237,0.0
47910.421875,1.176573634147644,29.626548767089844,0.6204126042086227,0.22020485362773393,0.19866192754637832,0.26747760894854505,0.28862814040649554,0.27175758415759255,0.0
48033.1875,0.8247297406196594,9.12657642364502,0.6223833079906115,0.23551201043713016,0.2084949313143565,0.26936962338037207,0.2765712853967123,0.26418323328192844,0.0
48093.12109375,0.8463127017021179,12.096431732177734,0.627597082978392,0.25921803477659844,0.2203055056528116,0.27289630397989484,0.27815673914145556,0.2665401348643274,0.0
49734.0390625,1.2627835273742676,32.99530029296875,0.6323882096926814,0.2687569993820883,0.22662105978799676,0.2769245565077647,0.2899112322234433,0.2765320456415411,0.0
51053.6015625,1.1100375652313232,22.671497344970703,0.6356008969703751,0.27489726975532713,0.23149602029906258,0.2790268892838876,0.2876687669542563,0.274634612339636,0.0
49898.66015625,1.0106786489486694,18.3207950592041,0.6354689332705314,0.2743754990727862,0.23376073977034836,0.27813137767718976,0.2864146697235386,0.2750358259917455,0.0
143910.984375,0.2741125226020813,0.7403655052185059,0.6066940539531117,0.30811919816830674,0.2335888070318649,0.3015423251423587,0.28323030965901624,0.28643642723491103,0.0
51542.84765625,0.8312292098999023,12.744922637939453,0.6361159766055181,0.28424400764209157,0.2430932804787386,0.27969182390425346,0.28727366781108665,0.27721633668750006,0.0
49365.9375,0.7976856231689453,12.803375244140625,0.6351930503912057,0.26805806437382074,0.23180633800925243,0.28058085960734425,0.2866739339271066,0.2770978040552678,0.0
48861.6015625,0.8735125660896301,14.106754302978516,0.6353242384540432,0.27450838136374245,0.2400222838453539,0.28117925072265354,0.29290764367782135,0.28417080084565116,0.0
48359.83203125,0.8602997064590454,17.257883071899414,0.6334703437408152,0.25396323310068747,0.23077564126394212,0.27961012594832235,0.28932882824421047,0.2760072203889675,0.0
48549.796875,1.3739228248596191,45.890228271484375,0.6360069861230391,0.25436824675255487,0.2286409930621826,0.2777495484227324,0.2864489302954205,0.27453576172558447,0.0
50224.9140625,1.0526472330093384,29.517375946044922,0.635476552464072,0.27162607713289233,0.23123637636943226,0.2743103753041167,0.2856069246439683,0.26580632833377515,0.0
51904.6328125,1.1753489971160889,39.9481201171875,0.6317269145243629,0.2666306431212165,0.22258150743430888,0.2720700811084866,0.30619915005473625,0.26987541036174567,0.0
46458.8203125,1.1581740379333496,40.89577102661133,0.6295899622821161,0.23847775491904416,0.20737170958574863,0.27168398816317957,0.28496795415730647,0.2696111697737122,0.0
47441.34375,1.1336179971694946,31.270151138305664,0.6283201288053157,0.22704383042421894,0.20187387127568224,0.2728830186321009,0.28513473819300733,0.2716696054684927,0.0
46856.08984375,1.392997145652771,33.20139694213867,0.6291534456626747,0.2328000167277807,0.21009951967393084,0.27359545232000965,0.2824758187429237,0.26859539262490434,0.0
142777.625,0.28234848380088806,0.8320317268371582,0.6059320833704956,0.30791941985121307,0.2321869559721672,0.3016084797588943,0.2829524814185352,0.28523998418997315,0.0
47180.4765625,1.1953016519546509,34.79423904418945,0.6315218315432388,0.24490211400475126,0.21957032129234857,0.27383802560371884,0.27700646901079956,0.2636784346048243,0.0
47391.6015625,1.1425505876541138,34.132469177246094,0.633089594011005,0.24821984996202676,0.22103187613518702,0.2751399373478004,0.2767988106267328,0.2652863913078604,0.0
48278.23046875,1.1846582889556885,25.423946380615234,0.6319540211165237,0.24553059911520464,0.21699312748186433,0.2747869999547133,0.2766412023442419,0.2656211418685803,0.0
47175.74609375,1.195141315460205,23.135984420776367,0.6301814605431562,0.23203839344510638,0.2070606746210691,0.27380544178612204,0.28713323646917993,0.2720014143013844,0.0
49323.5390625,0.998820960521698,26.079404830932617,0.6275421612930743,0.252778488219419,0.22337628665548973,0.27092689573160395,0.2938597181232647,0.2761789449733377,0.0
50222.5078125,1.040850281715393,30.475914001464844,0.6262987280947455,0.25303953299796855,0.22231383059190063,0.2698252551076318,0.29223815109734547,0.27226048542330233,0.0
47676.1015625,1.554060935974121,111.43977355957031,0.6292325330887655,0.23286565439814008,0.20596071237401126,0.27021375368664335,0.27989422046864176,0.26728752055961036,0.0
46763.76953125,1.1967501640319824,34.11420822143555,0.6313342007181236,0.23369187515038026,0.2031275473648933,0.2712753538613615,0.2820020850117383,0.26900975532302746,0.0
46093.33203125,1.0518300533294678,26.900981903076172,0.635171346042052,0.2408339305544287,0.20463434336708283,0.27271898022607016,0.2842810980457044,0.2704852803991225,0.0
46690.43359375,0.6669901013374329,8.967310905456543,0.636607344191024,0.2498528935394566,0.20835922422092593,0.2719861604182154,0.28344443518711915,0.2689862037922005,0.0
143103.015625,0.2563779056072235,0.6253327131271362,0.6057801499425673,0.3047451038952915,0.22888345930712586,0.30198339188395557,0.28222358154415106,0.28342633420157526,0.0
48645.2109375,0.5544940233230591,5.7129364013671875,0.6355741312865151,0.24715112043438364,0.20609648671669664,0.27249387448083057,0.28367635415447645,0.2685055390633766,0.0
49213.66015625,0.7478793263435364,7.377373218536377,0.6347609128238074,0.2450115378273063,0.20867666468930987,0.27359195718490265,0.2813909413669949,0.2685671851930302,0.0
48444.19921875,0.9836167693138123,19.870256423950195,0.6345411938897583,0.2395266519986386,0.2051658839818587,0.27453546168343146,0.28557544595329815,0.27173183018418884,0.0
48446.08203125,0.8529192209243774,14.238224029541016,0.634699338437347,0.2447775831324593,0.20634904484144562,0.27385843613385097,0.28481500432681023,0.2699857013551453,0.0
47886.9609375,0.9275528788566589,12.02853775024414,0.6333572756407667,0.25035988185631725,0.21094547151592766,0.2716688764402273,0.28572186693859863,0.2701876918419481,0.0
47604.59375,0.790485680103302,11.11386489868164,0.6314605833561668,0.2500931341719885,0.2115008240179766,0.27039065495079617,0.29098012920660626,0.2750253090169503,0.0
47744.0859375,0.8336992263793945,13.131108283996582,0.6282982589530336,0.24864440857841755,0.21019844708919225,0.26872528012029506,0.29032576015522144,0.2732169919089735,0.0
47394.6484375,0.9086586236953735,15.703512191772461,0.6251139866516827,0.24578919837723673,0.2046108813160434,0.26798400175584197,0.28355603228796616,0.2633276872299075,0.0
47466.29296875,0.7309199571609497,7.111472129821777,0.6268602407895528,0.23661623004745344,0.20183419951893752,0.2669850045177056,0.2793125685551383,0.264109674772449,0.0
46183.44140625,0.8393393158912659,14.659183502197266,0.6280884348370726,0.23007333281826883,0.20060224342313474,0.26743137930823524,0.2823022725444433,0.2685425418937912,0.0
142857.875,0.19238251447677612,0.45846110582351685,0.6058926040927977,0.30383769320550014,0.2271779624974039,0.30222193552150983,0.28517197951719275,0.2869576685031493,0.0
45728.1796875,0.9798645973205566,25.643949508666992,0.6290802323304082,0.22456715171866498,0.19748947648079124,0.26818307284534026,0.2866903091809515,0.2732200937946286,0.0
45752.35546875,0.841951310634613,13.532913208007812,0.6316026031318446,0.23753829436531132,0.20800498841065876,0.2693959641478068,0.2862235500752853,0.27377269955508726,0.0
46144.64453125,0.49093273282051086,2.9968204498291016,0.633063624232942,0.24777796852649275,0.2100897523910934,0.27297834762525736,0.28626621447219786,0.2707961678837799,0.0
45548.9765625,0.6440212726593018,4.899307727813721,0.6352447600520944,0.25093168962043694,0.2098069968821721,0.2740098055922444,0.28685900547948384,0.26967565335714194,0.0
45177.05859375,0.4055929183959961,1.781876802444458,0.6365227117174967,0.247174816742865,0.20449362725901396,0.2758205113568027,0.2826105530003286,0.2647802833118695,0.0
45960.99609375,0.6393921971321106,5.815324306488037,0.6380928370923781,0.24700432439381964,0.20164782139985954,0.27862508304434025,0.2815552881128987,0.2628821229287504,0.0
46110.03125,0.6034091114997864,4.102883338928223,0.6401342026527747,0.24808605075850512,0.19921266409666394,0.28118078163996874,0.2833710148940162,0.2630738199907443,0.0
47880.71875,0.7762707471847534,9.590813636779785,0.6428148400925208,0.2522829237467964,0.19784859720030362,0.2825374723327646,0.29231477943099543,0.26596492897317325,0.0
46559.05078125,0.544481098651886,3.689689874649048,0.6431394432393941,0.25326150311689244,0.19912849483651912,0.2813753807970334,0.29191456846118036,0.266249828485377,0.0
46474.75390625,0.49373114109039307,2.853057622909546,0.6437510073280731,0.2526232109031963,0.19945698989517366,0.2810561727905067,0.2934511044548099,0.2683970480426034,0.0
144239.84375,0.36485403776168823,1.0894120931625366,0.6064028203588415,0.3025168487625354,0.226747263749329,0.30346710188418247,0.2884050902011983,0.29108301955981297,0.0
139269.203125,0.6231798529624939,2.576404571533203,0.6060054319556276,0.30196469574364154,0.2304927417696303,0.3022985455279349,0.2900981290441257,0.29509335216959304,0.0
46025.12109375,0.6284462213516235,5.361124038696289,0.645498800875176,0.2511650503786899,0.19946911310684426,0.2817491787982227,0.2918857602521672,0.2681645867355204,0.0
46534.48828125,0.7507696151733398,8.834898948669434,0.6458360894918518,0.2598541686262087,0.20668832218336539,0.28202261634837256,0.29247604471275723,0.26936404840974676,0.0
46580.78125,0.5983622074127197,4.890548229217529,0.643594886890945,0.2661058090386579,0.2104561480974808,0.28094080276830036,0.29137886985602696,0.2669691667786482,0.0
46878.5546875,0.6095138192176819,4.694823265075684,0.6394197321372709,0.26982238744790293,0.2151150655935462,0.2800510536316511,0.2844955170058972,0.2628233170984288,0.0
48617.046875,0.6615322828292847,5.9610724449157715,0.635890548741573,0.2740136812913254,0.21920557220564899,0.2796735061436949,0.2786971975228309,0.25821568337557843,0.0
49836.55859375,0.5329914689064026,5.096014499664307,0.6309053774118523,0.2712147328716947,0.21820892669744038,0.27895438812086315,0.27824060585979554,0.2588380855946388,0.0
51945.625,0.743914783000946,8.2629976272583,0.6271256927286316,0.27590039090361046,0.2218176729908782,0.27795023450020384,0.2801291379830052,0.26108163196521317,0.0
53116.0546875,0.502357542514801,4.648611068725586,0.6257161396025792,0.2773399569775462,0.2209599920878745,0.27494035518875015,0.27928659335585615,0.25860281619582653,0.0
54889.05078125,0.5337754487991333,4.753575801849365,0.627013025275623,0.27527555968466194,0.22072335103387578,0.27091430099927705,0.2760153451985905,0.25583208317269607,0.0
53680.234375,0.5978571176528931,6.3967204093933105,0.6277116191006228,0.273409698457477,0.22199480240030794,0.2674314703704788,0.27368445395853536,0.2561580735363211,0.0
144025.828125,0.3918392062187195,1.4467427730560303,0.6053230326046249,0.30400977166211873,0.22786822307106652,0.3033202448942436,0.28706030882544553,0.288556149421859,0.0
59467.42578125,0.5042861104011536,3.713339328765869,0.6290022455926444,0.2763033426906,0.2254307656266311,0.2660236449593561,0.2718051142607628,0.255184845475354,0.0
59881.81640625,0.7702385783195496,7.837190628051758,0.628458400718486,0.28045689941185825,0.22673431202656782,0.26686613779261187,0.2725129078069862,0.2548309827787093,0.0
61433.13671875,0.4672153890132904,4.0576653480529785,0.6274258514300945,0.2883050560508885,0.23284899714742058,0.2682340885764827,0.2826913876528622,0.26442879255006835,0.0
56449.9296875,0.8748372793197632,16.191852569580078,0.6265520664149613,0.2757407398128389,0.2225116339346777,0.26992762675639564,0.27790059714717635,0.26079874571420386,0.0
48062.31640625,0.5711764693260193,6.328446388244629,0.6259852157796374,0.2673484899124095,0.21574694653670734,0.27009729905360524,0.27922507060313073,0.2617450844267648,0.0
46246.625,0.7243375182151794,6.726015567779541,0.6271686274984939,0.266530890718752,0.21426497862969127,0.26967667588314453,0.28438618321654513,0.26565337311658316,0.0
45674.2578125,0.7533036470413208,11.495014190673828,0.6279771278984421,0.273689260852007,0.2141820166372499,0.2708352682705204,0.2935198274893315,0.2695449950816775,0.0
45301.0390625,1.42847740650177,16.193586349487305,0.6291121256046602,0.27761600840478806,0.21853363573335088,0.26929090866723704,0.28702143222493026,0.2642956205015989,0.0
44886.0234375,1.265264868736267,13.439732551574707,0.6277436812170119,0.2794037557199997,0.2216344276846826,0.268668951535545,0.2839598131570627,0.262574836194415,0.0
43895.69140625,0.7394363880157471,4.287393093109131,0.6264723580652287,0.27001939742476005,0.21595297181505693,0.2694092724871758,0.27956810539836696,0.2603308961764348,0.0
143079.125,0.3031648099422455,1.328024983406067,0.6052705548447729,0.3046910881145271,0.22858749888760843,0.3032873737307559,0.2882599501766471,0.2902221674134487,0.0
45203.703125,0.6276426315307617,3.1748456954956055,0.6256921602194129,0.26730713468733985,0.21448112658473587,0.2701516824352322,0.2759549432529106,0.25770541018504556,0.0
47767.33203125,0.4095723330974579,1.387215495109558,0.6269165151192336,0.27498199669623163,0.22000067039746324,0.27051396510700165,0.2791108041882778,0.26076756475343843,0.0
47030.3203125,0.6392463445663452,4.7639288902282715,0.6276482502219911,0.2748301733042006,0.22091242538390113,0.2695497772981076,0.2821939017455792,0.2642449125552078,0.0
46102.9375,0.3020184636116028,0.7829744815826416,0.6282196958126154,0.28018625017354903,0.22621157526577299,0.26886406365784843,0.2840356296857366,0.266178839495219,0.0
46692.421875,0.2513674199581146,0.6740285754203796,0.6278009008935816,0.27629726684055733,0.22288606707073677,0.26843535631519067,0.28176514503930034,0.2636159970883213,0.0
47266.6875,0.537041962146759,2.5661461353302,0.6269350150817755,0.2667025059194902,0.21562633929992053,0.2694289889799905,0.27846303588055704,0.2612803413383664,0.0
48347.80078125,0.6433655619621277,11.888072967529297,0.6275967149720212,0.27090063041334145,0.21930229414669813,0.268739370273689,0.2757512756621669,0.2599435272427515,0.0
48571.03125,0.702211320400238,12.290067672729492,0.6275983788486158,0.2822119328478459,0.22752915402326745,0.26841363004415686,0.2760389080657767,0.2604633270556432,0.0
47597.3984375,0.43770256638526917,2.158590793609619,0.6272726375660793,0.2780835868389479,0.22470544273940496,0.267901387657674,0.2832284045680692,0.2656664766588837,0.0
49376.50390625,0.7627170085906982,21.860471725463867,0.6266727127352496,0.2863886535636881,0.2300779252312536,0.268077202746784,0.2787121955003912,0.2625227456683282,0.0
146303.625,0.3826129138469696,2.2631008625030518,0.6051046807051181,0.3040183542811469,0.22619682559089818,0.3030595265045569,0.287491983286839,0.2889620796753412,0.0
50339.39453125,0.5785611271858215,5.2704033851623535,0.6255628495694018,0.28811813503470546,0.23005149374242925,0.2687038307644371,0.2766000671920291,0.2609729844082799,0.0
51309.3203125,0.630964994430542,8.810864448547363,0.6266049969912417,0.29462957807120055,0.23353196576405083,0.26862913754881185,0.27471927992821016,0.25785976249366854,0.0
51610.4375,0.5472004413604736,3.8678083419799805,0.6267950196136147,0.30150695430208513,0.23981700718646057,0.2681555236264325,0.2763636975220808,0.25982555408189256,0.0
51459.87890625,0.6563501358032227,8.166590690612793,0.6252369662198249,0.2980013765370948,0.24205808775417706,0.2674925245233889,0.2728493914066602,0.25902170886588693,0.0
50112.7734375,0.7324485182762146,21.40951919555664,0.6210475839319064,0.27533523236802715,0.23540733338553604,0.2647243029384926,0.2787021125570604,0.2616512118350091,0.0
49761.15234375,0.9842621684074402,17.353111267089844,0.6216589881814516,0.2639643559779897,0.2271029909053966,0.2649387147890254,0.2723952507229693,0.256057285025456,0.0
49252.01953125,1.2270821332931519,32.37034225463867,0.6244426564775313,0.25740938986174555,0.22213156596728625,0.26568362709378074,0.2688567297351341,0.2567617894378222,0.0
45801.1796875,1.2373861074447632,63.14987564086914,0.632489067469672,0.23362920956232724,0.20678961678784946,0.26926801347122264,0.2731900754718509,0.25930139690701853,0.0
51835.140625,0.8907363414764404,19.930952072143555,0.6438102793684944,0.2871787220827055,0.24560746937852362,0.2770364564091849,0.2753598804698486,0.2674842360978698,0.0
52503.828125,0.8035566806793213,13.369185447692871,0.6435562273254405,0.2832377370142867,0.2427147270181858,0.2776800084149798,0.27717061108821534,0.26869261918951903,0.0
145470.296875,0.3038380742073059,1.6048097610473633,0.6049358391444588,0.30313729848854,0.2269534534951292,0.3029179040563077,0.2885441500167765,0.2904898735756781,0.0
47874.3984375,1.511702537536621,66.42066955566406,0.640311146622599,0.24323726441949411,0.2115359642925463,0.2767697101293934,0.26936108591187985,0.2598142424737643,0.0
49970.10546875,1.2512187957763672,37.85076141357422,0.6279191377664046,0.2435460294008378,0.208335290152928,0.2723125549770285,0.2681401358169275,0.25761268707449064,0.0
52170.1328125,1.0141897201538086,20.20278549194336,0.6197264368203651,0.24939625379244268,0.21197483168054018,0.2702038501697246,0.2740280550510583,0.25947086288624005,0.0
49950.31640625,0.8816076517105103,14.915775299072266,0.6179482592610511,0.2520927444985551,0.21638561172372234,0.2678080892210967,0.2766182571891533,0.26243793223825507,0.0
51684.25390625,1.1879832744598389,25.629104614257812,0.6150933133975653,0.24718601953731473,0.21101078424498843,0.26812066237128346,0.28049869464411953,0.26402199419455114,0.0
49012.44140625,1.2254570722579956,24.896425247192383,0.6138274133647497,0.2453161199617262,0.21016109196271865,0.26677721247233255,0.28071503426097033,0.26422383684720196,0.0
47780.29296875,1.3675403594970703,36.735164642333984,0.616499819731086,0.24840029166288374,0.21406751882003078,0.26575832061428784,0.2835943434130665,0.2662749293640047,0.0
46824.203125,1.033912181854248,15.741915702819824,0.6201795273966376,0.24167485659654542,0.21367937228505318,0.2692697248294939,0.2835271616189468,0.2662407935585037,0.0
47036.52734375,1.1746442317962646,25.168819427490234,0.6243449807479664,0.23353366608936083,0.2095883839901445,0.27270894010622787,0.2684557552066688,0.25588217487386655,0.0
46198.28515625,0.9795307517051697,16.79911231994629,0.625224286071106,0.22525194638796048,0.2035510243108735,0.2747009205046913,0.2763418825658209,0.26227319816891276,0.0
144505.1875,0.47034814953804016,2.9295339584350586,0.6063242799677548,0.30122522578541894,0.22743837465016764,0.3033734437156242,0.29020015651782055,0.2933973779297761,0.0
46124.07421875,0.9598979353904724,13.612119674682617,0.6239758051891361,0.21860809082840565,0.19566936903065096,0.27625520120416025,0.27757625326111995,0.2614839859880537,0.0
46474.39453125,1.1026430130004883,18.84550666809082,0.6215891805160736,0.21323293150603417,0.1913907815458436,0.2711839762608925,0.27128750476009356,0.25616571223620743,0.0
46083.4609375,0.8984541893005371,12.217691421508789,0.6138078644119304,0.2346549708227688,0.20800324037946152,0.26411485947805124,0.2686811648189596,0.253529947600999,0.0
47374.6328125,0.8380500078201294,10.73145580291748,0.6071609921629463,0.24962523937788905,0.21895335622495846,0.2604722150593707,0.2781443771207467,0.257991675701805,0.0
49632.51171875,0.8520575761795044,9.975021362304688,0.6041800818717262,0.24973423677845233,0.21913528689459083,0.26068886268350755,0.2835808138717767,0.2621472170187056,0.0
49175.8359375,1.0390719175338745,28.59351921081543,0.6033173326794398,0.24877282831213535,0.21849976501715637,0.25940656166001036,0.28174109803316993,0.26032553702245403,0.0
46779.1015625,0.949984073638916,15.770848274230957,0.6089326164407213,0.2463684222603758,0.21744865933272553,0.25992349570073736,0.27997317263283417,0.2593761334426845,0.0
33532.5234375,8.92827033996582,1290.1439208984375,0.5838647841719125,0.2384839395791579,0.20502164501332365,0.2824847495530186,0.282900379526478,0.26827939665222666,0.0
60246.71875,21.459699630737305,4740.2421875,0.6532527982010508,0.24385041385963813,0.15967938349290323,0.28525324009851566,0.27709814049236103,0.19875705257296195,0.0
37332.94921875,32.198787689208984,13697.46875,0.608335394889867,0.24669714796995657,0.1360335097411276,0.3465790257260006,0.31757876628246207,0.21390543454328056,0.0
144009.8125,0.260343074798584,0.617699384689331,0.6065090338619978,0.30172874080728623,0.22888512982523623,0.3022369220407023,0.29015611563061117,0.29277695096488415,0.0
119954.328125,3.5727405548095703,334.4315185546875,0.5227599548674072,0.2619697742769686,0.19096513545202914,0.3425418870135757,0.3573203571438147,0.2629760328642419,0.0
129534.5,0.677516520023346,4.061628818511963,0.534534267335659,0.2844894611421983,0.19577149380157585,0.3543466100115877,0.35267492993368704,0.24161072208429735,0.0
128473.4609375,0.613869309425354,3.430126905441284,0.534362521868954,0.2802261706782698,0.19172154388974322,0.3539460993598958,0.3513007529074359,0.2346755012956882,0.0
130095.515625,0.6442455649375916,3.0582833290100098,0.5333193228878631,0.27768225769754895,0.1858997411633371,0.3530237578896128,0.35227723272665035,0.2291808038825535,0.0
130195.2578125,0.6879523992538452,3.949284553527832,0.5343674903595976,0.27442004498245565,0.18277805946998993,0.3525629699738719,0.3508607074352801,0.22620972356104757,0.0
129480.0078125,0.8132554292678833,6.828826904296875,0.5339861358523781,0.2793439795084296,0.1858045130663481,0.3533773077868683,0.3527933631791389,0.22764255605099074,0.0
133034.234375,0.7869892716407776,5.94409704208374,0.5345013788099846,0.2834513581173644,0.19101739754492852,0.35319443643563436,0.35130471863660007,0.22878431167279872,0.0
136358.296875,0.8010009527206421,6.570321083068848,0.5365747871800534,0.2877527815322869,0.19374464593709811,0.3524538961233653,0.34949542806885625,0.22865676516701686,0.0
130791.265625,0.7215185165405273,5.143251419067383,0.536593614699769,0.2809396893718875,0.1873169455392893,0.35277213676941804,0.3526452046477664,0.23065525253463123,0.0
130341.765625,0.8120068907737732,6.108319282531738,0.538551438206531,0.28817500344452024,0.18538411257391663,0.3546196304216957,0.35348671271272036,0.21880955903560895,0.0
142973.515625,0.28768670558929443,1.051754117012024,0.6068014232242576,0.30128481638893145,0.22819115687056662,0.30156706187005283,0.2894120597279995,0.2922843551326632,0.0
131931.8125,0.809452474117279,6.748742580413818,0.5360679062731507,0.2922465665773179,0.1907155907936847,0.356465104613468,0.34993866487363984,0.21993071836516276,0.0
135803.109375,0.7372662425041199,5.17363977432251,0.5346004385035387,0.28841355654424444,0.19214828430526115,0.35451587934724327,0.34899205004023715,0.22808344659027607,0.0
137573.46875,0.7535180449485779,5.4113287925720215,0.533034845081698,0.29055769317613,0.19582828576860392,0.35429605996161606,0.3515576140871022,0.23600668434283856,0.0
135694.421875,0.7913857698440552,6.2214484214782715,0.5336231427608704,0.2876220747716612,0.19389611595686285,0.3538597205283563,0.34886561891249196,0.2287400150612877,0.0
132671.453125,0.7463977932929993,5.1516218185424805,0.5338922628064153,0.2816763676452644,0.18692983727929469,0.3534977659320659,0.34923435662276064,0.2263229744203897,0.0
131527.6875,0.6758859753608704,4.3819708824157715,0.5357939040612913,0.2849084800369972,0.18933042385649573,0.35260422944104464,0.34571257792738896,0.22276764660459164,0.0
130536.6171875,0.6722970008850098,4.664738178253174,0.5364125963774219,0.2801689524018362,0.18578028380103176,0.3526658139053843,0.3455620408434049,0.22127623839961572,0.0
130165.3515625,0.5620401501655579,3.088794708251953,0.5348994667931164,0.2799043719460967,0.1878550881306313,0.3523121065084884,0.3465598333317744,0.22426385150998626,0.0
130396.78125,0.7956274747848511,4.395479679107666,0.5374130077634005,0.28042037554104693,0.1849188233805082,0.3522720285463882,0.34224935083216895,0.21506925245594194,0.0
127060.578125,0.6508280634880066,3.8793861865997314,0.5398394051052812,0.28470183451348424,0.18985922222393792,0.3522784735254855,0.3400961386293578,0.214424082637255,0.0
138904.34375,0.2955254018306732,1.2957338094711304,0.60827298798792,0.30229654590199145,0.23063046907928592,0.30087955989848236,0.29121788579166547,0.2961549429546086,0.0
133620.1875,0.8591269850730896,6.029539108276367,0.5403742396746984,0.29466201326716335,0.19653336421804998,0.3514071781488608,0.3437617356712388,0.21783398859769337,0.0
133156.65625,0.7549389600753784,5.758232593536377,0.5388821846178259,0.2940022300905245,0.19915796373719477,0.3513609463752321,0.3483296801917985,0.22527981726329094,0.0
136098.8125,0.686397135257721,3.8169398307800293,0.5387995709207112,0.2929724218596332,0.20283842238499494,0.35177754296477687,0.34780497862745335,0.23049300409430365,0.0
129247.4765625,1.1539945602416992,12.589261054992676,0.5440493405426065,0.2885727794666145,0.19914308036020667,0.35092844403289536,0.34485215424784543,0.2264289486955094,0.0
127742.8515625,1.1396666765213013,18.06380844116211,0.5577799538864034,0.2829748300178985,0.19093138227144552,0.3492118106891902,0.33890145286484347,0.21711936224262549,0.0
129794.4375,1.0785809755325317,23.186603546142578,0.5620231395415551,0.2709056336598603,0.17801858997536216,0.3500110952367754,0.3377737209181556,0.213158740232452,0.0
125373.984375,1.3691534996032715,32.05953598022461,0.5606518138252196,0.2689912116636115,0.16450106807390172,0.3467388669408901,0.3420373513395471,0.23152310846002067,0.0
114870.5390625,1.7922204732894897,50.36681365966797,0.5764753884926338,0.2571704615311056,0.12911007523888926,0.3355152683376183,0.32802901355738234,0.2334436781324616,0.0
106751.2109375,1.900334119796753,47.36952209472656,0.5914342371768961,0.23108340823717288,0.1353514925691313,0.32749140178440156,0.2954994539719335,0.23035712321545157,0.0
106403.828125,2.3415958881378174,65.83785247802734,0.6172910513649881,0.329041400905281,0.1877612645343274,0.31796669967650304,0.3289356118591347,0.2343052954972575,0.0
138737.125,0.35164400935173035,1.5922664403915405,0.609452204533097,0.30171016047218774,0.23148219116582539,0.3006896700423797,0.2923154906030287,0.29720018004068655,0.0
111525.25,2.1103925704956055,78.87454986572266,0.6523502931289438,0.41624774129650594,0.20237626276361956,0.3241586971730231,0.3314740608021569,0.24387899909401242,0.0
110161.109375,1.7137959003448486,33.459659576416016,0.6136106822133323,0.38723093215892884,0.27198667371442975,0.3079773457965776,0.31732915526754474,0.2492288439025341,0.0
110835.1875,2.269988775253296,86.98878479003906,0.5687627183446152,0.36101374060795505,0.17550745043647978,0.2999185856969498,0.3237739315661063,0.2288240224655981,0.0
111529.9765625,1.7582290172576904,46.55905532836914,0.5272863855670167,0.21534185962124514,0.1270134118765271,0.32232827513908807,0.30518163358341593,0.23035260576094205,0.0
115797.2890625,1.6750754117965698,55.40991973876953,0.5156972493177707,0.20856510152065827,0.12645032440811882,0.3426142944795189,0.29447015240342866,0.23000858257852266,0.0
117266.59375,1.5938091278076172,47.482269287109375,0.5175217386237129,0.2411954351390575,0.1254717904153562,0.34904706053777135,0.3299167172852494,0.22582572029267342,0.0
117641.1953125,1.4818544387817383,54.89013671875,0.5172814757795487,0.2520731305299818,0.16111733558078706,0.3434900068899326,0.3487461371091675,0.26156019253146773,0.0
123548.21875,1.4108753204345703,38.06783676147461,0.5309251068205394,0.2512418368563719,0.15858742064029646,0.34367669084790603,0.3465654798323743,0.20722346383691162,0.0
128187.7421875,0.8217615485191345,8.361987113952637,0.5383676577865373,0.26885808888919205,0.17250893610634996,0.3500218613282297,0.34203909923205883,0.196683886053971,0.0
131525.921875,0.6651598811149597,3.9538357257843018,0.5385383886730231,0.2814956040446411,0.17464040206021011,0.35154648997248655,0.3425226309838647,0.19266408715465833,0.0
140577.8125,0.40344634652137756,1.7768478393554688,0.6107697720702134,0.3003636560416606,0.23153461453542545,0.30099661195881283,0.2924010019586069,0.29586668263217875,0.0
140267.828125,0.347372829914093,0.9361373782157898,0.605725247529454,0.30343129143678654,0.23052854940898282,0.30139717785936915,0.28788967402087134,0.29249637643268545,0.0
129014.1484375,0.5489302277565002,2.1257784366607666,0.5397413928786361,0.27815819083463184,0.17165372786023425,0.35189178717597774,0.3434019609968285,0.1926873842166912,0.0
131258.75,0.6306320428848267,3.9158084392547607,0.5397030970935024,0.28337090199084625,0.17724885397502996,0.35246876479274064,0.34665518172529247,0.20063179369677056,0.0
129187.484375,1.040153980255127,23.418832778930664,0.5314637948583101,0.2783050300570873,0.1720784735683815,0.3599250561028244,0.34699310591342236,0.2108136068703664,0.0
123752.2109375,1.7807259559631348,118.0334243774414,0.518337616957006,0.26717121102708863,0.16246313852610675,0.36808140743171636,0.34843367107340023,0.22689593553949935,0.0
120915.375,2.581940174102783,203.91958618164062,0.5158933570791489,0.27578190815005493,0.14214046885298284,0.36270612198787916,0.3546079782767813,0.2074599396798794,0.0
120527.8046875,2.4067180156707764,183.3899383544922,0.5097401927454646,0.278834294813586,0.12288225879358013,0.35938113348121886,0.3580726344804591,0.18496808137966392,0.0
122540.75,2.042419672012329,149.14883422851562,0.5038626032046014,0.26509008471626805,0.1301096412454507,0.35457831430413306,0.34413496889017076,0.19266982083527837,0.0
127955.328125,1.570578932762146,50.94743347167969,0.5148960470055782,0.27110715752055503,0.16702120811010737,0.35751527049142956,0.34240841211763173,0.21669740781851599,0.0
131263.59375,1.188766360282898,41.741825103759766,0.5266135498435526,0.2759143312718403,0.18159440935365645,0.35205272699715556,0.34772929674865183,0.2190585691712444,0.0
133620.03125,0.9578544497489929,8.065607070922852,0.5345436547292315,0.2854303496343958,0.19064392894714158,0.35085818889221915,0.35006297671632447,0.22379625426920033,0.0
140720.421875,0.30295056104660034,1.028044581413269,0.6091394417758782,0.29985130421420086,0.23181687247677854,0.30103463959332094,0.2926756314942975,0.2962587706314866,0.0
133906.515625,0.8062236309051514,6.1783881187438965,0.535142660646392,0.2853609790003403,0.19027774099576497,0.3510870186338339,0.3491969003701767,0.22275154806293881,0.0
131447.078125,0.7273352742195129,4.930384159088135,0.536160093110227,0.28411845982213735,0.18922052063104375,0.35127239514999503,0.34879231450024406,0.22396149925837747,0.0
129153.390625,0.7306226491928101,4.208327770233154,0.5398221278522346,0.2804107630832278,0.17946477796139776,0.3512321076039547,0.34579346040794895,0.20775493227798494,0.0
129787.078125,0.771868109703064,7.57335901260376,0.5406485171524283,0.2812808388507477,0.1793042448534584,0.3511114324696496,0.3480298773436193,0.2093469386822266,0.0
135026.78125,0.6764285564422607,5.459110736846924,0.5417905417850492,0.28427853402389347,0.182865963855119,0.35106746338081896,0.3483432708877632,0.21247296248604616,0.0
134014.75,0.5823110342025757,3.5030429363250732,0.5410211518456837,0.2825087074020482,0.18133424482487623,0.35206695269010413,0.3462373232286423,0.20936766728812556,0.0
127609.1484375,0.7467749714851379,6.649035930633545,0.5406814095861018,0.2762820425489772,0.17808100570079177,0.3522833867792891,0.3480344363930535,0.21108045457918595,0.0
127035.6015625,0.7293122410774231,5.234189987182617,0.543266100249758,0.2798022509256677,0.19264510131404822,0.3515080862290757,0.3476407996620579,0.22811648527045958,0.0
125691.859375,0.5798231363296509,2.9483864307403564,0.5434395738034056,0.2768966542757071,0.19119177598562712,0.3507817321159537,0.3448949210915718,0.22651441836523814,0.0
127130.4375,0.6814911365509033,4.8831892013549805,0.5414749670295529,0.27398500524689595,0.19000502857059495,0.3515103017691089,0.34540367932397154,0.22883538480502022,0.0
141173.1875,0.46551528573036194,2.718172788619995,0.6088854682534104,0.3023112197424063,0.23184866291277478,0.3006688459544648,0.2918598921611242,0.29633573864366075,0.0
128765.578125,0.6281399130821228,3.9849538803100586,0.5402689107564407,0.2721746301578838,0.1855861695262169,0.3514424252666554,0.34798656212040663,0.22803071429340366,0.0
128074.7265625,0.725176215171814,5.181727886199951,0.5394786223128113,0.27157878432646043,0.18393275289098376,0.3518711743201403,0.3459171241309161,0.22248807987960031,0.0
130919.203125,0.7083688378334045,4.571903705596924,0.5406099119138399,0.2757530613394656,0.1849734557996632,0.35075259292101424,0.3458981460304567,0.2194390672967459,0.0
130737.6953125,0.7289035320281982,5.389563083648682,0.5397897808501569,0.28292704966723425,0.18961822726612498,0.35033638728842376,0.34530584039978973,0.22079843749042005,0.0
132585.109375,0.5266991853713989,2.381979465484619,0.5360336925753579,0.2819443582997535,0.19201015890257428,0.35010741739752554,0.35048951268027595,0.23114792943288964,0.0
131810.78125,0.6489883065223694,3.683152198791504,0.5364590672436199,0.28084008093354845,0.19148006592478375,0.3495641638575046,0.3485381804774714,0.23030935044618583,0.0
133424.5625,1.0684080123901367,9.669939041137695,0.5348283320565592,0.2733460432855026,0.19086049023678744,0.3474282228466004,0.34444501552937695,0.23283176680417542,0.0
133911.9375,1.1024266481399536,13.9573392868042,0.4900475451147555,0.2514380460815071,0.17060251131641824,0.3625741007937325,0.3465922365755058,0.25186538505673833,0.0
124829.75,1.5526880025863647,42.23411560058594,0.47879581190585685,0.22933509665771923,0.1546894212190934,0.3271387768942542,0.29596465259933163,0.21829679182074055,0.0
120580.0234375,2.256448984146118,120.56123352050781,0.45173648309165393,0.2377354926079242,0.1382246378410901,0.3666334813703982,0.3145660137972052,0.20179007684152173,0.0
144457.609375,0.41607001423835754,2.864457845687866,0.6086843253210541,0.30516592288290145,0.23334213030539586,0.3004896060587456,0.2908104472529064,0.295501603121369,0.0
119931.03125,4.842554569244385,468.9059143066406,0.44122611411390233,0.2966751585856332,0.20935980281511923,0.3377723183066716,0.28152451582836086,0.23248582051572486,0.0
194550.65625,5.512870788574219,459.14532470703125,0.4897310986413918,0.34073507038345713,0.20490329058478282,0.34978130405739993,0.3185916340600682,0.25598301844870236,0.0
203807.6875,6.585142612457275,742.938232421875,0.436655491124414,0.27701256959453313,0.17088957514233896,0.377752920401908,0.32324673701960166,0.24527947532328376,0.0
215340.71875,7.735353469848633,1152.5762939453125,0.48537037159775287,0.3423447151598548,0.24562350873554203,0.3742307947233367,0.3792504093901122,0.31717531718728886,0.0
185440.15625,6.063956260681152,766.1027221679688,0.5272559767462262,0.3360776951816167,0.23734977571518892,0.3330838391266888,0.35681266077087415,0.32186395587125965,0.0
194610.453125,3.861729145050049,432.0364685058594,0.5634451152320308,0.3563966372117528,0.23346671184187984,0.337381279120496,0.3351878453946024,0.3052436337269176,0.0
188659.1875,3.3919241428375244,315.11077880859375,0.5719431711788294,0.33406634826852327,0.20073280650921452,0.3384704251973816,0.3225107195348732,0.2798674860591214,0.0
130279.5546875,2.0582292079925537,197.7279510498047,0.548494669327419,0.2813419452813193,0.18744087448192984,0.34794912497266833,0.34745496338587406,0.2537110918813254,0.0
136595.09375,0.6460762619972229,3.2001070976257324,0.5447374079873778,0.2814670472864575,0.1969279872547503,0.349891031184132,0.3462942516822822,0.23797830805347353,0.0
138399.96875,0.569989800453186,2.630474805831909,0.5455412510282183,0.27865823350862945,0.18969024161686965,0.34984673664421034,0.3444899220935029,0.22807849375508013,0.0
142476.140625,0.44516876339912415,2.3288683891296387,0.6088749309514672,0.3062628077405675,0.2346101240982334,0.30080735198670755,0.29197937699596405,0.29760247845635046,0.0
136256.5,0.6434926986694336,3.864765167236328,0.5456426568867789,0.2767249090451974,0.18714006851147055,0.34974263204587847,0.3453616784959452,0.22780562402522841,0.0
136294.21875,0.47659584879875183,1.9165657758712769,0.5463238623202402,0.27286743260602936,0.1862103144550665,0.34843969360935106,0.3413806690690156,0.22626965388633474,0.0
139409.359375,0.4083537459373474,1.4503729343414307,0.5447972553030463,0.2789188407253197,0.19220908492255834,0.3487881171932446,0.3416740143581891,0.23218149017460943,0.0
141418.53125,0.4988372325897217,2.396361827850342,0.5434696467330136,0.2836474551266087,0.19248084684851685,0.34987867133996203,0.34419799074969554,0.22942914412559567,0.0
140495.875,0.44735848903656006,2.13385009765625,0.5428640835205638,0.2831247426177612,0.1875723679269299,0.35008887381371656,0.3450377465261628,0.22151344040754647,0.0
140270.984375,0.5211305618286133,2.8775124549865723,0.5429458858860399,0.2769143407820853,0.18320617134893333,0.3498752415274879,0.3442751811723733,0.2194317378300257,0.0
137828.8125,0.5529223084449768,3.0956599712371826,0.5430120916246276,0.27263202018679045,0.18306046018394642,0.3499979933231545,0.3453282368791827,0.22274495766754462,0.0
138188.46875,0.44167470932006836,1.7865976095199585,0.5425316905286887,0.27253813694812445,0.1848679285457386,0.3496466311278845,0.346943756907158,0.22746945252924802,0.0
138839.625,0.4396378695964813,1.874417781829834,0.541134289645909,0.27373757440445995,0.1843059534999775,0.3503388864654909,0.3467581861727189,0.22587544712396693,0.0
138904.21875,0.4332670569419861,1.9880623817443848,0.5408339904709986,0.2737522378282297,0.18043875296091844,0.3499106873773149,0.3440728676442548,0.21713956885864413,0.0
143478.984375,0.32051560282707214,1.2560832500457764,0.6089985785614848,0.3055776761929622,0.23577155104459213,0.30124480772608664,0.2931857147481653,0.29881673102499884,0.0
138654.53125,0.616279661655426,3.1622841358184814,0.5421881307802273,0.2766836371970905,0.18204479269690732,0.35005083165668527,0.3427611586132687,0.2166799101750345,0.0
133701.078125,0.553511381149292,3.022246837615967,0.5428589543318498,0.2741259199182572,0.17942780760558724,0.35023510030803506,0.34395597618314655,0.2161392940245077,0.0
135887.9375,0.4641415774822235,1.7362109422683716,0.541843441568539,0.2744900269179318,0.1783243017263009,0.3505145476238815,0.34595093704696206,0.21078210244120835,0.0
137057.3125,0.5670921206474304,2.711101531982422,0.5405237391253834,0.27583443297273236,0.18263117284394295,0.35050693606880134,0.3486669469269157,0.21841856512981403,0.0
139528.703125,0.5778712034225464,2.7956326007843018,0.5405347212459171,0.2771668414131305,0.18314359636801436,0.3498387511573836,0.3480334839221938,0.21648698802801197,0.0
136794.828125,0.7653790712356567,5.740164756774902,0.5395949078812564,0.27118035330008156,0.18165085601245856,0.3500135796732158,0.3469908242591331,0.2213241141574518,0.0
157850.84375,0.9966942667961121,30.814781188964844,0.5389500505375686,0.3053785512548889,0.20414048672551782,0.3491831422051035,0.34580101566946886,0.2306365935638501,0.0
173243.125,2.1985530853271484,133.64126586914062,0.5315275926712802,0.2956945928508039,0.19040991123233064,0.34848092209923215,0.3486428899140202,0.2281802990785135,0.0
160829.640625,3.369126796722412,247.7404022216797,0.5211525595035631,0.2857139333010639,0.18329161664967028,0.3481388130165318,0.35915189638972267,0.2398232092289127,0.0
127135.3359375,2.086895704269409,134.60488891601562,0.5271476069115608,0.25716028587056955,0.16728733835388487,0.3471672278361543,0.34931788315097817,0.2294232040592731,0.0
143903.90625,0.321365088224411,1.080246925354004,0.6087366114796222,0.3060977440571959,0.23633852414287168,0.30095469493188015,0.2923515924007356,0.2976521607584749,0.0
133056.5,1.4231280088424683,39.88103103637695,0.5405574120331733,0.24991757131752368,0.15733957389978692,0.3510647973451005,0.3235805127889744,0.19410844456602283,0.0
122991.578125,1.3036370277404785,50.35263442993164,0.5462289117916209,0.2746713474226847,0.17506379802152952,0.33896131549329983,0.3329071054173398,0.20804024220276582,0.0
97885.9453125,1.5757745504379272,76.4221420288086,0.571413610416326,0.2833518653837566,0.17880054096212364,0.3294924246658746,0.33884796145088925,0.22328528942753553,0.0
104325.9609375,2.631040334701538,154.28587341308594,0.5814778083755521,0.28465775086651424,0.18346918281743338,0.3467035614512929,0.344594241835746,0.23536557016531168,0.0
68764.0,2.769490957260132,167.47544860839844,0.5813631578692372,0.27203646798581005,0.17610628646210058,0.3406085372630788,0.33526746555156456,0.23486395737203947,0.0
55602.19140625,4.439093112945557,403.37750244140625,0.5663858927825299,0.2541306573430925,0.15731460002423198,0.34768696311289876,0.3291240775017589,0.21882174223446663,0.0
92854.921875,3.920865297317505,353.74737548828125,0.525272956537449,0.2764191952294374,0.17806786562640906,0.3932470828907298,0.35123346025043617,0.24513036923466153,0.0
132549.265625,2.627645492553711,199.29612731933594,0.4799650826533263,0.2827482779899272,0.18839047465547076,0.39337552432592937,0.35687420856128255,0.25852131018962543,0.0
131416.3125,2.1926395893096924,164.2586212158203,0.5004889245829873,0.27431223959518836,0.17340042467173833,0.3773983994802524,0.35559917183654793,0.2599556244925838,0.0
134764.109375,0.8763723373413086,9.615221977233887,0.5203516735846947,0.28098667471610395,0.1829059712959936,0.36607947666334667,0.3508449518365531,0.2647361971130897,0.0
138738.765625,0.28215309977531433,1.3407751321792603,0.6095239831085727,0.30198312556830775,0.23461091157847302,0.3006603122484829,0.2931945238390562,0.29923262709234943,0.0
139331.53125,0.9039607644081116,33.752498626708984,0.5290005343993585,0.2703371321076335,0.1840784646513789,0.35683857411312053,0.3437764681267382,0.2430732025732363,0.0
138460.890625,0.5796749591827393,2.781755208969116,0.5376416077179559,0.26906447644201414,0.18823683577934383,0.3497672483173551,0.3431450859856514,0.22942247919156664,0.0
140353.625,0.6215800642967224,3.776557207107544,0.5378991443165257,0.2721474039507082,0.1889251454990067,0.34986579457030287,0.3423723198288835,0.22615002537409326,0.0
141857.78125,0.5207033157348633,3.003479480743408,0.5381330451238593,0.2707343526081581,0.1897428648232682,0.34916799914893915,0.3427161122331396,0.22973971708637203,0.0
139060.515625,0.7255445718765259,4.702596187591553,0.5389042770997294,0.27553744046796796,0.19372287741957414,0.34896309901588557,0.34715325811155606,0.23589629418619423,0.0
130503.4296875,3.781205415725708,226.54513549804688,0.5300992057799633,0.2741652702148272,0.1624493722749946,0.35366367527478887,0.3498528275452266,0.1923478295000725,0.0
31749.759765625,21.398880004882812,5389.40966796875,0.4526473576357436,0.2909794783587916,0.15992730240051814,0.31479515587654167,0.3496546823806551,0.1869312728167798,0.0
53944.01171875,24.443832397460938,5986.5439453125,0.5496237794652417,0.2539439748538093,0.16115473799827645,0.3580994387330603,0.3054442028827468,0.1351339049026068,0.0
20778.58203125,26.83477783203125,6153.3115234375,0.5921115895094691,0.25722206216547305,0.21289093417728622,0.36722254801473614,0.2916466085875315,0.28946568910157,0.0
45568.29296875,20.349184036254883,3754.831787109375,0.4696291872737757,0.1676458860051383,0.13730879199593113,0.38210396291007365,0.24198390684522944,0.24384676443886333,0.0
135366.359375,0.35347050428390503,2.9418601989746094,0.609183791965776,0.2990436214514318,0.23521166735272775,0.30089688850822577,0.29481084941027874,0.30124782301918684,0.0
25333.318359375,16.17591667175293,2216.77001953125,0.5391636935791957,0.21663225658490615,0.18275077181327343,0.38412680755828643,0.28402429120618944,0.263859223537843,0.0
30026.232421875,1.6820058822631836,23.044029235839844,0.5866967618855606,0.30663835762984726,0.20326875409029427,0.3121708067115602,0.3300717654365428,0.2713348257240806,0.0
29817.37890625,1.4523541927337646,20.273771286010742,0.5858573527334836,0.2849097628782975,0.1905476476037034,0.31417652171782284,0.32442406273250124,0.25975660171804626,0.0
30293.775390625,1.0145244598388672,10.074630737304688,0.586091110999229,0.27337874821993896,0.18152485619889072,0.31491740116396166,0.32052447382249494,0.25127907197679455,0.0
33784.296875,1.0282764434814453,10.332917213439941,0.588535421887466,0.2856041382091095,0.19197133330467722,0.3125406056697152,0.32808398473555817,0.26277260916158435,0.0
21564.6484375,16.769689559936523,3242.5556640625,0.5966478340625275,0.21220599804154294,0.11000835776093475,0.34412103136542455,0.3241935964713041,0.17618848905916215,0.0
69549.8515625,13.463022232055664,1397.409423828125,0.4756213910639504,0.3590685522163657,0.2811991544786666,0.40375634186698073,0.39530446996827573,0.36865818945586976,0.0
19562.19921875,17.450735092163086,3527.006591796875,0.5609073611961845,0.38465761992722347,0.1602181628954118,0.3798383023863109,0.3758601288322637,0.2516735390111055,0.0
24561.361328125,19.29102897644043,2949.071533203125,0.5305437667426892,0.33896218447837373,0.3018047070906222,0.39571976804498876,0.40272472114250785,0.3975751671769737,0.0
101628.8125,16.103343963623047,4214.806640625,0.5153690294032935,0.4090768005872749,0.2831202585200776,0.40384123592586935,0.352980938116096,0.37672974707037576,0.0
135128.390625,0.46766939759254456,3.0740067958831787,0.6098929516179497,0.29786340404978706,0.2355698983422661,0.3014930626586742,0.2973293537451402,0.3037550992193965,0.0
265850.4375,1.4650439023971558,24.695297241210938,0.5116274369840865,0.4535451318341439,0.2991159799789918,0.390830106978367,0.34577218471123894,0.3419837023513094,0.0
280294.34375,0.694685161113739,4.239977836608887,0.5091974207526911,0.4475582669526539,0.2884687645675521,0.39269059162120223,0.34646597515637595,0.3310766222599625,0.0
111257.1484375,11.9891357421875,3463.015380859375,0.4967387117071879,0.3709405770607924,0.2666490418662364,0.4051946520556342,0.29452360814549194,0.3069552879669292,0.0
33244.53515625,15.352197647094727,2866.5634765625,0.577764242522904,0.3013169918101229,0.21546544202272025,0.38990652964658645,0.2747498390897537,0.2513162772540967,0.0
7587.3046875,13.977409362792969,1869.5086669921875,0.7255930193822123,0.33312146439233215,0.2838626728422796,0.297414582816224,0.3230899602861041,0.2877873123555591,0.0
55334.33203125,4.049281120300293,361.86962890625,0.5853082356122832,0.32138164823280346,0.23088895408668664,0.39257862444792935,0.2982250021096288,0.30440838508870105,0.0
60415.21484375,0.5075129270553589,2.816295623779297,0.5964577634262187,0.30887227542793155,0.21220847160375333,0.3936845555360842,0.2991106321872897,0.28776897673976415,0.0
62430.234375,0.48794010281562805,1.6535981893539429,0.5965567721511602,0.30775935001041194,0.20638481230468642,0.3986313752724204,0.298449434626993,0.2792031049262841,0.0
65061.76171875,0.44300979375839233,2.3334765434265137,0.5966417931088962,0.29772968553451545,0.21548467947373479,0.41140290177941635,0.3079821646062218,0.29275207425490835,0.0
66937.4453125,0.4569993019104004,2.8930470943450928,0.5975963912610065,0.2915165434649078,0.22432894863161795,0.4193524676039282,0.3153933454597811,0.30384607878596487,0.0
135359.578125,0.3114440143108368,0.9193212389945984,0.609601000733597,0.2972697020957467,0.2354375217272027,0.3014452185537218,0.29727843246663666,0.3026771971606819,0.0
139028.359375,0.2835371494293213,0.6149824261665344,0.6058409292015113,0.3044833016189648,0.23099369548977547,0.3011573878736189,0.28733667397890483,0.29312615878911946,0.0
64153.98046875,0.3565117418766022,1.7708896398544312,0.597802216153362,0.27757136340781013,0.22316746946358246,0.42281448219650136,0.3178924716784037,0.30843907243495333,0.0
64589.9140625,0.29454541206359863,0.9477357268333435,0.5999889616548757,0.2746524512954656,0.2322222308775932,0.4233542837786248,0.32484985646632525,0.3230203674087337,0.0
64726.4296875,0.35040712356567383,1.601629614830017,0.6012881088404646,0.27770832997441,0.23351157276957155,0.4176081729522688,0.3212374213810838,0.32396575402005623,0.0
61429.5703125,0.35469767451286316,1.2845895290374756,0.6013537815837098,0.27824806871049956,0.2226637817326365,0.4112004371170268,0.3049731465550557,0.30510691768970377,0.0
60938.01171875,0.292235791683197,1.1791256666183472,0.6049504898149743,0.28286082979748184,0.22231748729304449,0.40644139057199113,0.3062964776344278,0.3056976130257982,0.0
60492.08203125,0.2093031257390976,0.4163496196269989,0.6070038733229602,0.2820482699483672,0.2232831266911334,0.4031965233023155,0.30732478272800057,0.30802024037176196,0.0
61824.609375,0.5039260983467102,3.0908451080322266,0.6084275743781072,0.28239012118389983,0.21862348571685386,0.40539537189927133,0.311252746819079,0.30265232767277056,0.0
63691.19140625,0.32806482911109924,1.4143853187561035,0.6092510235317385,0.28323976485888047,0.21719166811634474,0.40878554733989303,0.3109992697798828,0.29927353454687844,0.0
65099.75390625,0.27762940526008606,0.9186805486679077,0.6108995007814695,0.28208155221872355,0.2124840112895962,0.4123787159623976,0.31324454638413385,0.2942416380160892,0.0
64154.75,0.33512336015701294,1.3405548334121704,0.609660171594553,0.2718007017451681,0.20442810739655964,0.4191993418239047,0.31162078563178625,0.28745454729026293,0.0
135871.609375,0.35152482986450195,1.3341609239578247,0.6082455048407625,0.3012846162174127,0.2368244680978524,0.3011202430099377,0.29403705636184563,0.30043092720213804,0.0
65171.80078125,0.8694682717323303,16.12938117980957,0.6066466970308789,0.2726590547767769,0.20870336696966543,0.4190973825931244,0.3121579692362459,0.29600797323113676,0.0
15556.9658203125,9.576203346252441,1376.091552734375,0.6585408178795104,0.19835009267961862,0.10501611027323335,0.34950156264015464,0.20979383588571526,0.10789440843489108,0.0
14729.3623046875,0.6842160820960999,4.601476669311523,0.7371822011842847,0.2251499887544644,0.13188934353449966,0.32417592977911447,0.24424012823320115,0.1655957038415808,0.0
15097.767578125,0.3577112555503845,1.0104985237121582,0.7379538796979388,0.2582981752854333,0.16274892929233983,0.3271023780806634,0.26318190118723905,0.18316280206323468,0.0
14663.810546875,0.3073452413082123,0.9152790904045105,0.7414530847025088,0.28009875006668394,0.17851806094488584,0.3281259497080011,0.2787186237648671,0.1888071902205794,0.0
14162.4140625,0.3441742956638336,1.0237945318222046,0.7451217838678985,0.27526090641110484,0.17700823022695578,0.32854001475097033,0.28186366871913693,0.19103323120515206,0.0
14374.63671875,0.3393609821796417,1.267824649810791,0.7518413451316097,0.26720304948071877,0.1766828844380769,0.328496860074354,0.27973884279519495,0.20204227972344316,0.0
14287.9638671875,0.3651721477508545,1.218567132949829,0.7615594026939132,0.2635211885994065,0.18984074834462336,0.3291460490313609,0.2750082329054792,0.21013750258409325,0.0
14641.84375,0.3796311616897583,1.104832649230957,0.7753521717151913,0.25402234167592525,0.1855440803534626,0.3286982908516689,0.2658509286683058,0.21974890321948895,0.0
15233.23828125,0.31043073534965515,0.9148028492927551,0.7861746857999954,0.25891196259738036,0.18456806798029218,0.32794572504728053,0.26898115305713294,0.23026413670417434,0.0
135099.171875,0.2555314600467682,0.8414939641952515,0.6074927939203221,0.30400455422216377,0.23749831890171896,0.3009437075499169,0.29276111111236575,0.29987026685756624,0.0
15861.6474609375,0.49533891677856445,3.08908748626709,0.7990307562934129,0.24094136881669992,0.1702244774360664,0.3286292907382463,0.26177503256387674,0.23238768312769228,0.0
16726.4140625,0.402872234582901,1.713004469871521,0.8113754374992005,0.22897576186571417,0.16194878557606773,0.3305130794402661,0.2670698384234503,0.24515100193096423,0.0
18706.396484375,0.46840569376945496,2.020914077758789,0.810245747836646,0.23305360504880582,0.16688132044704077,0.32978583982480586,0.2685211131595574,0.24751661177875517,0.0
19737.76171875,0.3960229158401489,1.444508671760559,0.8069602403612263,0.23243185698924423,0.16818983987806244,0.3281175914416337,0.26157194250907717,0.2490170198396977,0.0
20318.1640625,0.4648093581199646,2.078287124633789,0.803572319581496,0.23746550729546057,0.16687769300184274,0.32481394949744746,0.2597837592869645,0.2445814337410972,0.0
20191.998046875,0.397040456533432,1.8148794174194336,0.8013064148590798,0.25183045551624555,0.16901299374693352,0.32145523469852855,0.26559864781921577,0.2372412767703779,0.0
21313.3984375,0.5340873599052429,3.2876875400543213,0.8035015914629032,0.26352540549875786,0.1759727887106015,0.3197079993479482,0.2788714541454217,0.2462357961030464,0.0
22551.994140625,0.49394357204437256,2.0901262760162354,0.8041379354025275,0.24919092415082053,0.1665563955513911,0.31632785402642405,0.2883593686098467,0.2479792018033541,0.0
22368.1328125,0.4515335261821747,2.2630069255828857,0.7944726513110651,0.23553691268612426,0.15880200718477608,0.31399638647456996,0.29329983912313795,0.24779536430227353,0.0
20930.3359375,0.5873497724533081,3.1378345489501953,0.7858793177324328,0.23655956819978582,0.16079648269323837,0.3149613328683491,0.2835611347324106,0.24564368861394778,0.0
134932.296875,0.269713819026947,0.7343460321426392,0.6067034370347533,0.30332375413365786,0.23665563641304294,0.3010440614179372,0.2925779378625332,0.30064908713046434,0.0
20888.759765625,0.5278993844985962,2.341036558151245,0.7816024958732383,0.25414080952669177,0.170533217369012,0.3151351176587953,0.2812666931795014,0.24145737625492197,0.0
21566.3125,0.528485894203186,2.3401899337768555,0.78011460662768,0.26470974779900736,0.1795900829865722,0.3141593778588436,0.2745257615970593,0.24007408460410173,0.0
23652.755859375,0.4648558497428894,1.8401689529418945,0.7694877153774197,0.2714036769144934,0.18220151959515332,0.31337487775190814,0.26702423103890277,0.24183330768034264,0.0
24432.07421875,0.5115243196487427,2.119065046310425,0.755006312369696,0.27500467468150275,0.18657558089484474,0.31241552306112985,0.2561800052275078,0.23159839963131873,0.0
26055.80859375,0.4681433439254761,1.8174071311950684,0.7435462868674164,0.28253815154030504,0.18749648655856468,0.3087920657319926,0.24419236558881827,0.2215377344368952,0.0
23959.033203125,9.533317565917969,1310.6524658203125,0.8390348024500102,0.33418998819932194,0.28166711714410825,0.3192423421820205,0.3042375307430129,0.29730551424516843,0.0
59527.97265625,24.31224250793457,7863.70556640625,0.7235342068163627,0.29444426161884574,0.23371015488674765,0.27431484624567565,0.304357561700645,0.26488420902465887,0.0
422192.5,27.198040008544922,8378.56640625,0.5562357452937641,0.2843289638233868,0.2536243952327045,0.35110517884238696,0.3042477277997912,0.2893416135653274,0.0
197219.390625,20.868083953857422,6080.7822265625,0.5563933097009716,0.2552730372273413,0.1856479084674604,0.3707656880343804,0.3203887967483374,0.21503460173011615,0.0
230894.59375,9.209431648254395,1248.8819580078125,0.5152614186780903,0.30057550718256726,0.23179011183272716,0.3579089365730287,0.309066445796311,0.21072238977712984,0.0
135407.859375,0.3348078727722168,1.2772440910339355,0.6078937316464004,0.3044156294669641,0.23887925853957373,0.30236009104986317,0.294838638222397,0.3028307728453102,0.0
219093.265625,1.1089649200439453,16.388591766357422,0.5061664992633529,0.2997982650986214,0.2473067904400277,0.35457593280755045,0.31645302570935113,0.24199080365956332,0.0
212608.9375,0.9436231255531311,9.582636833190918,0.5013577540105429,0.2879847236500996,0.2292950919551014,0.35360552323284056,0.3074928830903318,0.2261067590801888,0.0
206339.0625,0.7262535691261292,5.2059807777404785,0.49848607418574004,0.287585372969566,0.23096640788081776,0.352827090618639,0.30413529672864703,0.2240216708513293,0.0
201513.546875,0.8120657801628113,6.846523284912109,0.49591482905348416,0.2829335271935348,0.22743882697281662,0.35238098769749787,0.3044427026321479,0.22259588309557715,0.0
199550.046875,0.7063305377960205,4.2280755043029785,0.4936621119155807,0.2857615276034349,0.2257338729260661,0.3514729737037966,0.3044540876026025,0.22217636938637012,0.0
192719.25,0.5662778615951538,2.3944385051727295,0.49034358605284056,0.285147256881954,0.23137078845372955,0.3502479357489826,0.3039489543937567,0.2311308371302007,0.0
188725.9375,0.913874626159668,11.321467399597168,0.48768843217112434,0.28039529049515755,0.22116804841438265,0.3494828285416064,0.30427832355604784,0.22344002332195548,0.0
181565.3125,1.0139840841293335,15.396174430847168,0.48459061087032845,0.2749035942424249,0.21412204093872428,0.34826833146239405,0.30466204219974674,0.22325295815645277,0.0
177407.703125,0.5157961249351501,2.427155017852783,0.4816070895751488,0.27641472649748183,0.2205449381345982,0.34663540371644835,0.3051601713755552,0.2341309390071784,0.0
175532.296875,0.2743777334690094,0.855863630771637,0.4811439835114662,0.275870346458865,0.2203576752233651,0.34583061758450645,0.30436432843461947,0.23544090925336564,0.0
137187.84375,0.3005387485027313,1.414567232131958,0.6074334488585281,0.3044328215043475,0.23798941686904443,0.3019788954419553,0.29337299854983223,0.3002087976489675,0.0
171843.390625,0.25490081310272217,0.9721399545669556,0.4797364739038208,0.2734609545185261,0.2158078606844901,0.34418076914259,0.30402368279106684,0.2342177048697383,0.0
168807.84375,0.3226461112499237,1.2431817054748535,0.48028201825247213,0.271979207966898,0.21232439172345438,0.3448346200174899,0.3043698654335547,0.2309798658226866,0.0
166718.765625,0.2739097476005554,1.0491198301315308,0.479868432915167,0.27150758028605537,0.21423292081575485,0.3442366892135127,0.30346297842626274,0.23409479091311397,0.0
139629.96875,7.907031059265137,925.3063354492188,0.5933828019549957,0.32380989702637436,0.23806644803129365,0.3103600526495509,0.2836045489911362,0.28500404370434546,0.0
139872.703125,9.361159324645996,821.8019409179688,0.6003184217414296,0.3229168221179296,0.2339421171951537,0.33312185014524787,0.2480249079210364,0.2280026104430979,0.0
135945.09375,7.915383338928223,788.287841796875,0.613070701205275,0.330638441830182,0.24568319396382532,0.317489633310161,0.25562703659737634,0.18905835844517327,0.0
120140.1015625,3.072211980819702,140.44149780273438,0.6275850859507986,0.32116569364806535,0.22154752684750037,0.28883952187173995,0.25070790256133085,0.1682053806046292,0.0
115883.203125,0.466536283493042,2.1132354736328125,0.629693472541102,0.3258563460529812,0.22421510142514106,0.2868347062814547,0.25134744722208474,0.17021311968992364,0.0
138212.625,0.36418434977531433,1.0322141647338867,0.6066540443603121,0.30563908480906093,0.234112594110639,0.3014241068402204,0.28882595393189225,0.2955383999414382,0.0
116395.78125,0.45804253220558167,2.7967441082000732,0.6285973015327825,0.3240811802152432,0.22236623019013163,0.28724294036807213,0.25086418948159517,0.1679492425487635,0.0
117259.296875,0.3702867329120636,1.407472014427185,0.6277462041075209,0.328906953236165,0.2276469314622359,0.287825218531796,0.2516610435452838,0.17241794855009118,0.0
120270.5703125,0.4251837730407715,2.4542202949523926,0.6273226614997903,0.3364806267552769,0.23454355426474405,0.2889236843727693,0.25378854333260437,0.17770548141848083,0.0
119954.1640625,0.3536604046821594,1.632757306098938,0.6271134192284694,0.33489123559751466,0.23285410700601888,0.2903792382619102,0.2519551638525617,0.17618817708886977,0.0
118729.34375,0.45678186416625977,3.2462832927703857,0.6261946787339537,0.33503392505552215,0.23155931430888851,0.2901698969436039,0.24895343417344049,0.17165617818852186,0.0
118039.8828125,0.3862573802471161,3.3503096103668213,0.6254865445213018,0.3327282683520302,0.22909002741774404,0.2905074621357808,0.25189856016203716,0.1713447594762646,0.0
117757.1484375,0.43450456857681274,2.9282264709472656,0.6251288580280228,0.33226696135812867,0.22739242747684782,0.290272942685716,0.2501532027766271,0.1698863084305689,0.0
117540.1953125,0.46612951159477234,2.287843704223633,0.6258271011900256,0.3320380850363905,0.22793159081376735,0.2903923012598361,0.24925232577682618,0.17040619682192965,0.0
118883.4296875,0.5217830538749695,2.976851463317871,0.6261689317152795,0.334086317689029,0.23139929940509052,0.2910071991657796,0.25326142554004993,0.17527950670839149,0.0
117414.0,0.4083917438983917,2.195239782333374,0.6251675241400774,0.3289376802490018,0.2251766596995854,0.29067361645463424,0.25556149455640237,0.17494653684173397,0.0
139459.5,0.2890572249889374,0.7055860757827759,0.6075642187566408,0.30787462602402965,0.23655160438986478,0.3020466771391403,0.29067985504228927,0.2965834399835266,0.0
119060.8203125,0.5218514800071716,4.089665412902832,0.6237822528603351,0.330356576682847,0.22648576745894722,0.2900389657803964,0.25090985096876484,0.17138282538107721,0.0
119771.9765625,0.5423610210418701,4.180282115936279,0.6229515865074621,0.3315701925437846,0.2276748023033004,0.29015206179497033,0.24708982950748665,0.16728738112752564,0.0
120532.015625,0.47724512219429016,2.508180618286133,0.6237094522926228,0.33166239608331494,0.2284084567310194,0.29093249952207667,0.24360474696006015,0.16383391868882102,0.0
120056.3359375,0.4133005440235138,3.3277297019958496,0.6242106819055946,0.3345880724761999,0.2308441444098523,0.29094435471909813,0.24436112423804554,0.16652214274904378,0.0
120475.28125,0.3883982002735138,2.3400115966796875,0.624220021077982,0.3360324040850863,0.2323086972400593,0.2907447175824248,0.24484694999916423,0.16683916192911363,0.0
119957.171875,0.3999902606010437,2.7178330421447754,0.6247574541986338,0.3365432227472102,0.23131203052589586,0.28975186859298935,0.24472023299764517,0.16832021751090478,0.0
119952.171875,0.3662060797214508,2.8361659049987793,0.6268045238184546,0.3380373964933395,0.2319233413766931,0.2884186881410278,0.24584061296990067,0.16917975152810538,0.0
120311.875,0.4925343692302704,2.67693829536438,0.6295644042879797,0.33968785036194654,0.23505700295463727,0.2878171689091034,0.24780505350069285,0.16965984411539115,0.0
123914.7578125,0.513153612613678,6.668919086456299,0.6295317819585678,0.34639004949926966,0.24115286189801527,0.2873639314110811,0.2483523446127663,0.1717353550070986,0.0
124836.4453125,0.588775098323822,6.975069046020508,0.6286918593254902,0.35140964088941246,0.24611533546957295,0.2863949519985733,0.2526934905336952,0.18291003309015658,0.0
138385.25,0.34500575065612793,1.3074127435684204,0.6068566347450909,0.30746890760862433,0.2364621550465402,0.3014863298051721,0.2894192754392869,0.2956361032153151,0.0
123216.7109375,0.530450701713562,5.307907581329346,0.6286207102586935,0.3487489309026284,0.24335579011029854,0.2855980394725059,0.253301221230833,0.18286746596783177,0.0
123040.953125,0.5740561485290527,7.954028129577637,0.6291515130760458,0.34846210178873005,0.24416656723531144,0.2851723742411368,0.25498951656111296,0.18660904860354618,0.0
127216.6796875,0.6098996996879578,8.959413528442383,0.6292268851390734,0.3587598580636645,0.2547056567250959,0.2873717155480438,0.2632655201761751,0.19945505917619952,0.0
125730.421875,0.5672767758369446,6.611647605895996,0.6288182120400221,0.35147418810499864,0.24834505161423553,0.28684921911047384,0.2547853547798042,0.1846864829836351,0.0
123546.9609375,0.6727567315101624,10.492565155029297,0.62850030624577,0.34549394475406103,0.24147174707288913,0.2864810362260863,0.25001387233623634,0.1769694224026827,0.0
120119.703125,0.6579391956329346,10.8362455368042,0.6282409250580939,0.33600007309488383,0.23262802004868824,0.28633730140632474,0.24887910155924103,0.17166456560917334,0.0
119847.25,0.545712411403656,4.12550687789917,0.6282589898912311,0.33427092804530417,0.2308352607403951,0.2863217266276142,0.25109761801913016,0.17326093226403017,0.0
121192.5546875,0.4923527240753174,4.6337456703186035,0.6290426447989957,0.33748281587555673,0.23511319851566048,0.2870637093078429,0.2487495309389465,0.17271826079928068,0.0
119307.2890625,0.5600870251655579,5.878167152404785,0.6287569354938521,0.33220038891113063,0.23013637929035516,0.28674690891151605,0.25101585646408486,0.17138588415787329,0.0
118308.296875,0.5096502900123596,4.368471145629883,0.6281056760452405,0.33253805953760085,0.22866293222711193,0.2865494458986512,0.25546701143076445,0.17514366860414737,0.0
137055.890625,0.2759722173213959,0.6890655159950256,0.6064155724577684,0.30927485143458666,0.23753035948087364,0.3013381709019926,0.28864170920197585,0.2961766423817078,0.0
118982.203125,0.5034459829330444,5.486926555633545,0.6276890637200938,0.3345906843668211,0.23026810265458736,0.2863074635447408,0.25196534543636084,0.17200975068178553,0.0
117569.4375,0.4607682228088379,3.5787901878356934,0.6277363022412364,0.33316216494995676,0.22929718625140144,0.2865555730531007,0.25144102356303993,0.17083133279978183,0.0
118330.625,0.31532010436058044,1.385404348373413,0.6285364067843964,0.33323169361627386,0.23114543921865366,0.28694357229218775,0.2517559261661019,0.17146483561072068,0.0
116953.6015625,0.6527131199836731,6.965760707855225,0.6288607207609498,0.33292435399820763,0.22925205347407326,0.2872368676446859,0.25248894220730345,0.17222394413310568,0.0
118079.203125,0.4653412997722626,4.939084529876709,0.6285782321818557,0.33652824024485395,0.2321153914958078,0.288459763143666,0.2518240147835146,0.17187572921694833,0.0
117148.9609375,0.3632914125919342,1.924165964126587,0.6281388452453782,0.3357367478033428,0.22936965764390213,0.2892287117889296,0.25299960952147993,0.17252978908398067,0.0
117769.8671875,0.4073445498943329,2.43505597114563,0.6283722035543047,0.33596421453367054,0.23123748800460264,0.28983099517014704,0.25355895769829706,0.17398622858432133,0.0
118432.09375,0.44085970520973206,4.284455299377441,0.628132251977746,0.33643698272606554,0.2341221640680739,0.28983674329610787,0.2535436022300601,0.17405650330156577,0.0
117482.0234375,0.346511572599411,2.363426923751831,0.6280498592155324,0.33200719722659766,0.2288229780268181,0.2893234788672226,0.25109527695260214,0.1693600669131466,0.0
117248.5703125,0.33427128195762634,2.2854511737823486,0.6278880259959246,0.33036213305855716,0.22669833266228062,0.289294830429743,0.2488651366568903,0.1680637217297709,0.0
137559.21875,0.29923802614212036,0.8464958071708679,0.6065945923671562,0.31040434049627724,0.23977406340859986,0.30121422189610736,0.28942108633758795,0.29698958736535996,0.0
117003.96875,0.2926144301891327,1.1607502698898315,0.6279141887616256,0.33112182985549643,0.2275687968091332,0.2888985296999852,0.2501063129445599,0.1699722869278904,0.0
117890.2265625,0.462242990732193,2.374154567718506,0.6284145376505244,0.33333086259360273,0.22986833076850507,0.2893385234286293,0.2517934510772358,0.17180333716652446,0.0
118161.4140625,0.7233691215515137,9.148847579956055,0.6291788910933291,0.33702583877871506,0.23355325950288425,0.2883915718990922,0.2481473985683797,0.16994961993617336,0.0
118999.46875,0.35689133405685425,1.8928114175796509,0.6296418869673294,0.3391383567444152,0.23401153811795597,0.2875679057995585,0.2474849645942115,0.16852577944748823,0.0
118316.671875,0.3076702058315277,1.0927784442901611,0.6295686125299859,0.3361518906753716,0.23077938992711103,0.2876305632727284,0.24833091436504223,0.16751481314315725,0.0
118561.703125,0.2990860342979431,1.2375164031982422,0.6296472872596942,0.33419594630461597,0.2300812149049609,0.28750903208565526,0.2466578856998842,0.16554105056133395,0.0
117040.8984375,0.4361805021762848,2.8561244010925293,0.6303771332959094,0.3318155711502612,0.22819016924165914,0.28760926661186353,0.2479515572679943,0.16683166713218073,0.0
115335.6328125,0.2993451654911041,1.1762751340866089,0.6301241943349425,0.3282979480641452,0.22524951982544106,0.28734176178474213,0.24851641254169177,0.16519287492954096,0.0
114583.84375,0.2938412129878998,0.9059857726097107,0.6298022833534894,0.3251003060746828,0.22105086753830847,0.2874588773409632,0.2471972772940574,0.16357054551822353,0.0
114493.375,0.34352999925613403,2.203141450881958,0.6299744338839068,0.3268007218941323,0.22291499678992321,0.287435624478976,0.24585646917783674,0.1649039045275976,0.0
138030.265625,0.24791280925273895,0.5994687676429749,0.6071704684553121,0.30955823643626923,0.23791075253550195,0.30135868833721646,0.28940935070595825,0.2962211643712678,0.0
,0.3595477044582367,6.893033504486084,0.43994074892481494,0.23975122403296892,0.2223700749077651,0.4178347437644788,0.35243118929844003,0.3369807221703959,0.0
161311.703125,0.40276238322257996,7.3979926109313965,0.4526176864521317,0.23842537674140632,0.23337959262142585,0.42774304481645403,0.3521557307590966,0.3471172558512838,0.0
158273.03125,0.5351969599723816,8.607503890991211,0.45431258899744253,0.2402244033582583,0.23522696630327455,0.42653844339412383,0.3527025424588663,0.34768112364366993,0.0
154798.203125,0.7394894361495972,21.15224266052246,0.45694767269933095,0.2422095985258389,0.23697515065475366,0.4232643603913021,0.3550252501959062,0.3502842567507875,0.0
152171.5625,0.7488142848014832,18.22467803955078,0.459061155089705,0.24636590520895787,0.24096767531849708,0.42084961300092744,0.35813091061299246,0.35384821849458326,0.0
150440.46875,0.6142123341560364,13.973444938659668,0.4582711124517489,0.2500681909329872,0.24454349034389977,0.42236380147438907,0.3587287991905182,0.3544990102711713,0.0
149602.125,0.2704784870147705,2.654548168182373,0.4579345078145327,0.2503923712216525,0.24242524299449583,0.42289892950336355,0.3558979728079707,0.3497637502848367,0.0
150889.8125,0.5539029240608215,21.07809066772461,0.4447474656283744,0.25484066652656934,0.2381296750624636,0.4235065666884271,0.35629725903250864,0.34118332222377445,0.0
150933.4375,0.3144618570804596,2.315155029296875,0.4444670371339745,0.2572105309501202,0.23969390693375814,0.42346620031665744,0.3570523176760934,0.34175156755541947,0.0
150404.578125,0.4309334456920624,12.282230377197266,0.44274533880421385,0.2540320504299851,0.2360465039207156,0.42254931557237485,0.3555750183744481,0.33986581102916263,0.0
148908.296875,0.2617134749889374,1.9845812320709229,0.4417927051417464,0.2437109612882585,0.225695696308918,0.4199062995741654,0.35232625310303595,0.3363415627573043,0.0
147781.34375,0.31452181935310364,4.210166931152344,0.4419376730834659,0.240247752499537,0.22258638933319133,0.4187555497149355,0.35039012386924256,0.3352489978010969,0.0
147305.734375,0.26392224431037903,4.2006916999816895,0.442917543161867,0.24077377991984758,0.2233084231079342,0.4200305644346833,0.3518384695784708,0.33711856262573064,0.0
147751.3125,0.26504531502723694,6.146435260772705,0.44346555648367314,0.2459065020704237,0.22817816763295296,0.42055753937861223,0.35213857980646623,0.33726527222702757,0.0
147860.0625,0.3855620324611664,19.286861419677734,0.4444550880353565,0.2464449431511051,0.22878863280674785,0.42223165723688977,0.3536883995008254,0.3387497763912805,0.0
148795.953125,0.7002609968185425,39.42625045776367,0.4450769169337935,0.2586729406386724,0.2415419754160512,0.4225911568789916,0.35561722526182693,0.34189761662049584,0.0
147927.046875,0.4277024269104004,15.822328567504883,0.4456491593826716,0.25210714368275683,0.23556446544181672,0.4225452612868466,0.35536377687179044,0.34178629299280283,0.0
155312.3125,0.9709979295730591,46.219207763671875,0.4387361461395897,0.24044411435938468,0.22344462453323502,0.4161170800370475,0.3533738945896542,0.33884546545416977,0.0
150373.578125,0.3363575041294098,7.796976089477539,0.4464430803798023,0.2696847713110857,0.2531487523837979,0.4240808232479576,0.362304736215292,0.3497188579760447,0.0
149450.578125,0.5845306515693665,35.0880241394043,0.44624347942020853,0.2650417133554171,0.24803354352692164,0.42373958892928537,0.35952829043850354,0.345788012141954,0.0
147799.640625,0.46113380789756775,11.11160659790039,0.44587473518458215,0.2537858885025131,0.23812524471567764,0.42191193083512446,0.35371328358946663,0.34129802461874154,0.0
147114.484375,0.2161278873682022,3.2444255352020264,0.4455507667297356,0.24128699912194335,0.22624310999280403,0.41947980500771265,0.3526533655098201,0.34038350579842486,0.0
147466.671875,0.11744844913482666,0.20589017868041992,0.4455128254648944,0.24064716865052646,0.22589295113862704,0.41928537801300925,0.35260678418360747,0.34049176232901285,0.0
147826.6875,0.10223682969808578,0.1591739058494568,0.4457223188683227,0.24050011660214915,0.22595991280630248,0.41917265603034926,0.3526271353834545,0.34081805189477193,0.0
147591.953125,0.19928883016109467,0.6461978554725647,0.44621492800557383,0.23985019416183712,0.22606518713568716,0.41878698295355754,0.35219721992518116,0.34105707119653333,0.0
147826.03125,0.1061134859919548,0.18197402358055115,0.4461599188267298,0.23950138143252264,0.22578925656954474,0.41874872807692554,0.35207251140989665,0.3408934794607664,0.0
147895.59375,0.11358603835105896,0.1829354166984558,0.4455843200332959,0.2399398258688662,0.22506612159872363,0.4187378986191135,0.35211389762027234,0.3398420367939682,0.0
147614.3125,0.2915177047252655,1.8464081287384033,0.4449715096876709,0.23962874436703602,0.2240330917408313,0.418716561639503,0.3521015208196605,0.33896628718810956,0.0
153849.796875,0.32932642102241516,4.059829235076904,0.43895610324426537,0.23886553666851446,0.22220387919117332,0.4155132774008851,0.35124540717007235,0.33719708282158406,0.0
148257.296875,0.18387368321418762,0.6026503443717957,0.4445740064415467,0.24072846624764718,0.2240426570439884,0.4187496353597516,0.3527463999648337,0.3378265335204848,0.0
148622.453125,0.28460413217544556,1.6494587659835815,0.44132090121808915,0.24096792913390713,0.22232306665672816,0.42012966673051205,0.35339633716375773,0.3364695922891216,0.0
148619.234375,0.15950925648212433,0.6379749178886414,0.4380544938361508,0.23984556786978767,0.21975561496981638,0.4197697567088849,0.35236800386187284,0.3341051615073345,0.0
147358.03125,0.2992469370365143,3.3008522987365723,0.4356397847439382,0.238013718892206,0.21690567309457415,0.41939324213059875,0.35009884384029094,0.33091443682726807,0.0
145744.453125,0.2131112664937973,1.1464931964874268,0.43396929749863417,0.2367333540184972,0.21520549255496482,0.41920978668191516,0.34791779395037986,0.3282694797464218,0.0
145024.421875,0.1546320766210556,0.9273390769958496,0.4334376706491057,0.23594890490523351,0.21397101676357239,0.41931316298360005,0.3463628842474857,0.3263654971915554,0.0
145523.03125,0.1556120663881302,0.4397696554660797,0.4340117701190326,0.23705137304310225,0.21464446644052365,0.41912842038869275,0.3474484124388622,0.3270953515243122,0.0
146660.109375,0.28382769227027893,1.5200092792510986,0.4347211838735284,0.2395202219163598,0.21736384477703502,0.4200787020348795,0.3507172756767948,0.3304500377307849,0.0
148098.1875,0.15857091546058655,0.6428579092025757,0.4360405645010634,0.24116951125387612,0.21974327324073367,0.4201829876925584,0.35367832499658086,0.3341556797271605,0.0
148042.171875,0.1901133954524994,1.222409725189209,0.43570232210357174,0.24087342625435196,0.2193291922289592,0.4204207327077494,0.35337207167054535,0.3338440157831485,0.0
149387.96875,0.4697098731994629,14.433648109436035,0.43964461045122943,0.2374498352814687,0.22045750614994708,0.41599591589875523,0.3484545181256277,0.33406320270100426,0.0
148184.71875,0.1192636489868164,0.24208472669124603,0.4345317713551092,0.24108166902929254,0.21870100749004934,0.4204487435824014,0.3531752620239211,0.3329243515845251,0.0
148768.90625,0.2155117243528366,0.7291274070739746,0.43474209032438743,0.24133234965757044,0.2189485098575688,0.42059919826794295,0.35364554583711705,0.3332857949215818,0.0
148789.34375,0.10287126153707504,0.14911428093910217,0.4348881894503276,0.2412796392544862,0.2181087463234822,0.4208058679418043,0.3539810532209116,0.3327455302249225,0.0
148895.671875,0.10159242153167725,0.1133856400847435,0.4345310746545012,0.2410746171291032,0.2181070417826607,0.42087501677291594,0.3541073327087115,0.33302988664546057,0.0
148936.328125,0.1519095003604889,0.3495599329471588,0.43450869768603534,0.24112129123480552,0.21828062421475639,0.42097648746494365,0.35449311535872335,0.3335553405167457,0.0
149007.46875,0.08946515619754791,0.10795719176530838,0.43483508458673936,0.24055396575597665,0.21813585251755302,0.42062688958354433,0.3538919437237568,0.33343248322348235,0.0
148917.75,0.13138815760612488,0.5271703004837036,0.43462971271951983,0.24043894324163156,0.21794606006782583,0.42044885509008073,0.3533938891143304,0.3330502901684724,0.0
148566.265625,0.16761401295661926,1.0957207679748535,0.43435863859946955,0.2401379485474372,0.2175680258906642,0.4202849869247723,0.35252378406975526,0.3321087177084542,0.0
149084.75,0.21656616032123566,0.9286044239997864,0.43494279702533334,0.24017020628943836,0.21666373326746816,0.41946478905366946,0.35234363868864754,0.33087300011019394,0.0
148899.171875,0.1287776082754135,0.19749663770198822,0.4348651246597377,0.23947563962227136,0.2153516157047034,0.41918922290572685,0.35149832366897543,0.329135669090242,0.0
149890.484375,0.21396887302398682,2.0396881103515625,0.4405580641934631,0.23846270192175695,0.22115316070733027,0.4162934651174691,0.35035294269064876,0.33593832678459573,0.0
148862.546875,0.06951016187667847,0.0703246146440506,0.43490773817663286,0.239462711084849,0.2157744724757309,0.41909020328781,0.3514814605175573,0.3296388872872893,0.0
148849.859375,0.06033094972372055,0.05745532736182213,0.43489621309201737,0.2394705945062897,0.21584131990404287,0.41910355378219594,0.35142209038487415,0.3297102940555564,0.0
148867.5,0.15051479637622833,0.3416312336921692,0.43516588777947995,0.23941794915612413,0.21576793472167555,0.4190541734176863,0.35133052208108034,0.32953804172011825,0.0
148381.140625,0.12921318411827087,1.591009259223938,0.43461240049026983,0.23842904976874318,0.21481824914293043,0.41938805771737453,0.35024628396691754,0.32850995850931786,0.0
148196.21875,0.08763044327497482,0.3962327539920807,0.4345825748504829,0.2387278115798987,0.21522186952527242,0.41945396383561084,0.35041151308303536,0.32862553595256555,0.0
148076.359375,0.10694888979196548,0.5514976382255554,0.4346661515833913,0.23901661222921117,0.21530734125617734,0.4195254139523795,0.3503768353061038,0.3283157300359438,0.0
147843.28125,0.3110981583595276,3.8525137901306152,0.434604069276857,0.2373539836454412,0.21425615193202663,0.4192780139724491,0.3487008835563856,0.3276041195415973,0.0
148192.828125,0.10416656732559204,0.3351467549800873,0.43482902966285136,0.23727108195477137,0.2144053180320742,0.4188665823222359,0.348638206694624,0.3278904803625876,0.0
148036.578125,0.2230743169784546,3.5308828353881836,0.43463145574613243,0.23736620510623668,0.214978564629263,0.4185305365069357,0.3485626427610193,0.32836574235854676,0.0
149190.375,0.42339614033699036,8.489520072937012,0.4341759174727524,0.2402583778033946,0.21842028585859308,0.4190231420466955,0.3508613863952315,0.3313772455037123,0.0
148150.546875,0.20076008141040802,1.4156407117843628,0.4418250913384503,0.23857617798462347,0.2209407508430881,0.4169971052404283,0.3498938353846758,0.33491730392349595,0.0
149168.328125,0.3325883448123932,2.8903486728668213,0.4382624665956064,0.241910635132019,0.22312236408243868,0.4181192063702427,0.3517659423917829,0.33527598203410225,0.0
147294.53125,0.7453362345695496,15.932711601257324,0.44740531512944515,0.24450796117209495,0.2319969237069478,0.41670499052152027,0.3507826610118872,0.3413090203609089,0.0
148610.359375,0.7661464214324951,18.9337158203125,0.45173529724017414,0.2550287245041352,0.24690812629030634,0.41668753680733367,0.35367243768228024,0.3482452635807944,0.0
147915.234375,0.6211497783660889,13.613091468811035,0.45257939500604527,0.2579358993774917,0.2514294727300214,0.42094835215431475,0.3547697853168176,0.34959608100937095,0.0
151716.59375,0.4336596727371216,12.299674987792969,0.45232954766008726,0.27510803875172035,0.2666819540726465,0.42500039736207035,0.36715766123726323,0.35929657500858037,0.0
154378.03125,0.4064619839191437,7.593691349029541,0.45289709661087796,0.2825074692783172,0.27357512335905143,0.42507252751722013,0.37577878546453314,0.36750828426818744,0.0
158381.8125,0.45673027634620667,8.372133255004883,0.45299758259091927,0.28980864537253676,0.27977842424167815,0.42501761633187124,0.38498063545954697,0.3761711561562476,0.0
157073.0,0.8372752666473389,31.450923919677734,0.4539511269850328,0.2830944683002147,0.2726980739686149,0.4242591573916417,0.37632806278542114,0.36789543486306475,0.0
151175.078125,0.6206425428390503,15.518914222717285,0.4560605899558901,0.26002531802579343,0.2505378610468328,0.4233056152335883,0.3564247580769484,0.3482272606126059,0.0
153302.96875,0.9298756122589111,29.51004409790039,0.4557672140839801,0.2588059389095424,0.2503051795167196,0.4234326284583844,0.3569836951788076,0.34910025146050877,0.0
148565.234375,0.14698489010334015,0.9337227940559387,0.4422858614274948,0.2393889811886525,0.22232368072911496,0.41706730791795454,0.350715803987939,0.3362054064700671,0.0
158296.9375,0.7941210865974426,21.298566818237305,0.4537928809888203,0.2631605245628818,0.255598386959138,0.4246394351179737,0.3610292454434823,0.3549995153052778,0.0
159404.6875,0.6292996406555176,7.282777786254883,0.45387210822034674,0.25876085292870954,0.2520023771856087,0.4257865206932589,0.3591627873766344,0.3536981902192349,0.0
159438.765625,0.4536980092525482,6.476729869842529,0.4547935053805764,0.2523736925015677,0.2461345994513186,0.4254276902916172,0.3572780219782835,0.3519349291880612,0.0
159291.875,0.6420661807060242,25.09075355529785,0.4541125168021151,0.24713488948115886,0.24137653852553453,0.42542553904059055,0.3563772008842052,0.35115016608093624,0.0
157075.5625,0.7624869346618652,22.075023651123047,0.45386279714333744,0.2462863829937358,0.24009180070384184,0.42618980449549065,0.3555155336704529,0.34938108539114165,0.0
158273.78125,0.6023687124252319,13.309258460998535,0.45370086614347543,0.243816058951207,0.23807865187322425,0.4275884786060025,0.35371797918331266,0.3474931515371944,0.0
159098.640625,0.3084915280342102,3.8675026893615723,0.45386496837691387,0.24768108847836076,0.24173151395484113,0.4279902815660418,0.35384908769401885,0.34719079477149484,0.0
157788.75,0.3082546293735504,5.701956748962402,0.4539660737940739,0.24512488113255695,0.23937416627201127,0.4279682962349371,0.3532122098720878,0.3466853733005596,0.0
157953.375,0.376638799905777,3.5665409564971924,0.4537978465951709,0.24117065156622924,0.23532724708356192,0.4280304100240552,0.3520659610437784,0.34502740252301595,0.0
157446.171875,0.28993144631385803,7.035533905029297,0.45367525901833367,0.23945838775701386,0.2335323088463192,0.4286871809784542,0.3523010886680199,0.3447808016414127,0.0
151788.359375,0.3198675215244293,3.5984697341918945,0.4422826025958114,0.24139555639502003,0.2248678582255553,0.41697551825614076,0.353807830466153,0.33985533023997677,0.0
157860.5,0.2066957950592041,1.4348316192626953,0.45364447854264967,0.2397098854765536,0.23388141909077384,0.4290400195509789,0.35309351182689086,0.3454548874693345,0.0
157393.15625,0.16536493599414825,0.6237141489982605,0.4538327300737696,0.23902272300912372,0.23331195512701008,0.4292606748242792,0.35364070522012103,0.3460408353844278,0.0
156993.484375,0.3514529764652252,5.418621063232422,0.453927042121135,0.24237302541126815,0.23639792686408345,0.4295832127567953,0.3540399671767296,0.3463277395066515,0.0
156269.296875,0.49546530842781067,25.757822036743164,0.4534541421844738,0.24235601138494875,0.236242021614882,0.4293656159608956,0.35419398621758263,0.346333956789611,0.0
157169.046875,0.2704596519470215,5.528548717498779,0.45310340958599804,0.2509836846868043,0.24461057127640903,0.42894577010844004,0.3578932851019972,0.34991026544283166,0.0
156580.796875,0.22393766045570374,2.0453975200653076,0.4530272679915907,0.24758171099806722,0.24109651761392134,0.42896274422886327,0.3555638360554918,0.34749537828016386,0.0
156470.96875,0.27999627590179443,2.136274814605713,0.4528017625694827,0.24381430288670228,0.23798036148796806,0.42886435273866086,0.3547564758936073,0.3475034825215714,0.0
156860.328125,0.25034433603286743,2.750145196914673,0.452766803861665,0.243427768343541,0.23782351824910924,0.4290387595708967,0.3553368318133936,0.3482170273785113,0.0
157271.53125,0.36207079887390137,10.221321105957031,0.4526953679328925,0.24181236786242954,0.23621305938679676,0.4290585763532344,0.35461229707835606,0.3475353898343482,0.0
156651.578125,0.4555027484893799,9.191850662231445,0.452656015156946,0.23348240049064783,0.22789275193598954,0.42899690152508696,0.3537583817275373,0.34665394851106807,0.0
151133.671875,0.9805648922920227,50.95025634765625,0.44180801386042684,0.2483442582476574,0.23084157672205902,0.4185122267895089,0.3534663749624879,0.33773577906982943,0.0
155634.15625,0.23082901537418365,1.9565106630325317,0.45246742268512263,0.23389007543069398,0.22802756676202404,0.4285797109408976,0.3537781744749817,0.3461418564242913,0.0
156356.125,0.17980997264385223,2.2796101570129395,0.45224569169567863,0.23297694058351143,0.22695735781259263,0.42819982532332995,0.3535000416121749,0.3457372491923627,0.0
158196.6875,0.3515946567058563,8.388937950134277,0.45195508398951245,0.23425362832182078,0.22859273284252474,0.4282333982061281,0.3530815361975598,0.346032206019539,0.0
160287.203125,0.41148141026496887,4.247742652893066,0.4520287689609252,0.23517883761020608,0.2298843050923372,0.42824346319126094,0.35300590933267156,0.34664285422226193,0.0
159439.453125,0.4034164845943451,7.6918768882751465,0.45213102411411965,0.23722464330765192,0.23177921393885142,0.42808713731642334,0.35312854667085425,0.3468578399308426,0.0
157171.578125,0.28704628348350525,4.316518783569336,0.4520828292824278,0.2386824792002968,0.23297719923115204,0.4280122247086965,0.35323471340073104,0.34673726885334316,0.0
156415.828125,0.27093419432640076,3.6192142963409424,0.4521557731142461,0.2383152645513367,0.23286531476859706,0.4276747307080561,0.3532114002240587,0.34735571114701635,0.0
156321.921875,0.250606894493103,1.4836938381195068,0.45236293111720954,0.23713004263720164,0.23174915746055455,0.42771178002163984,0.3534927956301975,0.34780671028485877,0.0
157167.828125,0.2618555426597595,2.9139246940612793,0.45248572966958583,0.23543814843627678,0.2303740354067574,0.4277612026295457,0.35364953490250345,0.34834168932138593,0.0
159330.1875,0.22870483994483948,2.013941764831543,0.4522029997303185,0.23512218260620896,0.23001518543471533,0.4276023462756107,0.3533017279050602,0.3479150671348307,0.0
155244.28125,0.687839925289154,40.94216537475586,0.44408976499620983,0.2542474625437198,0.2372014480131691,0.42243007507831104,0.3601870556370396,0.34460029484892657,0.0
,0.09775110334157944,0.24493026733398438,0.5438427059215212,0.22921131893346006,0.16299807479344977,0.30962017986716395,0.24269380097668344,0.1975124941500451,0.0
700427.0625,5.037403106689453,563.108154296875,0.429705507135726,0.2591540343051858,0.1913462770344223,0.33164540953143024,0.2885928610079946,0.2475400623243693,0.0
670292.6875,5.43826150894165,505.72119140625,0.47466550202250823,0.30049243687064797,0.2025176889521424,0.3324283172188308,0.2748159279511728,0.20979045088845638,0.0
689243.5625,8.386533737182617,1180.288818359375,0.37470896382942953,0.2222975662499766,0.18133399803831374,0.33029137027327254,0.3105835147955872,0.3090050138730269,0.0
694481.0,4.010055065155029,239.77664184570312,0.3739585759517431,0.24116318645969548,0.1894246250573276,0.33770932893446265,0.30554039319384085,0.3092616420192955,0.0
665950.9375,4.837150573730469,332.48614501953125,0.3710419306994634,0.24973766612409004,0.19340453958405646,0.3350152609396245,0.29751302598989765,0.30308225861371346,0.0
591779.4375,4.652870178222656,248.6712646484375,0.3854287083816021,0.2515488824980065,0.19203952311098782,0.3261143821954809,0.26713375130010186,0.2665191467195933,0.0
578787.625,3.836193084716797,251.1870574951172,0.40372477233237425,0.23641347147543826,0.1699238043777066,0.3188280835404968,0.24983358271200057,0.21110388158933704,0.0
602260.5625,3.576869487762451,237.3666229248047,0.39983875207350866,0.23971899974292438,0.1810914845413556,0.3142178686189769,0.24847000529615326,0.22895022085700928,0.0
589174.0625,3.651465654373169,273.62158203125,0.4057195487288128,0.21964947225434875,0.1662528709768843,0.30898726103718205,0.2282872205020048,0.2119454569067125,0.0
611980.5,3.780425548553467,241.62867736816406,0.42289313519698774,0.21178526796518532,0.15947414191419582,0.30665370506858114,0.22748969637827252,0.20552350988012094,0.0
575503.1875,4.306860446929932,325.681396484375,0.5499466907455752,0.22768004447695572,0.162885219391518,0.3091685800603417,0.2429998273726957,0.1980780547772345,0.0
629874.5,3.462303400039673,256.5509338378906,0.4453181124349418,0.22112381246391408,0.16557618542701655,0.3069642794523547,0.22603271776335263,0.2087050724876019,0.0
652583.375,3.1102895736694336,146.671142578125,0.4649505721475454,0.2574792103981854,0.18973794430908614,0.31242082908493124,0.23492863723365132,0.21461681289660756,0.0
653132.875,2.5628504753112793,127.71984100341797,0.487229569934617,0.2601562274438325,0.18934671956060822,0.3156632800202061,0.23273000700978974,0.21153528126632942,0.0
611011.6875,4.263547420501709,547.6526489257812,0.5239310519125135,0.2527242796074974,0.19244472510796978,0.3112074830932089,0.2293097581499815,0.20877567170379743,0.0
613031.6875,2.6186885833740234,149.61163330078125,0.5087335288245689,0.23767471276624033,0.19264392345920264,0.31432331934067226,0.23932251453238368,0.22276715772643652,0.0
599577.375,3.6626269817352295,312.7810363769531,0.41477032185352714,0.20070639682928615,0.17129417609830533,0.3215762248633362,0.23756436311993473,0.2376060042046408,0.0
627650.625,2.911269187927246,204.9894561767578,0.3864471989499278,0.23088078842267024,0.1820269539771993,0.3299090152333265,0.27916229168669154,0.2902828253092327,0.0
633360.4375,2.618330717086792,86.45548248291016,0.5910444048978429,0.35039470179777593,0.23222521957859638,0.325828995110414,0.31259037045886895,0.2724730907799042,0.0
615671.0,2.228954315185547,67.63105773925781,0.601653948065812,0.3431682745753649,0.24349791786059524,0.29980791579855454,0.287393065324917,0.22411311482845486,0.0
599042.875,1.9177814722061157,94.19389343261719,0.5015077729461964,0.2761795051498401,0.20130872591367382,0.2908080102055696,0.24502698478393786,0.2049383320604907,0.0
571390.9375,3.8541324138641357,366.3233947753906,0.553234906808395,0.2400418230881656,0.17141833837719372,0.314323554627473,0.23670823425020382,0.1935025503900011,0.0
600158.875,1.8138855695724487,101.60206604003906,0.44638933382219403,0.23413182616136644,0.17727333623794822,0.30017111055593115,0.2296137163768942,0.19796732813337234,0.0
636395.625,2.501699447631836,107.41110229492188,0.42431530228950415,0.23230946616112297,0.1802539844718867,0.3104904695674779,0.24064142582035822,0.21033334475849744,0.0
637927.875,1.900120735168457,68.93724060058594,0.4627937148358246,0.2589793398455298,0.19486862925059714,0.31146694098846905,0.25213375517251607,0.20443350816838954,0.0
661683.5,2.9705798625946045,203.7193145751953,0.49470869400685824,0.2944047933517583,0.23626859786682228,0.3107065791242962,0.28609988951805676,0.24967078010748608,0.0
686611.875,3.08976149559021,188.23707580566406,0.35612871157626375,0.22658758393876188,0.18940432977717778,0.3448758895507702,0.3055019206462772,0.30089906447787146,0.0
692516.875,2.1523332595825195,194.76808166503906,0.33023555773265556,0.21923683670132094,0.1945348927269498,0.3638108326150544,0.3159360443059493,0.3111739721807432,0.0
669876.3125,1.5998709201812744,109.4354476928711,0.35222672219684265,0.2222906904537339,0.18888934899733487,0.342999239376787,0.307809834765571,0.30522443868211063,0.0
662099.3125,1.0109797716140747,17.624774932861328,0.37213922974255,0.228292754313754,0.1879809933775457,0.32951895462429404,0.30190767650447586,0.30018962621558054,0.0
677078.8125,1.512155532836914,40.58415985107422,0.37304592641642415,0.22491533848722015,0.18383699859633823,0.32850788031552786,0.2995708949075369,0.300068425554705,0.0
700035.75,2.0683131217956543,213.78480529785156,0.3512092990148345,0.21335736558385776,0.18124769364784254,0.3418557890769719,0.3044788057868225,0.30399727181314445,0.0
580666.125,2.9420289993286133,132.15530395507812,0.5484692233999297,0.254598355962315,0.17942254516007008,0.3137646983461291,0.24058277965568176,0.19023756328255348,0.0
710178.875,2.0570809841156006,127.94549560546875,0.3375492709158596,0.207554458662934,0.18430028972413393,0.3560916169237974,0.3133102016405274,0.3094688176670094,0.0
710454.25,2.2843708992004395,135.87762451171875,0.3671452939572171,0.2200170489915247,0.17853610473894257,0.3378306442192877,0.3011809455336127,0.3021310982655337,0.0
709976.625,3.023747444152832,140.515380859375,0.44967864445060485,0.2724790948012772,0.2043577343080512,0.3284790908609608,0.3005571065886244,0.2882827205868047,0.0
693562.8125,1.2963229417800903,29.362911224365234,0.4789800870709417,0.283537922488331,0.2247416126973046,0.316756750036763,0.3049393710608753,0.29447153980570906,0.0
683051.5625,1.3892951011657715,34.529598236083984,0.4957798177357791,0.2804754831424971,0.22658582541118877,0.3105506927572843,0.29112548440427527,0.27774437602289537,0.0
684508.1875,1.9649850130081177,81.89205932617188,0.5289768437305029,0.2977751241920979,0.24705105071259537,0.3065157782314128,0.28636933906881556,0.2707358625404311,0.0
669695.3125,3.158975839614868,251.34156799316406,0.48296418626427157,0.26685647365004744,0.20620251630732925,0.3076037449802703,0.2573831505489977,0.22122295801642994,0.0
658769.125,2.031115770339966,116.24553680419922,0.4861052937679044,0.2567172267961582,0.18817667038802954,0.31352753219535545,0.23497115352645076,0.19670335732450822,0.0
663635.625,1.1960194110870361,39.663822174072266,0.5092832249776152,0.2666088921503883,0.19278837825548498,0.3224352313645616,0.2400664094316125,0.19664794040527786,0.0
659637.4375,1.35311758518219,63.54222106933594,0.5166390107150485,0.2713551620087346,0.19552123548293046,0.3207782939201517,0.24119471142853977,0.19740403447219657,0.0
611975.0625,4.9115519523620605,393.8013610839844,0.5518089872496418,0.26552562706292737,0.18219319008702767,0.31363218126363424,0.2538992131368584,0.19291219289188632,0.0
669197.25,3.617076873779297,1075.3641357421875,0.5532636730228303,0.2971755304792945,0.2108575600846447,0.32176053780973735,0.25856335141357334,0.20508154139086016,0.0
675228.75,0.7961924076080322,9.893228530883789,0.6240793016492377,0.3541253310261244,0.22945063506679095,0.32975569011322564,0.33627053066073326,0.2466272524660893,0.0
671557.5,1.034354329109192,36.938594818115234,0.6219954436271278,0.3527728671483793,0.22907875666246852,0.33007325471593607,0.3360996091659045,0.24632345916008982,0.0
679947.375,0.8002349734306335,16.136085510253906,0.619810943173467,0.35178234138115033,0.22913291002622405,0.33030243921162983,0.3368653140546249,0.24706035386520686,0.0
679363.6875,0.6280713677406311,7.255998134613037,0.6194756693992594,0.3490755963024651,0.227010497709355,0.33120180057232473,0.3386346764133773,0.24789569899363662,0.0
678948.5,0.5741499662399292,10.413188934326172,0.6159143841920522,0.34875319501959645,0.22648939983831595,0.3329822092036366,0.3387286068741062,0.24683483148920174,0.0
674768.3125,0.8511502146720886,15.825563430786133,0.6116820788675447,0.347577082163053,0.22581259150989053,0.3339422736265142,0.33861365523492015,0.24544672489090696,0.0
670367.875,1.0208147764205933,30.305622100830078,0.6108475640332953,0.3458459000881926,0.22396425777908965,0.33606377512376706,0.3402112219197214,0.2462808210033493,0.0
675495.9375,1.4991599321365356,55.80021286010742,0.6091170450978376,0.3488917303487201,0.22592338316205066,0.340378324578122,0.33832533351140576,0.24468338061070735,0.0
676279.375,1.3975532054901123,78.69192504882812,0.6105672720473777,0.3526365891586105,0.22721728290504975,0.3425064458620836,0.33694618040331653,0.2421762421697611,0.0
643004.6875,3.4309797286987305,215.52987670898438,0.567308012295407,0.2769194818337698,0.1886678139353387,0.32555217615009957,0.2729598095025772,0.20397843115379055,0.0
679606.1875,3.283005952835083,172.31643676757812,0.6107211974710738,0.3158799840111005,0.22560091514559902,0.33904254220430197,0.2977399546592881,0.22884552025184257,0.0
678995.25,4.190791130065918,418.1219177246094,0.5563360313985362,0.2841100884753158,0.22646297452407496,0.32345859987256426,0.2923170200525245,0.2760741850193972,0.0
671140.25,6.197657585144043,690.9156494140625,0.49928042228861896,0.259547886332567,0.20516422697301456,0.30138774891312353,0.2906177435424381,0.28992746057730634,0.0
654413.9375,6.941551685333252,944.2638549804688,0.47253080214433735,0.28726186166150397,0.2339730316686283,0.3392565576825231,0.2986290460962691,0.26914262867738464,0.0
,0.9917707443237305,13.062605857849121,0.4810725004175623,0.248632432637268,0.15080700630002256,0.31094108810993104,0.3018085588241416,0.24106873442350943,0.0
1027929.75,5.83318567276001,644.8741455078125,0.5165386828780507,0.3643023859650105,0.19518797656532882,0.30606058475801506,0.32361987727355335,0.2621560118939472,0.0
1028203.1875,9.774632453918457,1541.0052490234375,0.4763635072346001,0.3120899636629894,0.19403998155618069,0.30805587720809346,0.30165631654329833,0.26544562425705637,0.0
1110495.75,4.287355422973633,281.52532958984375,0.514590355084026,0.3161216490340899,0.20679961815728257,0.3167455853003957,0.3252397379966757,0.3036310296175649,0.0
1136072.5,5.143349647521973,413.17822265625,0.4818536624322915,0.3237663825299685,0.2408073173109519,0.3453492985587424,0.34259931838165597,0.2816212387741283,0.0
1000990.25,3.2570228576660156,245.23744201660156,0.3468177723251258,0.18585993379996624,0.1317129392798732,0.2825588279190289,0.22324605907684958,0.2301971103695918,0.0
967257.625,2.0029611587524414,111.74329376220703,0.3285574089307436,0.1737060747859333,0.14923888501363033,0.2955207351175439,0.22031646253490478,0.21773899607676425,0.0
971981.375,1.3916850090026855,47.61228561401367,0.38069829209359807,0.21892569865778394,0.18087157584117142,0.3300263261996034,0.26816708424967256,0.26222731178942943,0.0
967559.8125,2.5740208625793457,149.08314514160156,0.37742758097024526,0.23235985156281622,0.17973020639280107,0.34374463807665556,0.2974957507747223,0.27555897152957703,0.0
969270.1875,1.8348207473754883,109.85490417480469,0.39050017490196753,0.24631342492384406,0.19707531661246613,0.36913692187843233,0.32577682139684006,0.3176700748552523,0.0
982704.9375,1.4653551578521729,46.647422790527344,0.4232137424573402,0.25488857801850895,0.21634960635415212,0.3408932619903571,0.3079447277812793,0.3080105627817807,0.0
1234502.0,11.353583335876465,3223.872802734375,0.44602017685616774,0.2896177861863434,0.1750098299204604,0.3115362286990111,0.31501409348054304,0.2837552149051768,0.0
968851.3125,1.2299739122390747,72.2252197265625,0.41656615016295323,0.2493490614875854,0.19878938416854608,0.3556463875076516,0.31939129705422575,0.29767790803212196,0.0
916666.5625,1.203008770942688,57.363582611083984,0.4302701862252634,0.261978687336739,0.2263886071477679,0.3683032240467524,0.3383399740657957,0.3206227420908349,0.0
870733.375,2.6886003017425537,145.16897583007812,0.43191340827973856,0.2616428381906098,0.22805574380887475,0.3699206293223061,0.33902319434046724,0.32742565907225063,0.0
908959.875,1.9806466102600098,81.16800689697266,0.4312226105229785,0.2605719468478448,0.2213791437799083,0.37051113067314867,0.3369582861197968,0.32005124160902876,0.0
968758.75,1.7246322631835938,97.72711944580078,0.4551624334096389,0.28267284492258626,0.22981856965321942,0.3586747192518696,0.33742718484817147,0.34048710229106377,0.0
898133.9375,1.2716307640075684,52.61164855957031,0.46935617254466894,0.2951663723584331,0.22703910957150958,0.34495544512332155,0.3414392255900808,0.33173780104548894,0.0
886628.8125,2.2746059894561768,150.71495056152344,0.4677792845715314,0.28900170959125626,0.19687973648378393,0.33549257677284644,0.3276995339113099,0.28597242156229,0.0
883938.625,1.6889764070510864,62.70463180541992,0.42670175472517546,0.24789585950072407,0.18591995924658677,0.32813526179455804,0.3082299501400013,0.3017786142054467,0.0
878584.625,1.1514601707458496,46.47090530395508,0.41301370385058,0.2353807946076361,0.18334162621445949,0.3301711083946093,0.30469183658733634,0.3044574884221782,0.0
867280.75,0.9287543296813965,23.722070693969727,0.4108341804170389,0.23385282244901764,0.18333846716915847,0.33107851956384615,0.30525486556513215,0.3038560226094803,0.0
1001000.375,7.951567649841309,2258.781982421875,0.40509633693385383,0.19519195270603748,0.09861316912557895,0.37643163639327265,0.2777273172977987,0.1581232662812982,0.0
846937.4375,0.878065824508667,17.94751739501953,0.4104065954324813,0.23516700746825928,0.18337464620060856,0.32801835485849157,0.3063238332152005,0.30899426686663717,0.0
838803.4375,1.0565481185913086,21.38306999206543,0.410394727384806,0.2336122249754129,0.18274928056013162,0.32424985041792903,0.30425848861146876,0.31068107046052806,0.0
831466.4375,0.8336583971977234,13.759563446044922,0.41234878521636337,0.23505593134232142,0.18292101585243783,0.323855733980973,0.3076277970182771,0.3121541635156932,0.0
823221.4375,0.9285455942153931,16.36437225341797,0.418576535884545,0.23983492179210206,0.1841210848062817,0.32701398414240657,0.31211867982063785,0.31243479498045995,0.0
818870.25,0.6186062693595886,12.161642074584961,0.42024570734125455,0.23447461313853257,0.1839833347685382,0.3283424920121996,0.30936464431598004,0.31100701052201724,0.0
814737.0,0.544465184211731,10.451583862304688,0.4221545022396661,0.2400107332171169,0.18808186252635595,0.3306757202436149,0.31571845684029687,0.31361223728590715,0.0
823615.4375,0.364037424325943,3.2865774631500244,0.4226745818501206,0.2426109483339079,0.18804892310596372,0.3302066404830351,0.3166665731010014,0.3133076763292714,0.0
820958.0625,0.76646888256073,7.617434978485107,0.4227911849947526,0.24095832744782208,0.1869340387478592,0.3297005714503807,0.3154857443029048,0.3126212188459266,0.0
810266.8125,0.4266425669193268,5.796903133392334,0.4214056414856422,0.23911512580626973,0.18682108028813557,0.32925735758369534,0.31551507506479515,0.3149027864641558,0.0
816175.9375,0.7663394808769226,15.739503860473633,0.42108511283054906,0.23725448767340648,0.18590148874264686,0.32925671286383706,0.3137815221382963,0.31501948511668865,0.0
898512.6875,1.928030014038086,199.2091064453125,0.3965168160845463,0.20057462937061465,0.09241950470780666,0.37899636553752003,0.2910014944549162,0.16466539063553648,0.0
836792.6875,2.0473029613494873,93.24000549316406,0.4244272071453512,0.23732825097785043,0.18354630618900158,0.32749255296688823,0.3088348932264083,0.31316754455104434,0.0
836868.5625,2.5146777629852295,112.18624114990234,0.43760758428439017,0.2537846684581003,0.18370081218413253,0.3252084694927695,0.3104513983296965,0.31670187872043004,0.0
880812.1875,1.4138484001159668,53.56202697753906,0.45489000064694846,0.26824639700234537,0.18219997160277812,0.3353061467835711,0.314282197374216,0.31023491844793893,0.0
898885.4375,1.258917212486267,38.898223876953125,0.442030148430166,0.2517527255305799,0.1618098452700963,0.33195700222668606,0.300317748057992,0.26885583370948596,0.0
884657.125,1.8341504335403442,97.43362426757812,0.4237560007763223,0.2403726472448654,0.1572592168934062,0.32557799746475274,0.2986259680524492,0.2660400268527955,0.0
905113.5625,1.4919545650482178,76.08654022216797,0.40241600442286735,0.22594890091760184,0.15006135886923092,0.31958391545162496,0.29030758880471624,0.2562032547365945,0.0
960407.9375,2.2647953033447266,79.39065551757812,0.4098908801325043,0.2375431149683298,0.14298445666116427,0.3296078361448079,0.29686681757350386,0.2544096340361783,0.0
991778.25,1.7351100444793701,74.13106536865234,0.4303381158971258,0.2559710746910512,0.12790485088830597,0.3187439717151822,0.2901334250789929,0.24634352703026585,0.0
1003657.5,1.281913161277771,35.540164947509766,0.4404165976014591,0.25263922822198237,0.13039963451452496,0.2960016043686102,0.27542325661263806,0.2505666176155294,0.0
1002824.1875,0.9124955534934998,38.87342071533203,0.43853038600564503,0.24973424282457768,0.12704354566832188,0.3032650863884318,0.2773629503605384,0.2514339648701324,0.0
899311.0,2.124216079711914,98.96876525878906,0.4684333117846636,0.23991278680840533,0.11112716566767811,0.38078707451939553,0.30988356868595834,0.1690861260404692,0.0
985455.5,1.0998709201812744,17.965585708618164,0.43862463739268687,0.2530190153227176,0.12549591192173776,0.31123430130714524,0.28512017739918577,0.25048140551464215,0.0
969812.375,0.6364064812660217,20.17552947998047,0.43858333060608584,0.25716140163706963,0.1268565699596526,0.31323864171105675,0.29087166415481136,0.2492683693255869,0.0
944635.875,0.9013908505439758,26.499208450317383,0.43961279076279824,0.2589253102361251,0.12922476272811279,0.31282525163155034,0.2926917464205351,0.24912270447370863,0.0
922583.6875,0.2599800229072571,2.5525171756744385,0.43873851781977735,0.2623422914820472,0.130480085724218,0.3138838798680253,0.2969037761294334,0.2491261285892738,0.0
892923.3125,31.24794578552246,41749.4765625,0.4344638021267495,0.2674681569458133,0.13013799434196208,0.323114575109034,0.30576235930085177,0.25507478576772435,0.0
1082519.625,4.954642295837402,334.0041198730469,0.7352319541650556,0.6133041620103683,0.2408355141108984,0.3281772315908181,0.35033562396629125,0.329681692041329,0.0
1504295.875,7.334911346435547,1004.9887084960938,0.6932145968419627,0.5697722608465935,0.2687126714126818,0.3367162751972463,0.34263323951979474,0.31578679268581283,0.0
1632337.25,1.369071125984192,19.166915893554688,0.6766788570094737,0.5535978796306672,0.33392104669191225,0.3388203760016343,0.33862739387259894,0.3278651925654096,0.0
1694724.75,1.050674557685852,15.028173446655273,0.6757286828368089,0.5541354902203904,0.35827816129617895,0.33917607177960657,0.33828321038994397,0.33814710295997913,0.0
541067.0,32.10095977783203,65751.8046875,0.6555629475897932,0.5681678358608915,0.3902869062941957,0.3311671191455261,0.3445382608179773,0.35088542487724234,0.0
960068.4375,0.47241413593292236,10.058335304260254,0.4530997133835035,0.2446743358554777,0.15127208152684674,0.3445444734369906,0.30971106805786164,0.246548439409207,0.0
353750.90625,6.225380897521973,682.1549682617188,0.5133495671439979,0.40106102699841,0.263841868281118,0.35169493474225816,0.3309401553966465,0.30040341201113313,0.0
342686.75,1.1912120580673218,33.315006256103516,0.47198272395501534,0.34911857792382817,0.20532396766134392,0.35477780068455,0.3305699494305841,0.26480652203371724,0.0
356979.28125,2.628303289413452,340.1583557128906,0.502669874182793,0.38147482428321683,0.25519981389349305,0.34931658423089057,0.32173035773978725,0.2777225827749629,0.0
362990.65625,1.196382999420166,87.30224609375,0.46269804349159666,0.3558194694092727,0.23639754464755774,0.35588629010042766,0.32237747492919905,0.28186896628849284,0.0
221262.46875,34.41337966918945,17953.828125,0.4906425970288161,0.19149942155711644,0.10764146873199187,0.3418764155697402,0.26139016784577834,0.16849252917066887,0.0
255517.234375,8.888175010681152,463.3247375488281,0.5426563147604391,0.275856209429948,0.08369898606374075,0.36304483894700734,0.27398371246621867,0.09592517527423114,0.0
198093.53125,5.427806377410889,223.62254333496094,0.5146698887271902,0.2962611779999709,0.1641089326844927,0.38668819448117336,0.3375896220441439,0.21456968703353438,0.0
156392.578125,7.728660583496094,1579.2186279296875,0.5078129623598061,0.27803627743508175,0.18410177384576756,0.39058968626427953,0.3365596216165228,0.25606704264293007,0.0
166430.4375,1.3653900623321533,31.539833068847656,0.5038408535229286,0.2897599813170652,0.1918786625740317,0.39314882750063207,0.34613956580834354,0.25678038704267125,0.0
166868.015625,3.1405131816864014,138.78555297851562,0.5003975325190478,0.28286045529392856,0.21132602189035146,0.393535599945509,0.34042058986337437,0.2920901835542148,0.0
971635.5,0.2741421163082123,6.299623012542725,0.4426701257792295,0.2409803266382961,0.15625942455791575,0.32716804693993645,0.3018083067240764,0.25753464317264724,0.0
167565.578125,0.8801212310791016,34.90358352661133,0.4890642540699664,0.27647865592997384,0.2083665201448523,0.3988031640654479,0.34167109736401585,0.3031689089824704,0.0
171699.9375,0.858487069606781,21.462831497192383,0.4861382104498531,0.288821814133488,0.21188632521763634,0.40369132141915887,0.3408178220704782,0.2973084210082392,0.0
166198.171875,0.9336003065109253,31.61087417602539,0.4870181933365269,0.2838436348790831,0.21312248545834125,0.40719420769589576,0.3410035719854421,0.2973593317267291,0.0
163528.75,0.7583184242248535,13.641315460205078,0.48347562609621525,0.27268166523706894,0.20030480636816572,0.40874632097957453,0.3427790276068921,0.2894940239987284,0.0
161872.265625,1.58372163772583,71.1591567993164,0.4835991252813266,0.27036149134123716,0.20027195511900603,0.409445483690055,0.34795410549964556,0.2939612670757044,0.0
160460.921875,1.4103343486785889,66.37322235107422,0.47587032450897715,0.2779690596494676,0.1863386848181331,0.3991071187238231,0.34035421869111626,0.26471256030042045,0.0
147076.1875,1.9321131706237793,58.57868194580078,0.47046010829425056,0.2655327849921925,0.16593426393491437,0.3888672251214904,0.32864354212828534,0.2524077611428619,0.0
136266.515625,1.8169422149658203,62.35906219482422,0.46056001597986784,0.26480357643931446,0.16472409504183594,0.3727187656116479,0.3165959696679708,0.2551015280592405,0.0
127292.5546875,5.874703884124756,570.5823364257812,0.5097217906463956,0.3112039961155801,0.2165597214844861,0.35049686689596743,0.32424081672346233,0.27731896802310313,0.0
153260.28125,2.711848258972168,179.99069213867188,0.6129105058970132,0.4205136405087504,0.24420926340088678,0.3309577102090425,0.37040719372059916,0.2929870522374066,0.0
951562.5625,0.49810299277305603,14.966280937194824,0.4429055287082614,0.23905411127662382,0.15483959009966855,0.3250979688496387,0.2998972061490836,0.25632208892283914,0.0
147599.078125,3.752481460571289,215.27471923828125,0.6444478119907471,0.4148501485997499,0.21175722428551857,0.32399188553151637,0.3662610483964979,0.29254972694463593,0.0
123816.265625,6.436891555786133,584.6414184570312,0.6477986840505601,0.3643214441996042,0.27477138378945765,0.32936719063501463,0.380924433752868,0.33656847054033384,0.0
141466.765625,5.924607753753662,656.6349487304688,0.6211895508244832,0.36022019757650503,0.2345251443220684,0.33930383291162797,0.3739828271911621,0.27233597267762233,0.0
163743.8125,3.9173967838287354,304.03729248046875,0.6357362217907679,0.4607295567703552,0.3309751837429441,0.3308952160160013,0.35900808140933843,0.31320790596268466,0.0
191421.125,2.5017738342285156,61.465213775634766,0.6643367709371507,0.5102692469035063,0.3377338300514779,0.26108475982884666,0.3249057501249657,0.32643679204147374,0.0
198964.375,2.7966299057006836,104.53721618652344,0.4845017497559509,0.38156235217783013,0.24757284817302783,0.37130191739322543,0.3611221603051006,0.3230436684455731,0.0
215716.453125,2.177682638168335,210.9532470703125,0.47562283119378757,0.3834179832984876,0.2304586577234001,0.37570792245002044,0.3578730776600715,0.2732212900611026,0.0
193791.265625,1.5918737649917603,96.45113372802734,0.4531267777492225,0.2694662950096566,0.16367339494018757,0.4010867850092815,0.32378506143841235,0.27154701555056365,0.0
181916.265625,2.038785457611084,64.3516616821289,0.558477181493169,0.30854361819725407,0.21140435802250135,0.37971777565849707,0.29560925760296314,0.253150763814193,0.0
172436.6875,1.007203459739685,44.87351608276367,0.5163520739193209,0.30538151751776643,0.21067153545722794,0.3748620566730953,0.3008357006180334,0.24438768757205215,0.0
954459.0,0.2806991636753082,2.116636276245117,0.4421607097531577,0.23815643606073658,0.15326996659093006,0.32347399848555985,0.29887617751628665,0.2546345274460008,0.0
162785.484375,0.6910802721977234,22.51045799255371,0.5422176304577507,0.3159022982202104,0.2044190917667152,0.3684530676795501,0.2926190492405328,0.2378175143812749,0.0
166599.46875,0.3336942493915558,7.637788772583008,0.5532487533000486,0.3398274406180695,0.2265580852286633,0.37886737699884454,0.31398449268208617,0.23989676299885437,0.0
167302.71875,0.24576528370380402,0.9578752517700195,0.5541853276139074,0.34152180658180753,0.23110188959156963,0.38188766816791625,0.3254217744305386,0.25013460037737784,0.0
166761.40625,0.053765665739774704,0.11397082358598709,0.5539514687156477,0.33960946360887523,0.2338152132450749,0.38298275145089233,0.3269229128137539,0.2576559453117277,0.0
166689.09375,0.10697191953659058,0.2513379156589508,0.5533649035860315,0.33998535432583915,0.2380729046991678,0.3834270908545986,0.32664006989661254,0.26306800487021753,0.0
171815.890625,0.18941323459148407,0.6170892119407654,0.5517101369300507,0.3423810831756372,0.24537125137478605,0.383813252114343,0.32564814232716505,0.2724381457419823,0.0
173465.03125,0.1235383152961731,0.2559753358364105,0.5497900123316164,0.3437002887009247,0.24830662247754584,0.38391496026351796,0.3256968775008223,0.27740067592229795,0.0
172522.953125,0.30207395553588867,3.109827995300293,0.5502757837770719,0.345131298274652,0.2453457882395728,0.3842918525966818,0.3253588057243175,0.26877092019489773,0.0
172312.140625,0.3245975077152252,1.553963541984558,0.5494554539322317,0.342969637256015,0.241396529760664,0.38450117672666245,0.3256709616232393,0.2632503869350192,0.0
155312.15625,0.27677324414253235,24.6209774017334,0.5495480428305095,0.3305539057697583,0.23920937922379332,0.3848707281211335,0.32837321192180324,0.27801827859958395,0.0
959512.5,1.8025151491165161,114.36685180664062,0.44126995112110046,0.23856575866893526,0.15222248133948074,0.3226063850545682,0.29868573647606156,0.25358432936699105,0.0
153925.296875,0.06371083855628967,0.10235495865345001,0.5496828501181601,0.32887257932094904,0.2381093212087279,0.3853942928237768,0.32917849101338786,0.27902737043442416,0.0
154728.734375,0.17901955544948578,0.9308905601501465,0.5508896561755333,0.3306473356820228,0.24070049943284016,0.3847403927470074,0.32865383889074945,0.28255505049560303,0.0
155235.921875,0.05661723390221596,0.2867312431335449,0.5519642230928496,0.3311975485692751,0.23784749485041873,0.3837858313972639,0.3283557325147456,0.2772779700682924,0.0
175076.453125,0.25047892332077026,16.68301773071289,0.5540113352436049,0.3457466178035961,0.24897042710037537,0.3810001071224531,0.3242378973071739,0.2766450780176181,0.0
177529.21875,0.19327494502067566,0.8515111804008484,0.5554236387014964,0.3460484819861891,0.24471269135345547,0.3789516914631619,0.31988365019544407,0.26794748901255033,0.0
175851.84375,0.25821906328201294,5.208625793457031,0.5577121035201955,0.3448483557087197,0.236547298591273,0.3747592162180597,0.31187151866029394,0.25366653195475963,0.0
168171.28125,0.7962191700935364,23.282936096191406,0.5481758738476062,0.3185333676852134,0.21486466085172257,0.3658817065237425,0.29248157554569043,0.2539628383948976,0.0
166088.75,0.8382450938224792,35.51618957519531,0.52417252351538,0.2921960293752384,0.20532064977279205,0.3768613640582435,0.2973643358300544,0.2510371416615157,0.0
166126.125,1.530938744544983,94.75345611572266,0.5295691650675621,0.2746979624380135,0.18494398802968917,0.3805700107148393,0.300910357541672,0.24304090676109652,0.0
163081.640625,2.151035785675049,210.6033172607422,0.4749744285261884,0.25100941910422814,0.15877056424096067,0.3838443875424822,0.3193491168644935,0.25538267021287114,0.0
935662.0625,0.6225348711013794,6.190030097961426,0.4398074127215145,0.2379093277453816,0.14893011181225807,0.32222034531829685,0.2972155206409762,0.2504613167314656,0.0
972733.875,1.7898768186569214,26.760732650756836,0.4827865044310284,0.25211017975188343,0.15481578792996345,0.3099884092324418,0.30366816727958995,0.24565653629335446,0.0
184842.28125,2.99737286567688,455.6896057128906,0.4461636349262873,0.3415929061034421,0.21210849665795375,0.40490152766185944,0.3649490848959831,0.2877437640280732,0.0
200259.734375,1.8289066553115845,44.28126525878906,0.5367696215885548,0.39145642981691664,0.2554004679795767,0.3730865992643451,0.34145371554701864,0.2873499778220075,0.0
191220.546875,2.9717459678649902,143.41705322265625,0.6400600845231978,0.4814336622567834,0.3718516990858034,0.33812715742631555,0.35974030143534547,0.32878671631703366,0.0
170517.28125,2.780719041824341,221.6884307861328,0.5382065442163038,0.3930407779219476,0.2628706739631618,0.36213352230028667,0.3491583756162898,0.2777160799855261,0.0
149838.765625,2.2471680641174316,103.48606872558594,0.5067442019994175,0.3254238723676122,0.23722758544026654,0.3708583881888298,0.32583487308808584,0.25019587140411526,0.0
155343.84375,2.5375759601593018,210.54364013671875,0.5744110240986142,0.4196961166836883,0.27894020993588703,0.3305175405246916,0.339983477868358,0.28594039824931466,0.0
154456.59375,3.003880739212036,144.424560546875,0.5248749076487923,0.3946202442549974,0.211089500215817,0.35071881387765097,0.358063841587158,0.301989309284385,0.0
147987.21875,0.9835264086723328,17.749267578125,0.3556116115490285,0.2691129981630571,0.1374586970064041,0.323506036478166,0.31166294672820544,0.26397123804738787,0.0
159559.78125,0.8424069881439209,16.17286491394043,0.5178426862569385,0.3584682495917272,0.19567100409129484,0.3931839018493873,0.3460742744205338,0.23940668376002644,0.0
162126.15625,0.7004842162132263,13.169086456298828,0.5257399026882844,0.34480468728910574,0.1998821308520899,0.3565736523633639,0.32781097544685234,0.25048063529722836,0.0
943712.5625,0.696821928024292,7.771017074584961,0.44065353643696487,0.23808664062641244,0.14656743117628435,0.32228613604093587,0.2973561648376997,0.24740964359897352,0.0
165574.765625,0.2372419834136963,1.097281813621521,0.5206525323521085,0.3351523263887395,0.22094529867601415,0.3568533173617956,0.30835192734813943,0.27221644803018935,0.0
164332.109375,0.3476090133190155,1.505818247795105,0.5258917315773526,0.34218237240471855,0.2341532773139081,0.35715093943198134,0.30829651525476204,0.28406689099027266,0.0
162476.765625,0.31325122714042664,4.081723690032959,0.5281199648300909,0.33428649684077466,0.22738327720710905,0.3574133611866707,0.3036221344090774,0.27981461970425303,0.0
162772.265625,1.010436773300171,24.27562713623047,0.5055576245821389,0.3105061651544623,0.18444157179818843,0.38073695465727686,0.29842875508760136,0.2382264339746062,0.0
168446.40625,0.7234041690826416,11.108281135559082,0.4356716288011673,0.3143696005535517,0.17438462537802518,0.37211787938327145,0.32983357910579764,0.26830993065857406,0.0
171663.640625,1.5500578880310059,68.46326446533203,0.470548181846875,0.3703624190775363,0.23260207480761103,0.35768926242396626,0.3348285055916491,0.2984946781772765,0.0
169849.9375,1.4445751905441284,41.43288040161133,0.5106806212183924,0.3999285549705209,0.2431625328865616,0.3700348058674608,0.35233349208284065,0.25699885775319464,0.0
169700.78125,0.876276969909668,23.27424430847168,0.5029332664570197,0.3840732004498354,0.26856629301708707,0.38860296863883953,0.3702894619945891,0.3072088048458684,0.0
164367.1875,0.5766878724098206,9.086146354675293,0.4914769380300603,0.3577615489179818,0.2581014845031506,0.3974524281984981,0.3659071548184913,0.31747934333264954,0.0
167406.953125,0.3107028901576996,3.5074622631073,0.4814562769394524,0.34624063120822823,0.2507218995176005,0.3957506442839619,0.3621712329378887,0.31627847401540615,0.0
958247.1875,0.36188840866088867,1.7657043933868408,0.4410696267470804,0.2384471842112075,0.14603926146823637,0.32196829878340977,0.29741233044500165,0.24623237472096512,0.0
166553.359375,0.33794763684272766,2.14795184135437,0.477717171213431,0.3376568717474374,0.24691540894947225,0.39437960176301196,0.3589640200407047,0.31534319709595343,0.0
164596.125,0.28646284341812134,3.1467185020446777,0.47643034852963845,0.3274637740717313,0.23569525318620677,0.39295177085878086,0.3544483446106176,0.3043200485240368,0.0
163305.109375,0.5401999354362488,10.856112480163574,0.47656744926979927,0.31925376061869964,0.22837915490662886,0.3916380026373001,0.35152080743341574,0.2964795245607406,0.0
156248.9375,0.6610837578773499,14.385241508483887,0.478222248673963,0.3126438195389219,0.22260326619520562,0.3897296454461758,0.34987658355816964,0.29475023033962866,0.0
154114.453125,0.4936985671520233,9.044475555419922,0.4752951043361172,0.30048244143514696,0.19761788023824575,0.38623030088139026,0.3436429381144108,0.2799714877695941,0.0
150911.140625,0.586164653301239,8.514239311218262,0.4761980116550063,0.29578997389320044,0.19527237186694116,0.38218788289997746,0.33554701253496233,0.2718783133952003,0.0
152556.71875,0.6723839044570923,14.90607738494873,0.4736941392585095,0.30334174116806667,0.20514280271677554,0.38249838066378156,0.34339658992815386,0.2770937597549513,0.0
147000.03125,0.7397539615631104,18.3558292388916,0.4735939666258874,0.3102950120854747,0.22135161231675476,0.38757283755340244,0.3532441440962602,0.2935939121533638,0.0
146048.421875,0.4530872404575348,3.7052955627441406,0.4804865882633603,0.3111034096941065,0.2291755792785231,0.3878488052628392,0.3527285720677424,0.3062860769354711,0.0
146097.5625,0.1746891289949417,0.8101289868354797,0.48308530292821283,0.30356286853917586,0.22501167108609016,0.38709216907217114,0.34957354619977477,0.3070783166703971,0.0
954386.0,1.367453932762146,36.683204650878906,0.44101165820423627,0.2377636482897329,0.14814443951169404,0.3212478990421689,0.2968937017055358,0.24851344391189772,0.0
153997.1875,0.3848259449005127,6.685653209686279,0.4853506609268607,0.3073479450274226,0.2285571110157309,0.38780425485690695,0.3474238446828422,0.30663895024332466,0.0
156632.234375,0.11894076317548752,0.6603631973266602,0.48456427238516986,0.3078539229929834,0.22764844487318392,0.3875983176850458,0.34699909334222845,0.3072943923312651,0.0
156406.765625,0.20102927088737488,2.7030270099639893,0.4854543548356182,0.3042459367772061,0.22493845104615293,0.3881097403767562,0.34850454693538324,0.30751480619501054,0.0
156810.921875,0.2018519788980484,2.670687198638916,0.48686604953819895,0.3107625743884541,0.2314214501323606,0.388731311176734,0.35141806517430724,0.3118393090771616,0.0
161365.65625,0.34949249029159546,8.077249526977539,0.48888089503683585,0.3123754097706899,0.2336772289769462,0.38881969594401655,0.3512334752034885,0.31359728830964345,0.0
159449.859375,0.4218335747718811,4.353357315063477,0.49025484591182467,0.3117982921126812,0.23340144072102437,0.3886842713617593,0.3517036213828177,0.31510803564557016,0.0
159922.6875,0.31693747639656067,2.468271255493164,0.49065133133561867,0.3166901087993334,0.23656720645616278,0.3880770396755834,0.3520477867302303,0.31294695605336503,0.0
160484.375,0.3499149978160858,4.341585636138916,0.49381589620147925,0.321515799314295,0.24313802665596712,0.38973615891200775,0.35466676663210406,0.3186763018531488,0.0
174520.0625,0.8101488351821899,16.142148971557617,0.5112009964121819,0.323056036775058,0.24773912376279178,0.3972446503126997,0.35137554361111656,0.3251685692732009,0.0
176131.15625,0.23946239054203033,2.237015724182129,0.5310794966414648,0.32758921630982984,0.24971461808827436,0.4022305720327447,0.35435023739903854,0.3286318768930622,0.0
973182.375,0.5050230026245117,13.251742362976074,0.4405373840015697,0.23794693802854236,0.150346601692441,0.32095553412167716,0.2967817334594907,0.25032555185050986,0.0
176321.203125,0.43625113368034363,6.910975456237793,0.5236431487413172,0.3217280774442466,0.2430781878200647,0.40188501569567475,0.3518056491731862,0.32638117761878116,0.0
176454.34375,0.3666011095046997,7.665416717529297,0.5214740919957739,0.323114664290259,0.24513360587276578,0.4033625767911846,0.3505113023366433,0.32922731762664054,0.0
154444.546875,0.8999866843223572,38.768436431884766,0.5180920493345055,0.31330906448699014,0.2409403538709835,0.4050969991737976,0.3559952610325106,0.33204808933993646,0.0
150973.140625,0.43065887689590454,6.971717834472656,0.5172335827434857,0.31861153028158495,0.24729125671447558,0.4040022686448663,0.35741940633860814,0.33300163124409676,0.0
151973.65625,0.34467533230781555,3.2194902896881104,0.5197576682297533,0.3170946189879452,0.24785554340685748,0.4037194491028061,0.3558671171712303,0.33329222499092837,0.0
981703.0625,0.19426247477531433,0.5776565670967102,0.44010048887382475,0.23840306304830888,0.15108925538131146,0.32208346476164035,0.2973998405717368,0.25059779399722915,0.0
984861.875,0.11974142491817474,0.28871890902519226,0.4402317296918283,0.23827020043683966,0.15134277535553703,0.32212937963236093,0.297557281776354,0.25102919764781123,0.0
983865.375,0.5968658328056335,4.178738117218018,0.440079050856984,0.23714771026066417,0.14951966645379183,0.3232543408248458,0.2970631207565202,0.24920716049617844,0.0
983623.875,0.35240638256073,3.919978618621826,0.4403058017625141,0.23733463292745294,0.1481594156413102,0.3239755676813594,0.2967008325808195,0.2469435834979197,0.0
971873.625,0.15681104362010956,1.2424039840698242,0.4402262848285084,0.23674269219965668,0.14778538220814003,0.32404129500212947,0.29636915362164834,0.2470913453702568,0.0
971991.75,0.0866636112332344,0.1727486252784729,0.44052328652234884,0.23672476551860328,0.14783130164550945,0.3239273194419155,0.2963938026223963,0.24710937292781304,0.0
1014558.875,0.984286367893219,11.537848472595215,0.48898255370059296,0.25685483004631804,0.16770532759388296,0.3074246809614754,0.30353304403384374,0.25236613496241805,0.0
967671.9375,0.4167630672454834,2.57609224319458,0.4406092523111721,0.23697379305896982,0.1491909388439062,0.32388005936689135,0.2972273012396006,0.24941780062698699,0.0
969438.0,0.6279219388961792,13.707056999206543,0.44053292769455804,0.23784248923474097,0.15075831762513842,0.3238460339579151,0.29753720077386325,0.25096750694087994,0.0
965963.25,0.2782914340496063,3.77001953125,0.4404828104111789,0.23806629542413596,0.15059758193807699,0.3238874906152551,0.2977634909952049,0.2512496550716023,0.0
931410.875,0.8324360251426697,26.02094078063965,0.4411736272169042,0.2375002884689158,0.1497192580317251,0.3241656321820454,0.29683963499529403,0.251005784616959,0.0
904641.1875,0.5357755422592163,3.4361584186553955,0.4420187856223991,0.2368937008399173,0.1497932433604999,0.3247105003014288,0.2966616456383111,0.25230878391264894,0.0
905640.375,0.4281481206417084,4.0956549644470215,0.4422897210318777,0.23681708120900008,0.15020861922719764,0.32470124330824063,0.29726079805828365,0.25310739800382076,0.0
895345.625,0.3471866250038147,7.220696449279785,0.44284976431645967,0.23625474854314757,0.15054435607083783,0.3248629565805131,0.29724243486761637,0.2542302982522957,0.0
868502.75,1.0804951190948486,28.124460220336914,0.4432930040740557,0.23414592286240438,0.14921135206688152,0.32482766081348846,0.29557530051519443,0.25284686367107306,0.0
878572.0625,1.1439344882965088,22.12881851196289,0.44276862226823066,0.23436125167097852,0.14860108177634765,0.32462407164832235,0.29541627573174173,0.25156022928091876,0.0
900337.9375,0.3645322024822235,3.513777732849121,0.4424447638493868,0.23568863079104083,0.1486364300770111,0.3245530465197971,0.2965656717630082,0.2512608415182152,0.0
1019779.5,0.8742682933807373,11.339376449584961,0.49471191518116675,0.2580644383439783,0.1681920432624856,0.3060165469368552,0.3043390263147004,0.2510956394044957,0.0
919780.0,0.31862178444862366,5.020564079284668,0.4421907354242937,0.23729704850125075,0.14850575217820255,0.32453660367856585,0.29768486143630496,0.2510762913184205,0.0
932616.4375,0.5922078490257263,4.369167804718018,0.44197462172272817,0.2374102944390173,0.1472213882242257,0.32426613456400316,0.2976186442744501,0.24973720018777482,0.0
931627.8125,0.5172162652015686,7.849678993225098,0.44203743811467966,0.23709141129896427,0.1466038016070802,0.32400977517131957,0.2966631703737584,0.24888850194940723,0.0
884344.75,1.47085440158844,159.245361328125,0.4418067585047696,0.23436788558031704,0.1465811648449437,0.3239918214022956,0.2917494295272062,0.24927083349104773,0.0
838735.8125,1.2255971431732178,68.9842300415039,0.4411074344424596,0.22751358014529705,0.14605521397051568,0.32319577811293304,0.287378279388777,0.24868710687107953,0.0
826462.75,0.8215750455856323,23.982757568359375,0.4424880791992481,0.2225680196212702,0.14525459422563108,0.32155432224122793,0.2900298865180608,0.24960358189155135,0.0
827718.5,1.232488989830017,55.931785583496094,0.44354278287844984,0.22210164974956775,0.14674387561406077,0.32067307567772974,0.2920534851333005,0.2510829586893973,0.0
820814.1875,1.4711151123046875,55.49679946899414,0.44167214955169776,0.22614918710523368,0.15268640616492157,0.32037482835512876,0.2976235722543788,0.2594279208747173,0.0
814871.875,1.590816617012024,117.24296569824219,0.4389494330822983,0.23231334136719545,0.15604187332104708,0.320663169470427,0.305022222826118,0.26649206322956137,0.0
828212.4375,1.3707810640335083,40.739173889160156,0.43957686001060337,0.2321407577198784,0.15933516724302868,0.32296687390394985,0.3009663386154284,0.26601883812104243,0.0
1023347.125,0.7016745209693909,4.978975296020508,0.49062790860270794,0.25494297424452933,0.1603990289306718,0.30642246691906705,0.30221847850618894,0.2427301874712305,0.0
830683.4375,1.1539020538330078,48.146400451660156,0.44500320472442867,0.23354657498873202,0.16098031390020093,0.323923997786894,0.30196130782387326,0.2679545473200382,0.0
831061.3125,1.6260486841201782,119.04222869873047,0.4500577026500341,0.2273382580184821,0.16130378833179237,0.324589853390808,0.3031403642168538,0.2674045736877945,0.0
802171.875,2.250988006591797,186.78839111328125,0.4572401221592692,0.226159443375112,0.1587222840780162,0.3254396468522362,0.2986040933314345,0.26244481123887214,0.0
848784.0625,2.3441994190216064,193.57839965820312,0.4516013686029724,0.2340622801725109,0.16051906811993144,0.33555671256614217,0.29502100693100003,0.25776836310400175,0.0
854344.0625,3.9724326133728027,674.2730102539062,0.4562184686449835,0.2502194482626529,0.16780808277939535,0.34112634164268885,0.31839493374643935,0.2583467406118336,0.0
923312.75,3.795550584793091,736.703125,0.45006929838733356,0.26709686883353123,0.16500110903671017,0.3376087122250014,0.3136267941788793,0.2640331268034039,0.0
921220.3125,6.870293140411377,802.2249755859375,0.4499515545364858,0.2749174522468565,0.1677354133757109,0.33935289707395405,0.3167700928431753,0.25961462375334504,0.0
822470.9375,3.571716785430908,399.84246826171875,0.4495662064610778,0.2489601973346286,0.1752891866553537,0.33710431029663135,0.3055616941564404,0.2837336037661546,0.0
758917.0,5.1322197914123535,824.3673095703125,0.4269269273362402,0.2152461718051924,0.16892839658679165,0.32832197024549276,0.3014173714088886,0.30315559126848074,0.0
742288.4375,3.921072006225586,329.90447998046875,0.4079651372000814,0.21327694694407331,0.177920759550378,0.3324934090862321,0.3130158677601886,0.315114331697031,0.0
1024960.6875,0.807857871055603,12.000831604003906,0.49068303843773114,0.2538875106933192,0.15860335782584115,0.30652538603054374,0.30075004642851044,0.24071131926821152,0.0
789147.9375,3.9914419651031494,441.4195861816406,0.3997617870435078,0.2150833772702686,0.17511916041235465,0.34250114425791917,0.3180324521412137,0.2924517920378399,0.0
828183.125,6.142626762390137,923.7965698242188,0.38665217496563464,0.21141208264640998,0.15436567793136877,0.3389880373642746,0.31002831394294444,0.27317026541073486,0.0
910783.4375,7.3036723136901855,1437.7801513671875,0.41643538369438665,0.24175793789609876,0.16970476790750788,0.3222481593170994,0.3010668803598621,0.2773092907623694,0.0
1031515.5625,9.735325813293457,1587.246826171875,0.42437440967074896,0.2506860252777393,0.200629813660538,0.3122201711552659,0.2842004396731581,0.2787518047064186,0.0
948648.9375,15.371623992919922,4534.72509765625,0.4098433738270494,0.2556392005277987,0.1694127592035035,0.3346112936615217,0.2527984199604002,0.24797155762630407,0.0
1028960.5,18.714717864990234,5953.73291015625,0.5872657502038675,0.4115054791666957,0.2232917806056591,0.4085506731638971,0.35508041135291907,0.24256071540097654,0.0
842847.1875,9.612001419067383,2514.6103515625,0.4204855610400084,0.27429485565166345,0.15156359373260941,0.40403085009973505,0.32141460320305415,0.17777740235238587,0.0
804091.375,4.362903118133545,570.2313842773438,0.40534914000572697,0.250032059568337,0.12885561852362792,0.4056721911016983,0.3284342455401066,0.1687982759089323,0.0
840174.375,1.686964750289917,177.5159912109375,0.45870268053838104,0.2655201042167157,0.1203100462729521,0.4039660323451332,0.32367646834103303,0.15318836167713756,0.0
843630.5625,3.058138608932495,264.0682678222656,0.48504521095944625,0.2825864248125931,0.14256491913612623,0.38154541939857495,0.30981917385352414,0.16036499464549783,0.0
1032056.3125,0.7549068927764893,13.213455200195312,0.49671336312339825,0.25729753605119915,0.1655916375340405,0.3047025106445732,0.3019787214683417,0.24598153889963334,0.0
885485.6875,0.669356107711792,38.129905700683594,0.46686457081373584,0.28143769834435123,0.1532655549989935,0.31558426905823944,0.29622751850342727,0.23577268448149488,0.0
885016.25,0.15385375916957855,0.7574407458305359,0.4647635539501558,0.2804062114337612,0.15755560443755695,0.31246603603363426,0.29471822049535684,0.2382580080144246,0.0
882731.125,0.39556175470352173,2.4954397678375244,0.46304911671377125,0.2790867972595871,0.14886589978263184,0.3124355126706334,0.2935614886546829,0.2360290622785577,0.0
883321.9375,0.24449259042739868,0.7898798584938049,0.46106797159318225,0.27830648156203336,0.1482532665397057,0.3126836023335564,0.29337921281549445,0.23619736285394766,0.0
883354.5625,0.17301464080810547,0.7673653960227966,0.45958161323580127,0.2775571545832383,0.14393278366170886,0.3104887325371729,0.2915470411602812,0.23571650891302587,0.0
870674.25,0.9729955196380615,9.338019371032715,0.4596689093856213,0.27702139693028194,0.1450160819467357,0.30852354710180785,0.2894469565512884,0.23557383508486074,0.0
883764.5625,0.3689398765563965,2.7792768478393555,0.46078636716528704,0.276574234546648,0.14826387824409784,0.3106444954700277,0.29032928761311616,0.2358554574863837,0.0
884712.0,0.08515537530183792,0.1493626981973648,0.46173719270451363,0.27762446604917324,0.15509082977921204,0.31277967228617903,0.291595013075988,0.2368686715499358,0.0
884090.875,0.28243207931518555,1.5592695474624634,0.4622783423016433,0.27815860088432975,0.15511236314163845,0.31427057026659344,0.2925660229553776,0.23678754039630273,0.0
883763.875,0.31075331568717957,1.5102089643478394,0.4630593069467474,0.278976502915095,0.1576793371757878,0.3174952835147714,0.2942957582746674,0.23697026699202645,0.0
1038291.5625,2.183171272277832,84.5637435913086,0.5140907076330345,0.2714076495430789,0.18684497792917265,0.30162209319756994,0.3009348701881059,0.2629434682235777,0.0
883636.3125,0.430595338344574,3.2840044498443604,0.4635155752304664,0.2798143436985731,0.1582118970892801,0.31828017196119174,0.29507960815753675,0.2368554398876626,0.0
883099.375,0.20049628615379333,0.8117564916610718,0.4636576213174484,0.27969531196694053,0.15968187545355125,0.3182235371132669,0.2956494435894116,0.23761408290286185,0.0
880958.875,0.3957650661468506,1.8717498779296875,0.4642470212629128,0.2803562105517965,0.16118524432945444,0.318408625595055,0.2957389246477749,0.23722721673687183,0.0
884829.25,0.37442824244499207,1.7906570434570312,0.46529148137130877,0.2808674698787814,0.1620954530560625,0.3185127292477656,0.29670289563650826,0.23775019946994244,0.0
886414.25,0.5036983489990234,10.567909240722656,0.46461749746192565,0.28051519309642026,0.1619391896658001,0.31876618241712207,0.29661468850076955,0.23772464230824167,0.0
873856.875,1.069243311882019,24.188589096069336,0.46498548187858135,0.28135589226126634,0.1623700146944505,0.3184660751535949,0.29584008586635774,0.23705447149449957,0.0
875834.0,1.4534070491790771,24.050350189208984,0.4637744136013021,0.27909515514939537,0.1607911531405411,0.31660268566050725,0.2943196686516023,0.2359708950858994,0.0
887906.5,0.36209389567375183,4.170262813568115,0.4640339411097275,0.279232230213593,0.16161387037852326,0.3156276815393603,0.2934987290618438,0.23595582751741553,0.0
891684.5,0.08851786702871323,0.1840112805366516,0.4642302656543876,0.2793476350888819,0.16162876537025478,0.3150290851355453,0.2928836245723782,0.23546787774409111,0.0
891464.1875,0.12041617929935455,0.3717680871486664,0.46422146441830064,0.27942048950785886,0.16119164741988815,0.3148128473435978,0.29279030920190285,0.2354144212624908,0.0
1052061.875,2.981058359146118,156.7641143798828,0.5485363193944054,0.29199237669183736,0.15721929036092966,0.3137423811189831,0.3046503840892092,0.22858644613732967,0.0
868210.3125,0.4879136085510254,3.258152961730957,0.46208332332119995,0.2783817768125902,0.15144359517840958,0.31421433491596507,0.29042881244166324,0.2349149509129407,0.0
867404.125,0.37031009793281555,6.539438247680664,0.46172281623286127,0.27828387126895204,0.15210190233390133,0.3149505381419844,0.2912647293052444,0.23550394828785715,0.0
864452.5,0.20971472561359406,3.152787446975708,0.46142793708574603,0.27819146573829734,0.1517328773547744,0.3139823327815869,0.2923091726993472,0.23772374981790376,0.0
856137.1875,1.3557602167129517,50.0176887512207,0.4666181614093663,0.28115061968445737,0.1604244601922106,0.3250442236483064,0.29747831774779954,0.23399084323127597,0.0
858753.5,2.1231706142425537,168.161865234375,0.4881497202731435,0.2960791470347826,0.1407673002477746,0.407822098201055,0.34065375271116305,0.16545031756042394,0.0
863162.1875,1.3580145835876465,76.7568130493164,0.4500723284492835,0.2766678321676291,0.11900240565008609,0.394959179198442,0.32473747742297293,0.1584091658444409,0.0
853106.375,2.241537094116211,283.2929992675781,0.40043000133810114,0.24602127577581479,0.11811803033015719,0.4105684679927054,0.32987188702014447,0.15957282788629643,0.0
882909.3125,6.830256938934326,1540.32861328125,0.4449610795794937,0.29291695771414195,0.12257705552625066,0.405380150734083,0.3374629640380204,0.15732286300186996,0.0
988792.375,12.844192504882812,3294.043701171875,0.4681430970485229,0.30696521248359293,0.1284084699218404,0.39344498253214827,0.3117751288626592,0.1547978441508786,0.0
991381.875,7.292627334594727,1057.0076904296875,0.5812606381857689,0.38178488608693284,0.16027079213483286,0.3988481674255586,0.3575506417260302,0.16876913791985604,0.0
1143526.625,9.42357349395752,1876.392822265625,0.4288426158829046,0.22683877319983725,0.14923634488151202,0.29907990952192387,0.2713236331170607,0.25375631108579394,0.0
,1.133721947669983,27.45362663269043,0.5288002769596578,0.38566566575467237,0.3285313811256669,0.362771234894722,0.32729856825487,0.3014795719026563,0.0
638682.0625,1.3966362476348877,35.788028717041016,0.537608553627383,0.3931660622381746,0.34355035955808344,0.3556980460161368,0.3080222622216524,0.2920379753688413,0.0
663607.4375,1.8378453254699707,86.97498321533203,0.5337393482875974,0.396837177474463,0.34739338831083355,0.36202546671325336,0.30984720498768115,0.29698285573921734,0.0
744873.75,2.1625378131866455,82.17606353759766,0.5299786073494605,0.3889384752572841,0.3386079022576075,0.3662207470414926,0.31265285020666567,0.29864666076759927,0.0
697299.4375,2.0649757385253906,122.7904281616211,0.5334522693865107,0.3952166189402014,0.346147759987391,0.3714061417320955,0.3189838133933906,0.3043382976933446,0.0
696840.9375,2.264625072479248,108.37670135498047,0.5401309842612917,0.40346348042310975,0.35227800492194683,0.3950012943142457,0.3390683785717286,0.3217512722099525,0.0
669589.5625,1.8107593059539795,53.133548736572266,0.5311158875814904,0.39807684289721956,0.3415094516562116,0.3750579994423019,0.3284988414757728,0.3134605668714271,0.0
765818.5625,2.838496446609497,127.8143539428711,0.5189378453209947,0.39140161841420235,0.33173707824824633,0.3519295991104669,0.32128905489766485,0.300655518481516,0.0
774405.3125,2.148805856704712,75.32244873046875,0.5286496123245535,0.3853569090718235,0.328788617523219,0.3427955174059315,0.3248022374128719,0.30463279660914994,0.0
729456.625,2.2037899494171143,76.65436553955078,0.5383953595850286,0.3865775295806423,0.3319927039296206,0.33526327724231414,0.3196830367716176,0.2989399921408678,0.0
775449.0625,2.642974376678467,121.01791381835938,0.5529955728061546,0.39708685377127173,0.34069265787453046,0.32865135276206026,0.3159310589378957,0.29590362480327753,0.0
797230.3125,1.5324432849884033,32.72605895996094,0.5311852833817146,0.3883526617565929,0.3317800289481789,0.3636481744930094,0.32940194937008843,0.3039507979807128,0.0
803485.3125,2.052306890487671,68.71007537841797,0.5661683887429719,0.41387121024616674,0.3533074640329126,0.3219895788998911,0.3160169838115538,0.29640412236417285,0.0
739809.1875,3.0019242763519287,141.9077606201172,0.572954670078649,0.4054261747324153,0.3513058304129243,0.32446311934285943,0.3144425079317071,0.3009046243516328,0.0
775023.375,3.666010856628418,201.7971649169922,0.5614900460855795,0.3863442284145628,0.33753732067537845,0.3504351036755627,0.32497921402406926,0.3170886722771886,0.0
663458.875,2.7612273693084717,161.23995971679688,0.5247011909152048,0.3694630860657907,0.32614614460881575,0.34914431058217044,0.3417714056515181,0.3365764560493162,0.0
624290.5625,1.952157974243164,71.91498565673828,0.484953185169782,0.36091628331286935,0.31843290982842165,0.3696731599325664,0.35476404825218755,0.3539146913140556,0.0
651897.5625,2.4986908435821533,102.44019317626953,0.5143677249268851,0.38550735842501505,0.33474682728178423,0.38511561293283775,0.3612210874532879,0.3516303235510069,0.0
728203.5,2.3984897136688232,84.14598083496094,0.5238131019171081,0.3965220597513959,0.3440615344708039,0.37673995501886354,0.33592964928334573,0.3201169036900492,0.0
819274.5,3.3178586959838867,122.79557800292969,0.5252231836367566,0.38296393650398713,0.33002252919003255,0.35736229947683745,0.3254149764607343,0.3062491077167811,0.0
755176.1875,2.39786958694458,88.09095764160156,0.5384225209406919,0.38590833171391337,0.3361530768624089,0.35415055621326186,0.3187148329845335,0.3015654889224526,0.0
723855.3125,1.0854873657226562,23.727256774902344,0.5475953321837146,0.39015682082872855,0.33774689652821027,0.34824707034615493,0.3159324641768274,0.2968349759604099,0.0
806964.5,1.2662408351898193,36.8494758605957,0.5305171358582711,0.38632453373957504,0.3328202520526551,0.363780231402834,0.329025820490747,0.305078914760726,0.0
766632.6875,1.3506460189819336,30.032379150390625,0.5511517026217337,0.39263536384697373,0.3386233921494393,0.3400293340401533,0.31363304555470223,0.29510561618861175,0.0
739720.0625,2.8424320220947266,197.59506225585938,0.5380743311318819,0.3712557144176817,0.32118256034462833,0.3570839666933132,0.31743980343041645,0.3012277504008072,0.0
656510.0625,4.071905612945557,239.8253631591797,0.5185026397874973,0.356385880455098,0.31176078815734065,0.3636669088325517,0.3192371736227634,0.306457824652828,0.0
602779.5,3.038416862487793,190.0721893310547,0.49307167148444325,0.36106000373662606,0.3171302108709304,0.34324817806008495,0.3091211872786769,0.30220114028573386,0.0
588367.1875,3.528095006942749,388.3376770019531,0.5273970563919399,0.35821908885390114,0.3160256818385833,0.4017123979574181,0.32764229325293237,0.31368392740547046,0.0
665911.5625,3.3716344833374023,165.17022705078125,0.5233231797779858,0.3893863330399135,0.33321063508015625,0.3956352611528561,0.3329102123637442,0.31207415735929145,0.0
691952.8125,2.8570079803466797,155.66102600097656,0.49808186999115883,0.3613519397957135,0.3051783422320007,0.3736458977164076,0.32386813613022414,0.2969320978605499,0.0
714741.6875,3.2875139713287354,138.33848571777344,0.4970741661443094,0.3501269775497503,0.29662668213264864,0.3700864548536851,0.32390654280754533,0.2981080147771571,0.0
743935.8125,2.122474431991577,90.22611236572266,0.5055604168084964,0.36003015370656843,0.30489541371818285,0.3682769919658669,0.3218346127984549,0.2923381192672334,0.0
718719.1875,1.1405609846115112,25.011302947998047,0.5121200522919932,0.3669742792161385,0.3104053679458035,0.36778432183397075,0.3236913144363313,0.2918504504665955,0.0
755591.125,1.6111550331115723,31.259353637695312,0.5320425543314262,0.38231755495303255,0.32940538691785887,0.36279075631741636,0.3290513595627776,0.30576333268033945,0.0
666900.6875,1.2261712551116943,30.10106658935547,0.5154785477909506,0.3659181211869501,0.31056343981129464,0.36719081650167024,0.32150410275240027,0.29082026585821485,0.0
637489.4375,0.9913524985313416,16.1175537109375,0.5178325215462798,0.361540443642617,0.30555616188657814,0.36622080629049153,0.32091495470757075,0.29006550672661835,0.0
607360.6875,1.1288204193115234,33.55459213256836,0.5185940847156252,0.35722735760834223,0.3022058981913637,0.36449464957010586,0.32030329749571473,0.2902917747870361,0.0
594897.8125,0.6920614838600159,10.828925132751465,0.5187757454507403,0.35490316296943747,0.297961527634784,0.3645312959788897,0.32037863709428344,0.2874971204048709,0.0
574602.0,0.4464363157749176,4.300556182861328,0.5185432428525315,0.35170810958736504,0.2953242531921225,0.36439951486965355,0.32040058445842534,0.28787546399626757,0.0
573656.4375,0.4879930913448334,5.071403503417969,0.5199085743378248,0.35162800349084644,0.2972627372222948,0.3639775936839895,0.32175180656591773,0.2914308769261933,0.0
581330.8125,0.34986668825149536,2.579474687576294,0.5202139244237489,0.352105557925603,0.29749194468381207,0.36388799312634795,0.3228999365284333,0.2923931914260499,0.0
575248.0,0.16066187620162964,0.6803019642829895,0.5203987942381259,0.35242286816305646,0.29783768378230735,0.36388326424952244,0.32273425589095345,0.2920139319184344,0.0
702838.9375,1.2634556293487549,25.47353172302246,0.5335869610169697,0.3821989683685875,0.3274532159757503,0.361331493347672,0.3270996217017506,0.3029280303008972,0.0
672569.8125,1.3874094486236572,37.5224609375,0.531615811471282,0.37950965621236854,0.32289203423464163,0.3605168076734358,0.3233696667698161,0.29862995039042906,0.0
667365.3125,1.1049480438232422,15.547611236572266,0.5307583835776103,0.37870228774353615,0.3229994623646821,0.3590589576762344,0.32202394474822443,0.29757283821963015,0.0
659655.25,0.8955047726631165,9.594470024108887,0.5321704344463325,0.3790454205843435,0.3263740117467121,0.3564860672440421,0.31959261305249714,0.29713195925512215,0.0
655332.0,0.9600576162338257,22.365774154663086,0.5337868305615016,0.3825208000259867,0.3303990269496761,0.35458923567912,0.3167560572583219,0.29478416682420894,0.0
639456.9375,1.390342116355896,40.21998977661133,0.5362333809026831,0.38856439912231383,0.33910618736682974,0.35321150833120607,0.3109062718476739,0.2920271626926782,0.0
,0.5381343364715576,6.408173084259033,0.619106641933555,0.4186527074519907,0.3758587127709295,0.3788038768791846,0.360765271943465,0.3566065303909126,0.0
3458502.0,2.0696334838867188,177.42820739746094,0.6135375431169758,0.41415667054135763,0.37624361257419126,0.3787545078656385,0.3599950479217431,0.35068974716985557,0.0
3319383.25,1.8893755674362183,122.5500259399414,0.6122386608126462,0.4167499692268322,0.37727985960623756,0.376956314236144,0.36435762961596174,0.3571095835978446,0.0
3179938.0,1.6916255950927734,144.0175018310547,0.6150495604875932,0.4165292083362597,0.3768779936252256,0.3801396331369187,0.3649657921489641,0.35929870657911667,0.0
3217977.25,1.5382475852966309,127.2344970703125,0.6148803709707167,0.4163833009786862,0.3763290110121201,0.380413859325551,0.36359107182785017,0.357454414392818,0.0
3293904.75,1.0379846096038818,51.030853271484375,0.6158737011683157,0.41778187490657404,0.37745606432819245,0.380848562676367,0.36492089607604294,0.3596057271410325,0.0
3262447.0,0.3732971251010895,7.223457336425781,0.617284965690787,0.4179779807158525,0.376868857378279,0.380940648943848,0.3643730173936669,0.3597371358091855,0.0
3182399.75,0.6583718061447144,26.56687355041504,0.6166534680158882,0.4157190297983132,0.3750070262401684,0.3815300947988579,0.36409579504993694,0.35978433968105084,0.0
3092857.5,0.43284592032432556,7.410778999328613,0.6157124423035952,0.4139292316316957,0.3734107614384166,0.38213712505720715,0.3638369558529376,0.35959485324423474,0.0
3127045.0,0.77611243724823,41.91286087036133,0.6157760717215951,0.4139241391191694,0.3732285088802054,0.38244505599465,0.36352642892280257,0.3593174724759014,0.0
3090407.0,0.6001911759376526,20.256441116333008,0.6157129687915855,0.4148531156234909,0.3741563678061124,0.3828406574293209,0.3616429192515328,0.35759532858185406,0.0
3052592.75,0.4773852825164795,6.336994647979736,0.62011742573131,0.41890413473657506,0.3771759656549126,0.3789805468436579,0.3599993926482446,0.35613502280764575,0.0
3126954.25,0.39473605155944824,10.091931343078613,0.6147306240512043,0.4150373193350285,0.37466906643149755,0.3825579911465037,0.3607209416223941,0.35648508397141687,0.0
3142663.25,0.31080132722854614,4.148523330688477,0.6146827859938032,0.41563954840808104,0.3752074726046779,0.38235601935698826,0.36032915653287256,0.3559654290308442,0.0
3153772.5,0.708343505859375,13.99405288696289,0.6150989137594802,0.41621955964320945,0.375667478726524,0.3822400980608361,0.3603738839044365,0.35618323375346783,0.0
3142114.75,0.45080995559692383,4.877877235412598,0.6153376395950395,0.41584515111004117,0.37498524775971015,0.38255716164008335,0.3607888814347642,0.3567086985656025,0.0
3114556.25,0.6596654653549194,29.887001037597656,0.6157278259067631,0.41500578723267295,0.373737184290619,0.38315477744154186,0.3623586490783559,0.3582667011150975,0.0
3069622.5,0.4198251962661743,4.920820713043213,0.615787640818939,0.41411090723850913,0.3728749350253701,0.3830359572922439,0.3629539026750996,0.3588382530867915,0.0
3096774.75,0.6890103220939636,16.246551513671875,0.6161584410740337,0.4150938477758106,0.37411969534348766,0.3825010142227622,0.3622491835028581,0.3583090421938652,0.0
3177128.75,0.5935359597206116,24.56608772277832,0.615987541117772,0.41644126679820576,0.3756330776531084,0.3815633156192496,0.36093453222513605,0.35686563919794306,0.0
3187026.25,0.47736096382141113,12.546283721923828,0.6160513082932937,0.416775755658887,0.3761348475388827,0.38129556060241115,0.36017259690137876,0.3562100900102341,0.0
3194158.25,0.7691171169281006,41.93043518066406,0.6157826357396838,0.41639271826867635,0.3756280060121815,0.38157731006398166,0.36050505883759854,0.3565389465427647,0.0
3010133.0,0.397880494594574,4.304152965545654,0.6199744806511284,0.4182983870575594,0.37630517885641934,0.3793613221049955,0.3603849410722727,0.35671877600614965,0.0
3212472.5,1.5939491987228394,354.4127197265625,0.6186859847984411,0.41939843336321886,0.3785272746566093,0.37923270787882163,0.3601257768988188,0.356378896125842,0.0
3551886.5,3.2294836044311523,1820.4840087890625,0.6228818982306787,0.42552276921250787,0.3830297908480959,0.3772742814219167,0.3628489178786948,0.35756847723161167,0.0
2839835.75,0.6442026495933533,44.0653076171875,0.615633040050148,0.412951132413337,0.37179406324825587,0.38329191305968446,0.36377340085950605,0.35990055537792526,0.0
2824751.25,1.1785541772842407,85.63971710205078,0.6158309435048448,0.4133719807881416,0.3725209310107623,0.3826606181761085,0.3631002115026789,0.3592984692289199,0.0
2823727.25,0.5453945994377136,26.13106918334961,0.614143278847451,0.4125576150342251,0.372331406405385,0.3833531319380619,0.36289707049731634,0.3588042133598785,0.0
2773825.0,0.4276890456676483,8.003274917602539,0.6119650867777217,0.4102899459277435,0.37006814519039216,0.38506010042501393,0.36361777851303473,0.3590776828766615,0.0
2742414.75,0.6947597861289978,39.94676971435547,0.6115702335145122,0.40976435999223276,0.36978761594536635,0.38543836408728765,0.36378779720537857,0.3592849288262698,0.0
2779562.0,0.34078508615493774,4.643859386444092,0.6122076498038916,0.41051925165350195,0.3706493310362727,0.38500207396302216,0.36353001682037767,0.3590458429767269,0.0
2756565.75,0.6023766398429871,11.190865516662598,0.6127534845988325,0.4101220998810265,0.3700277834318271,0.3853342945508569,0.36424252220311915,0.35979615008565324,0.0
2709864.0,0.6830883622169495,32.444576263427734,0.6134454332452818,0.40870136752458747,0.36832179084062616,0.38586131089665127,0.3659187234959369,0.36149126731306397,0.0
3006043.75,0.3994016945362091,4.791079044342041,0.6197774237728313,0.41811339414104703,0.3761702907720478,0.37944117284238627,0.36053148474085434,0.3569546775388378,0.0
2681643.5,0.5765008926391602,32.160255432128906,0.6134258288358737,0.40828726699546264,0.367763686163302,0.385626634956579,0.36605122208669755,0.3616879274507569,0.0
2656975.75,1.7110764980316162,86.90572357177734,0.6135900956053888,0.408934940733215,0.36812175911170375,0.3841926888635717,0.3647234133199537,0.36011608826471986,0.0
2709786.75,1.1331303119659424,76.74676513671875,0.6147782778256006,0.4107238730777436,0.3699651618740074,0.382787087326983,0.3631800133927199,0.35885922525562,0.0
2698832.25,0.5501062870025635,18.84979248046875,0.6143756715758839,0.4103520512506145,0.36978263589038546,0.3832077533804868,0.3632260858802484,0.35900986829073006,0.0
2716235.5,0.5585959553718567,21.523874282836914,0.613445949203277,0.40966089435165015,0.36945654553676627,0.384278904436013,0.3641026617405149,0.36000853109635383,0.0
2736670.25,0.4824160039424896,10.251959800720215,0.6139967736275018,0.410336911865343,0.3699219364553128,0.3841691530539894,0.3642861360503271,0.3601412618215917,0.0
2715121.5,0.9161863327026367,92.59010314941406,0.6148107492041661,0.4104077330549762,0.3698113201891675,0.38375255440895734,0.3644508819669513,0.3602671742596897,0.0
2814964.5,0.4034959375858307,13.124246597290039,0.6173831751548196,0.4137982562662347,0.3730620604329786,0.38139874277009195,0.3627432142785458,0.35879404535717874,0.0
3131471.75,1.9148184061050415,468.6938171386719,0.6201824064780063,0.41912602756225575,0.37835788487255184,0.3784626930129144,0.36060659993682853,0.35691293911539596,0.0
3478955.75,1.2412992715835571,173.8494873046875,0.6229035672882993,0.4248514232897438,0.38258852772536756,0.37613150328103856,0.3629875589917742,0.3576230509930185,0.0
2979942.5,0.3085675537586212,3.2475533485412598,0.6198812680476723,0.4182130637513537,0.3761817345386153,0.3792077450283454,0.36069700415427003,0.3570054697576108,0.0
3645592.25,0.8831291198730469,126.76631927490234,0.6244205906117587,0.4270049826605897,0.3843407360913386,0.37518856623607,0.3610331281512979,0.3549476205736326,0.0
3509162.0,1.4248554706573486,245.322021484375,0.624534992100867,0.4266954086515424,0.384483125395603,0.37515946078665086,0.3623093713399411,0.35708385598372966,0.0
3370827.0,1.344693660736084,312.22705078125,0.6237974046482155,0.42560717414460847,0.3832751453056609,0.3754295355276138,0.3629618183035686,0.35827720116456463,0.0
3359460.5,0.5332261919975281,41.15801239013672,0.6226647823926473,0.42457789777106825,0.38187802861947096,0.37602334812369415,0.36298874146506444,0.3581026796939043,0.0
3207626.5,0.9076049327850342,137.97373962402344,0.6210483335693024,0.42162930286632366,0.37970034184234613,0.3771859568126179,0.3612268531517723,0.35720120910345504,0.0
3030489.0,1.0392084121704102,158.47686767578125,0.6189184402009561,0.4186389169270775,0.376900601584325,0.37871291118784517,0.3607313459370156,0.35674667599545085,0.0
2901457.75,0.6144319772720337,30.68775749206543,0.6172174076058525,0.41613086570242014,0.3748797890998225,0.3800844381885106,0.3613887475563198,0.3574620528830948,0.0
2874032.5,0.39609256386756897,11.077083587646484,0.616546973515359,0.41525521547026417,0.3740586103233323,0.3805796133173065,0.36189689945805664,0.3578384699917979,0.0
2828907.75,0.32182934880256653,5.157781600952148,0.6165702037710655,0.414744496055779,0.3737001668257153,0.38054683989404664,0.36199437822786096,0.35805144998239324,0.0
2828012.0,0.8123922944068909,25.278255462646484,0.6166790047131532,0.4146910362799888,0.3737146599867012,0.3806619305949281,0.3622055347163838,0.35815963721484145,0.0
2956393.75,0.40358468890190125,6.242615699768066,0.6199919726737007,0.4179950679501021,0.37635349718569455,0.3790738874604554,0.3602441171956769,0.35675412327675093,0.0
2863693.25,0.8917921781539917,28.445539474487305,0.6162433692118872,0.4142424451426989,0.3742505685642678,0.38078648793756104,0.36195970800404514,0.3583848733140456,0.0
2928160.25,0.3693910837173462,6.649316787719727,0.6170477217506368,0.41564638098181317,0.3762497213470672,0.380491523499098,0.36068719574026686,0.35769901928842296,0.0
2933348.75,0.32296448945999146,3.8230390548706055,0.6168909153580626,0.415682487810967,0.37627914982835375,0.38062694137542036,0.3607743150092292,0.35767715465079564,0.0
2942532.25,0.2717624306678772,1.3629263639450073,0.6171131575827249,0.41595862799878425,0.3765955878541547,0.38061345950158615,0.3607660396708612,0.35778950737118403,0.0
2946970.25,0.30497539043426514,3.1123201847076416,0.6170212649008764,0.41596234672272847,0.37639850566798866,0.3805720134029797,0.360749159188883,0.357631296230409,0.0
2959768.5,0.19127009809017181,1.3073146343231201,0.6170963192123338,0.41579023829983475,0.37605760962109464,0.38049567134709267,0.3607704741141605,0.3575799893216299,0.0
2958544.75,0.3955230712890625,5.699530601501465,0.6172720720388037,0.41568708344152316,0.37632251140592793,0.3805047195339054,0.3609579514728968,0.3579646054331563,0.0
2959629.0,0.42195940017700195,4.751546382904053,0.6174132347930081,0.41613790124184674,0.3766974282715922,0.38041692071362215,0.3604577266250813,0.35728569156623785,0.0
2975063.25,0.3231491148471832,2.3668670654296875,0.6173928301047598,0.416345208040791,0.37650229416845316,0.38054595761836746,0.3610012728741947,0.3576354431834344,0.0
2981928.25,0.22544418275356293,0.8851654529571533,0.6173780515246954,0.416498843555748,0.3768917857576909,0.38044488391593945,0.360578540128756,0.3572871646110246,0.0
2946701.75,0.31851789355278015,2.3984947204589844,0.6198454426295574,0.41801931611697407,0.37707653614286546,0.37903465201526976,0.3602774264281799,0.3570427932461771,0.0
2983274.25,0.27323296666145325,1.5611103773117065,0.6173856770917756,0.41651256438852136,0.376965045447333,0.38039586575484885,0.3605635933280499,0.35730559388068184,0.0
2972088.0,0.32782411575317383,2.800913095474243,0.6172691806404845,0.4162227772340414,0.37604411443227187,0.3805529819452246,0.3613080107207346,0.35747009268140695,0.0
2974539.25,0.3283660411834717,1.6112855672836304,0.617292534145243,0.41598022975856824,0.3756115885067892,0.38053599732048976,0.3614155218820991,0.3575329659741243,0.0
2982642.75,0.3542688488960266,2.7012693881988525,0.6170966119379299,0.4161777049655498,0.37586317686464155,0.3804653747674823,0.3612987183050141,0.35747142222867023,0.0
2975920.75,0.3358900249004364,2.450490951538086,0.6170846160558618,0.41612059845100846,0.3757545769786616,0.3803665169586886,0.3615985347245099,0.35779220044638205,0.0
2963480.25,0.5270292162895203,23.348661422729492,0.6174483409036474,0.41590666704703655,0.37564478997309136,0.3804868011910059,0.361761547741122,0.3580141452941404,0.0
2965284.0,0.5249913334846497,18.93358039855957,0.6172598240795373,0.4158457126677191,0.375504756288662,0.3803787433131938,0.36180328545064944,0.35807172457296965,0.0
2969410.0,0.41741055250167847,10.476552963256836,0.6175803866897902,0.41699047394204347,0.37655098985514895,0.3804474173287242,0.36060015825417335,0.3569223632756727,0.0
2940704.5,0.9592928290367126,39.8193473815918,0.6179269262848597,0.41562153738927066,0.37492658510687626,0.38071281751280994,0.36224295439208865,0.3581332047741525,0.0
2911797.25,0.5766108632087708,12.047924041748047,0.6176448629916558,0.41593413740399754,0.37468971462515893,0.3803940074612821,0.36186550635146475,0.357469811918431,0.0
2968876.75,0.3762211799621582,10.3487548828125,0.6198242411767402,0.4180495958156923,0.37716501623055093,0.37907638305940855,0.3603338903159012,0.3571318518814024,0.0
2957417.25,0.3205014765262604,2.8846473693847656,0.617623416734136,0.4171038203904412,0.37594613284175105,0.38050225592574416,0.3608236207112816,0.3566403637412627,0.0
2964521.75,0.27337968349456787,1.7283477783203125,0.6176362379786591,0.4165965673516097,0.37548595557430425,0.3803548938832422,0.3609964670613181,0.3569188614680418,0.0
2968517.25,0.29308459162712097,2.7500107288360596,0.617693996454932,0.4165496931429656,0.375451297555008,0.3802500131674285,0.3611113140229814,0.35692454243977123,0.0
2975782.75,0.1587245613336563,0.8891077637672424,0.6176337506034096,0.4166379101341634,0.37563109559204605,0.3802757091887853,0.3612516878978121,0.3570796661408915,0.0
2977550.0,0.2138269990682602,0.9254798889160156,0.6176194497949979,0.41643807189392595,0.3752529801114653,0.38025400638137646,0.36115484821926913,0.356914948683847,0.0
2976240.5,0.2218114733695984,0.9983001947402954,0.6177215150062653,0.4162814509661149,0.37522149292357176,0.3802461289042086,0.3611116116549835,0.35690057026393174,0.0
2971437.5,0.3572978377342224,2.9162511825561523,0.6178146151851654,0.41659239384545654,0.3751846279684645,0.3801983980857567,0.360778056727343,0.3563555839547377,0.0
2968422.0,0.22718803584575653,0.8488064408302307,0.6176691009728054,0.4161926524413226,0.37484490065837134,0.38021647158484645,0.361147029642667,0.35658085882033375,0.0
2967076.25,0.18754735589027405,0.6517558097839355,0.6176555633412065,0.41630469571096784,0.37476134279053985,0.3802476554461244,0.36128700437022104,0.3566288485845265,0.0
2951954.0,0.29324254393577576,1.7772817611694336,0.6176285004565364,0.41632861220581663,0.3748757765050262,0.38025441148955436,0.3610334451193452,0.3565899303173516,0.0
2904254.0,0.514571487903595,22.446382522583008,0.6194951327024378,0.41731201384919087,0.3767584113875916,0.37932244162181505,0.3603050465424986,0.35724116856683624,0.0
2942564.0,0.18694907426834106,0.8963630795478821,0.6176032999893285,0.4160910905631587,0.375162915329977,0.3801951697428304,0.3612115704455137,0.35738175400787936,0.0
2957541.25,0.42516958713531494,7.618213653564453,0.6175328028770328,0.41671765654593235,0.37595862647655465,0.38021118855532776,0.36080522566970413,0.3570677772968233,0.0
2970549.5,0.2560456693172455,1.17007315158844,0.6175724693208922,0.4171003212645493,0.37591046121130295,0.38029229134247583,0.36045298259831315,0.3565132435307126,0.0
2974185.0,0.3369525372982025,2.030245065689087,0.6176977207779029,0.4170865995495666,0.37595074370803383,0.3803298173248926,0.3601626438897867,0.3561117607561954,0.0
2992257.5,0.24808239936828613,2.0873069763183594,0.6176784114416525,0.4167934297915372,0.3757985223147444,0.38025714943329725,0.3607170623789746,0.3567905813928282,0.0
3006218.0,0.24876417219638824,1.9999710321426392,0.6176720741603118,0.41674698439829966,0.37559915117216436,0.38023010955640024,0.3609112211193868,0.35693211034167616,0.0
3017419.0,0.14410534501075745,0.5348234176635742,0.6177397969421728,0.41689391738819576,0.3757926061669559,0.38019800079270155,0.36124431950265834,0.3573660401747656,0.0
2957918.25,1.1922801733016968,45.00551223754883,0.617367998957979,0.4168612927959261,0.3757514506685551,0.3803009720829309,0.3607652741024779,0.3565320191243069,0.0
2962259.0,0.5931849479675293,7.309294700622559,0.617259174537889,0.41647658065890125,0.37563833885243114,0.38041287157215586,0.3608461984764086,0.35655166729651755,0.0
2990884.0,0.24762305617332458,1.45866060256958,0.617289772058121,0.41655844715342755,0.37581080316312643,0.3803830958206405,0.36081924453408576,0.3566577785349657,0.0
3139402.75,2.2256100177764893,274.51959228515625,0.6239354620540767,0.42250344268658807,0.38147452975456897,0.3758440209697474,0.35923434775156793,0.35626095543480046,0.0
3007122.75,0.252974271774292,2.1487576961517334,0.6171576834179585,0.41687749630803517,0.37615058450042865,0.38047421662660247,0.36076341241688425,0.3565988078679155,0.0
3020526.0,0.38661450147628784,2.770385503768921,0.61731650074304,0.4172496517006142,0.37639702631147814,0.3806397985402196,0.36051680235818684,0.35636915681253817,0.0
3018452.25,0.27940380573272705,2.767779588699341,0.6172954815475787,0.41711882904128034,0.37611425029488144,0.38058214472151797,0.36071095331169756,0.35652895592351674,0.0
2983935.5,0.24934624135494232,1.803403377532959,0.6176371598186398,0.41682696130309727,0.3756474897445728,0.380422005465102,0.3606799595859052,0.35663696366630143,0.0
2988619.5,0.4766779839992523,10.28064250946045,0.6177005556328017,0.4167460656528085,0.3754500654644185,0.3804983357632681,0.3606682359597317,0.35647310439208074,0.0
2980406.75,0.28113824129104614,2.242295503616333,0.6176400690664822,0.41616356044685365,0.3751340536874898,0.38047920677965136,0.36091210255872275,0.35660717813728304,0.0
2965021.5,0.3480237126350403,2.485097885131836,0.6176212947410238,0.415665641071081,0.3748023417648812,0.380240261339548,0.3611394872983537,0.3568501662414528,0.0
2971474.5,0.2678072154521942,1.4610744714736938,0.6177006187569916,0.41580810520792144,0.374849408807762,0.38020807514653576,0.3617621046120085,0.3573065565674729,0.0
2970417.0,0.37082305550575256,3.3026459217071533,0.6177379565281168,0.41598863287628696,0.37493446503369426,0.38025200725299296,0.36136350131372985,0.3569851324995622,0.0
2957267.75,0.2333962619304657,1.802456021308899,0.6176504613676743,0.4158246496954152,0.3747944771707199,0.38048780527475284,0.361444839128684,0.3572637472798041,0.0
2941558.75,2.86297607421875,1354.9566650390625,0.6215303324097786,0.419548834500017,0.37747580252834834,0.37724742410230494,0.359281756582519,0.3557585189706496,0.0
2983007.75,0.604092538356781,3.8267874717712402,0.6190617830640852,0.41925069277674276,0.37677827994058316,0.37878843435149356,0.35992735149323357,0.3559173016802763,0.0
2991305.0,0.33086371421813965,4.460894584655762,0.6176159220642106,0.4159867253698001,0.37490811672991264,0.3804030993388617,0.36140566615965103,0.3571923228635174,0.0
2995898.0,0.29430484771728516,2.195181131362915,0.6177997934668431,0.41652324487235004,0.375415219036739,0.38027890472055037,0.36108186666906306,0.3568931582765531,0.0
2999280.75,0.43891748785972595,5.352673530578613,0.6178421168937785,0.4167498187345192,0.3756315592981525,0.38021012466618553,0.3611973340826485,0.3568696329565519,0.0
3003436.5,0.4261196553707123,5.3180131912231445,0.6180049751448068,0.4167395850005936,0.37577586488586623,0.3802802820477713,0.3613617572939856,0.3571082777291915,0.0
2968842.75,0.4234057366847992,4.761504173278809,0.6173835720168137,0.41575590981985044,0.37454226550975744,0.38031460131033795,0.3618577686140937,0.3577313642444709,0.0
2948867.75,0.26697710156440735,1.6443333625793457,0.6172759349905643,0.4156128431046098,0.37453578872405424,0.3803259918320603,0.36191508481043044,0.35771188981320695,0.0
2935344.5,0.34574365615844727,2.565727472305298,0.617366064809111,0.41576935844027235,0.3749996034763169,0.38014298724308965,0.3616474192268202,0.35748344941227056,0.0
2939317.75,0.33371368050575256,6.303418159484863,0.6173256718464838,0.41554168474091285,0.3743441118590437,0.38003739605052583,0.3622523320833097,0.35782675475185366,0.0
2928713.25,0.37493908405303955,6.859103202819824,0.6171554418143409,0.41523736028409297,0.37405737730216226,0.380007322068951,0.3620180680049172,0.3576504481832901,0.0
2923566.0,0.7082189321517944,26.79318618774414,0.6173312094116882,0.41525313504036093,0.37402033651115596,0.38031847862011037,0.3622003952072796,0.35782425983494215,0.0
2650650.75,0.6545146107673645,24.033884048461914,0.6163191788267265,0.41195177298414365,0.3701641060443315,0.38105372045607067,0.36209120127327904,0.3580813993499858,0.0
2926197.75,0.756320059299469,27.40898895263672,0.6174497526429333,0.4149410929240098,0.3735348841673627,0.38061646331892435,0.3621368810770601,0.3579341162077755,0.0
2954400.75,0.24126680195331573,1.7696114778518677,0.6176762060218381,0.41631313491132993,0.3749223037173882,0.3805215637090067,0.36059833167512295,0.3567116220380029,0.0
2965028.5,0.40451544523239136,10.387617111206055,0.6176904189419422,0.41560663709454115,0.3741583627376516,0.38049422717747045,0.36181849835141966,0.35765302038886093,0.0
2963039.25,0.5070695281028748,66.68277740478516,0.6165243516340625,0.41417640023866936,0.3725813564432831,0.37926439422173636,0.36423341483981236,0.3597234540665703,0.0
2977139.5,0.31295982003211975,2.0268490314483643,0.616459880377433,0.4141884729469107,0.37262071058100354,0.3790640450353258,0.3642689384276415,0.35968313275386987,0.0
3000283.5,0.5396502614021301,47.95417785644531,0.6173092158872567,0.4150384746244858,0.3733760322199972,0.37978935536250913,0.36336437643956165,0.3587459650925367,0.0
3029194.5,0.3492058217525482,12.174382209777832,0.6180627753007437,0.41710754581860865,0.37575730025071924,0.38015747583805987,0.361909641335908,0.35761278019326026,0.0
3012127.75,0.3633306324481964,4.791254043579102,0.6179337834863836,0.41635270064888047,0.375142856386693,0.3801315570486177,0.3627687696718102,0.3583294091250387,0.0
2987573.5,0.3313898742198944,2.2761266231536865,0.6178915864193267,0.4157204472377245,0.3743334306736899,0.3800547416648288,0.3632938962330748,0.35878925736621814,0.0
2975820.5,0.37824103236198425,7.5513129234313965,0.6177348205004084,0.4153504798157502,0.3739039731890417,0.37997250781149405,0.3633450973777717,0.35877707067410886,0.0
2715476.25,0.7161903977394104,37.198486328125,0.617668763430967,0.41531676480955254,0.37378687263096105,0.3793544957430259,0.3597580621066545,0.356194083699877,0.0
2984686.75,0.34593942761421204,5.358105182647705,0.6177397479222443,0.4164659683401236,0.37502353788357806,0.3801030612475854,0.36216839947084106,0.3577687517598083,0.0
2751305.0,0.8054586052894592,32.22538757324219,0.6170825651180125,0.41515440081769506,0.3739860699942236,0.3799693272477205,0.36002801851254257,0.35644203395398794,0.0
2766144.75,0.45075079798698425,18.93736457824707,0.6162673688223754,0.4143670510623442,0.3735660359523691,0.38076960104864493,0.3608763200949438,0.3571165659343274,0.0
2766101.25,0.4443942606449127,31.761537551879883,0.6177895273531642,0.41572850203911293,0.3750746773904466,0.37955331480905635,0.3603570294910801,0.35668138691239437,0.0
2896271.0,0.8652485013008118,114.5379867553711,0.6194609185300092,0.4186884575205499,0.37810718764645246,0.3782182644006912,0.35915391789453444,0.3557351743486972,0.0
2947736.0,0.46469634771347046,6.6426191329956055,0.6212738966281829,0.42076799386043834,0.3800467398406815,0.3768095744309038,0.3585456576473941,0.355301582083479,0.0
2972597.0,1.2059580087661743,100.19359588623047,0.6231461404661274,0.4227096090867751,0.38187399786379705,0.3753450866215321,0.3577949198207624,0.35475805024081564,0.0
2959949.25,0.92265385389328,60.76506805419922,0.6247460501926178,0.4240167538087858,0.38347189519395486,0.3745625806610833,0.3580232708765563,0.3549556008766074,0.0
3061289.0,0.8059921264648438,35.64506912231445,0.6256443430984455,0.42567560087839257,0.38517489402093835,0.3742019532123681,0.35823685520741805,0.3552416776861066,0.0
3003020.5,0.28726717829704285,1.0064747333526611,0.6191488697761968,0.41937900971943765,0.37708019805005083,0.37885151670562006,0.3599539783120379,0.35600232138216514,0.0
3210857.5,2.024883270263672,296.5889587402344,0.6285959685051141,0.42957253093509,0.38777321079750404,0.3739078433303053,0.3639994337230473,0.36033110763670445,0.0
3249515.75,1.502175211906433,109.65322875976562,0.6305543039890529,0.4319501685723541,0.38964603511384255,0.3756082834907583,0.37002684893507715,0.3654073523134487,0.0
3286302.5,1.3706920146942139,82.5809097290039,0.6317726661082779,0.43357302366270223,0.3911194585497098,0.3774165648237503,0.373323995128521,0.36883459281052505,0.0
3706100.25,2.341747283935547,369.2517395019531,0.6261471554234309,0.4350788298399402,0.39331861318235867,0.3784353582761339,0.37536171295612264,0.3695048395755597,0.0
3982513.0,2.1111977100372314,282.8433532714844,0.6149000580207602,0.42845948555940955,0.3902526135083077,0.37482946940979667,0.3764754922635855,0.36826021787188734,0.0
3901460.75,2.307640790939331,347.4425354003906,0.6129286790175904,0.4267962460327258,0.3886860218536884,0.37158368182610446,0.37775659266455086,0.3666364434781525,0.0
3745120.0,3.144406795501709,577.72021484375,0.608846954145047,0.4198906635187259,0.3824403365624992,0.3703027254132995,0.38049278723744484,0.3664617103889659,0.0
3091577.5,6.155949592590332,1649.9713134765625,0.6038794757121977,0.399565823624655,0.36200544982760824,0.3658162319753066,0.3879870348079898,0.3681761781725627,0.0
2990588.5,3.256274938583374,526.1463623046875,0.6081083094712714,0.39642335847740284,0.35997388345924314,0.36806592707019553,0.3913313384793606,0.37000309028932415,0.0
3075685.0,4.734511375427246,943.6398315429688,0.6231411319465185,0.4006087564931068,0.3598674748813254,0.3819999480285275,0.3922527612968034,0.3720998693875909,0.0
3002239.5,0.2770199775695801,1.688985824584961,0.6192070719439219,0.41933634248866014,0.3770069457697506,0.37889932852051994,0.35998210863087005,0.355872396121381,0.0
2929072.25,5.272819519042969,1172.986572265625,0.6239109945770225,0.4088702241229221,0.37306058065244047,0.37500419551280917,0.37488073766431945,0.35973927285449375,0.0
2600350.5,4.771175861358643,680.5252075195312,0.5994116190654011,0.40400130545989477,0.3707900903525148,0.35185887079025097,0.34358414994141073,0.33204473877979684,0.0
2485117.75,4.425362586975098,823.9260864257812,0.5656917932657106,0.3989431114192447,0.3557015580689693,0.35407038320924034,0.3369580322819727,0.32425424244922263,0.0
2364630.25,5.286222457885742,1386.9541015625,0.5592207739706704,0.3960036755708123,0.3452827937583565,0.3664780847715338,0.3407208843862097,0.3320493245200892,0.0
2329234.75,6.003390312194824,1018.6407470703125,0.5619089993726862,0.39371665540923767,0.32560875927281957,0.36671285195523423,0.3348131420271881,0.33573921129576045,0.0
2331340.0,10.850366592407227,4919.814453125,0.5573843111916534,0.40165268760012846,0.3044791671082023,0.3662135843371195,0.34793982682197344,0.3306624026480109,0.0
2108839.75,7.594700336456299,2372.15625,0.5384043215084211,0.33506020106345974,0.3046644515658418,0.3457003698960536,0.34308711497185135,0.3333251962787879,0.0
2336072.75,6.932794570922852,1962.18798828125,0.561057963203213,0.3585927314124673,0.3274018189293967,0.35523497165092244,0.3526812667837706,0.35031730934965616,0.0
2582228.0,3.3034746646881104,209.705078125,0.5391673005394224,0.36073643776095876,0.3160868045171849,0.35781988573392204,0.33666962623499513,0.31582684854421345,0.0
2633887.5,1.1226569414138794,83.2932357788086,0.5299092959153919,0.34883063926273167,0.30227926942824,0.3544858185029785,0.3293769911558779,0.3016077451420441,0.0
2995862.0,0.2804199159145355,2.158160924911499,0.6191564552460318,0.41912525138033657,0.3767173004625312,0.37888035259167807,0.35995193367780515,0.3557537083844281,0.0
2614918.5,1.1521292924880981,20.66094207763672,0.5163394475816607,0.33882033572093,0.2841955582423111,0.3532785169240602,0.32457865995714097,0.2863838409643461,0.0
2575779.75,1.5617643594741821,41.110965728759766,0.506289413874348,0.34025053718630965,0.27415721997527925,0.35575963321469856,0.3242960497288498,0.2731581294077319,0.0
2595389.0,1.4192829132080078,56.38091278076172,0.5111430033154933,0.3519114515010979,0.2843438671703533,0.3568554816188262,0.3280539630410176,0.2772618281714752,0.0
2604978.25,1.1783720254898071,25.51320457458496,0.5218673545411334,0.35773948173943526,0.29261387828628294,0.3545806654542598,0.3312179568336198,0.28496843298972313,0.0
2597470.5,0.859494149684906,14.262824058532715,0.533508782438274,0.3613144837923925,0.2988185169078204,0.3528034169481319,0.33426955170658923,0.2911766932025717,0.0
2568455.5,0.7538960576057434,11.092164993286133,0.5441431242512362,0.36215597321830184,0.3000012345448343,0.3529005011848678,0.33709974965022804,0.2951914450378103,0.0
2603328.0,1.2847408056259155,37.990074157714844,0.5565773317588092,0.3702408962003791,0.31013743511932557,0.35481673825271914,0.340649921833278,0.302650939036513,0.0
2683943.75,0.9137197136878967,19.600648880004883,0.563854602775846,0.3739758619046508,0.31576045611622083,0.35665772221605835,0.34257451805351047,0.3071575458471729,0.0
2683564.75,0.8159739375114441,21.096792221069336,0.5702062157999461,0.37442257421013975,0.3203383606694779,0.35900040050533893,0.3442724819628624,0.31349729638531526,0.0
2674476.75,0.5895562767982483,8.133256912231445,0.5769322469695096,0.3749894417178004,0.3244056943789046,0.36247549574252325,0.3463594652617191,0.3198987918298318,0.0
3002101.0,0.20763815939426422,1.817240834236145,0.6191544314236608,0.4191003670617796,0.37679592231892706,0.37880157572947787,0.35983361442404405,0.3556895950847865,0.0
2687105.0,1.1428130865097046,30.018125534057617,0.5862082897998361,0.3758823779465586,0.3296854272248541,0.36847154339869403,0.348723727062885,0.3275448071415393,0.0
2720947.25,1.0598092079162598,35.90673828125,0.5946978993131737,0.3803394806306819,0.33798885182842686,0.37399218212708996,0.3513180375972641,0.3351691941564774,0.0
2747826.25,0.49688753485679626,5.052832126617432,0.6019995884534959,0.38512159665679474,0.34490001102096957,0.3789289000645052,0.3526602645220581,0.339965626459465,0.0
2795209.0,1.3195348978042603,36.95977020263672,0.6091833503353291,0.3915382633584435,0.35476897808946234,0.384047313420155,0.3541768260011027,0.34585949849910125,0.0
2840209.0,0.7134890556335449,11.421329498291016,0.6145337921601598,0.3954959105746992,0.3620804610964771,0.3882510533863716,0.355176169239074,0.3498019078437052,0.0
2820249.25,0.68180251121521,12.41215991973877,0.6182980216897049,0.3950454763021916,0.3631510341983876,0.3903214052712172,0.35543847417084246,0.35124897116211073,0.0
2864697.5,1.0633056163787842,23.61472511291504,0.622160670594942,0.4015809469745302,0.37032074471685,0.391961971129835,0.35613056614326216,0.35369396464903546,0.0
2907536.25,1.091853141784668,31.389976501464844,0.6266515077393077,0.40744734524966114,0.37480390454925416,0.39349961997316246,0.35913400971173615,0.3579909912565655,0.0
2894474.25,0.4845629036426544,5.806746959686279,0.6286087750039581,0.4081943438538683,0.3742312179788893,0.3936907707722688,0.3606212082085406,0.36004664293962046,0.0
2898692.0,0.8963544368743896,16.308135986328125,0.6288853481657123,0.4091007383841182,0.3738129627827522,0.39296105880828514,0.36136359693687775,0.3601820483644223,0.0
3020733.5,0.3762737810611725,6.433865070343018,0.6196030313707857,0.4191072547828202,0.3772433839721971,0.3787207941353128,0.3600028732528245,0.35613477491958884,0.0
2919523.0,0.6773003935813904,14.794276237487793,0.6293589488800103,0.4131395858605835,0.3756714343213168,0.39189324586363755,0.36184971842481495,0.3597285807724564,0.0
2877915.5,0.6369022130966187,14.893771171569824,0.6291396792159965,0.41032827988560366,0.3717766164159637,0.38987825233764944,0.36317711024888627,0.36046220273815105,0.0
2843936.25,1.1869572401046753,58.09043502807617,0.6257952974423537,0.4078139469465205,0.36951635843456376,0.3859192581010148,0.3653804692580704,0.3616061085410136,0.0
2888626.5,1.1908998489379883,72.98262786865234,0.6184146596498109,0.4124601161410174,0.37466216083924625,0.3793149175259453,0.36474943515401276,0.35923106382948966,0.0
2936919.75,1.4396822452545166,60.061649322509766,0.6127810609827948,0.4167565988383412,0.37954511159751714,0.3761470160147283,0.36325050151822375,0.3577036215807651,0.0
2960925.75,2.143522024154663,207.36802673339844,0.6227800809042455,0.4193742208616959,0.3785894896240976,0.3836331131582833,0.3676060362132628,0.36408941885372587,0.0
3094332.5,0.9649284482002258,44.172698974609375,0.6264736426720469,0.4264748940237435,0.3841152215384514,0.38422500045602875,0.36616210758122525,0.36349073001623633,0.0
3090333.0,3.077075719833374,514.414306640625,0.6261620190435028,0.4208317731148504,0.3780399910215291,0.38441177094326706,0.36459556762777595,0.35906082187252764,0.0
3157484.0,2.5574100017547607,138.44253540039062,0.6316848600429592,0.42218314835864074,0.37871062106600817,0.396820981475347,0.3628972487949389,0.35649956153191814,0.0
3110781.0,2.6018242835998535,140.7232666015625,0.6106219682137004,0.40409561848457554,0.3574300950556408,0.38355515156268355,0.35523932228953126,0.3411715035342031,0.0
3014472.25,0.3516600430011749,2.849733591079712,0.6202335463953973,0.4193652312800951,0.3774984084832386,0.37911318528369176,0.3601038031041869,0.35624711124622294,0.0
3097428.0,1.602662444114685,79.8033218383789,0.5827395648456752,0.3922047709152622,0.33109254803077104,0.3625415053668769,0.3408845454027759,0.31087763158446674,0.0
3150160.25,2.034433126449585,305.52984619140625,0.5682262766300933,0.3964972780269973,0.33339355608922894,0.3585425350677626,0.3415950788724561,0.3095852194063272,0.0
2921517.0,5.523149013519287,1753.3424072265625,0.5641068031875468,0.38009237748570257,0.3296842904021905,0.3563495427564054,0.34204958930303114,0.3210570487404309,0.0
2892715.5,4.798771858215332,1471.7491455078125,0.594876847561601,0.39935071755469564,0.3555240740051558,0.37174742862523896,0.35008276389121373,0.33928085560217447,0.0
3560357.25,8.020740509033203,3840.905029296875,0.5803695684040291,0.402308656245096,0.36394418274480284,0.36452578229416654,0.373951730464731,0.35710725818651007,0.0
2948321.25,7.31351375579834,1648.6064453125,0.5822366921214679,0.39240602386861234,0.35841144458241164,0.36496551188843884,0.36633809574405496,0.3536744325540177,0.0
2834744.75,9.017491340637207,3379.109375,0.5947413874988907,0.40603765645752493,0.36985624500644326,0.38054386204667295,0.33695209536204296,0.3254739717662903,0.0
2876367.0,4.724164009094238,1075.492431640625,0.6046268495168844,0.37033501134214053,0.3297501759795895,0.3954601363033605,0.37477196727318185,0.3597799291407803,0.0
3074151.25,3.6699001789093018,691.2916870117188,0.6025572280635799,0.3711653955455236,0.3286799671048373,0.3944498889548305,0.37782504170822784,0.36161488078096937,0.0
3280498.75,2.469865560531616,357.4800109863281,0.6039118734122485,0.3909798227112258,0.3491023826409579,0.39670228382196726,0.36860587728565836,0.3572630378642948,0.0
3016624.0,0.23138482868671417,1.0916569232940674,0.6203780605753149,0.41950228367324405,0.3776574283224507,0.37903522315193616,0.360333770852356,0.35641056954324996,0.0
3278378.75,3.420078754425049,787.9016723632812,0.6067439332027551,0.3912183233001251,0.3519309301655208,0.39935803016804006,0.370399781142361,0.36059217639208463,0.0
3399044.25,2.058753252029419,176.4419403076172,0.6092868618734518,0.3999491444112313,0.3625529498163423,0.40059251104386506,0.3724216298930026,0.3639454069169357,0.0
3451518.75,1.993612289428711,253.6551055908203,0.6122645060882818,0.41044817132945577,0.37504149540426673,0.40153230640411564,0.3753201299848146,0.3682786035352655,0.0
3430006.75,2.453256130218506,181.95851135253906,0.6157184644816742,0.4121140657330089,0.37886131145703067,0.40177047056123216,0.37521534498603043,0.36998318647013534,0.0
3737221.25,2.716660737991333,259.52923583984375,0.620935624535771,0.4199197820238466,0.38713663008276783,0.39879562245436534,0.37355463267530514,0.36878108424470846,0.0
3939676.0,2.0932581424713135,247.74517822265625,0.6269303086979465,0.4234028254935458,0.3920871230045969,0.39339577107065665,0.3681777704039677,0.36459812487794974,0.0
3822919.25,1.9436832666397095,273.19500732421875,0.6300263085559505,0.4239327877057066,0.39155542434520224,0.39066234530724153,0.36465099747024315,0.36077584292786136,0.0
3650078.0,1.3130552768707275,59.33549118041992,0.6294705619042876,0.41925914944003684,0.38375141188549045,0.3903563427609137,0.35693050064354065,0.35107411748053763,0.0
3582864.25,1.732291340827942,84.0522689819336,0.6283557141217219,0.4196722007963524,0.381948468683953,0.390608932889917,0.35865766736527965,0.3522333845242826,0.0
3501962.0,1.6490328311920166,82.41983795166016,0.6246955917806464,0.4162525962422615,0.3773645025348959,0.38768912636025116,0.3577151172704047,0.35005623104723044,0.0
3048820.75,0.40896666049957275,10.262073516845703,0.6204514809227654,0.4196063996310457,0.3779998736927545,0.3789052892309611,0.3600271873847707,0.35617541359379495,0.0
,0.40091437101364136,9.413878440856934,0.45072478056695886,0.23122933191492767,0.1902806346540857,0.36805734591227407,0.29544429527881283,0.26307040301028495,0.0
151275.84375,1.013266921043396,30.275930404663086,0.4655602941594199,0.212285767681242,0.1856911249143469,0.40609371248639814,0.2552383283490156,0.23729791498550434,0.0
151726.625,0.6208133101463318,10.434435844421387,0.4652951755905022,0.2186673640018613,0.19344474569012501,0.4069064426593688,0.2627980226718078,0.24636180688912565,0.0
144253.453125,0.8171574473381042,42.197208404541016,0.4644697692103344,0.21764586538545988,0.19498915724316201,0.41601909978351975,0.2652096514328959,0.25145500312326946,0.0
142594.15625,0.9777818918228149,32.0142936706543,0.4641076763996333,0.21896335354813634,0.19408165660119708,0.4155774119898836,0.26964183755677634,0.2519679947947947,0.0
137298.953125,0.7103279232978821,15.609987258911133,0.4640866336922691,0.22769892258185365,0.19585723014018513,0.4073435749419359,0.2768231039397156,0.2496890780996551,0.0
137904.6875,0.9412932395935059,36.28243637084961,0.4701427889756954,0.23466025096356377,0.20071155050187017,0.3997813693941565,0.278628126664667,0.24904447100466476,0.0
130265.3359375,0.8388010263442993,32.58641052246094,0.4774909523595739,0.2383183097084923,0.20108438226690972,0.39611766604189835,0.28281184399468506,0.2495875495506693,0.0
127797.453125,0.4296846389770508,5.546299934387207,0.47902261681523545,0.23311048767258827,0.1964146775859076,0.3963920665268425,0.28169702480653636,0.2491869414559911,0.0
127375.0,0.548351526260376,8.832651138305664,0.4785441639073299,0.22863645287230724,0.19302907730212027,0.397055284278426,0.28109287300807717,0.25042587391292814,0.0
124955.375,0.44625145196914673,4.9178595542907715,0.476266088777932,0.224737249812407,0.19036235351301833,0.39517961378190936,0.280449457716997,0.2504296930592362,0.0
115247.59375,0.7044713497161865,64.56356811523438,0.46036090701520105,0.2292260157180425,0.18871210697506702,0.37939475455127625,0.27885575538778457,0.25012737330882856,0.0
124794.0546875,0.5035364627838135,23.314828872680664,0.47454571519036537,0.22011792855691756,0.18633100664216598,0.3954446265585194,0.2761926833638899,0.24781856228144303,0.0
124214.296875,0.38944151997566223,15.896039962768555,0.475156646830263,0.2187386494714608,0.18341400782619985,0.39578419584626634,0.27569250367982584,0.2454510662442229,0.0
127039.9140625,0.5856921076774597,9.074502944946289,0.4765394820766843,0.22037325159578725,0.18624313280471186,0.39603703046856775,0.27515741354116746,0.246526502903017,0.0
127280.6953125,0.4326035678386688,11.33353328704834,0.4761718500583024,0.22257659797837825,0.18785944583264919,0.3928626683230388,0.27769184481079073,0.2487196582567411,0.0
128651.578125,0.4138954281806946,8.595502853393555,0.47590230770919306,0.22524864474589903,0.18940429884916105,0.38946893596465954,0.27834224992958967,0.24922893355994385,0.0
135113.71875,0.6945724487304688,10.963475227355957,0.4752710233508862,0.2288650947114274,0.19251961498640605,0.3902245968751401,0.275912598695969,0.2487216863404898,0.0
147983.5,0.8683913350105286,26.66209602355957,0.4688252568320927,0.22304691630211568,0.1893542239580294,0.3955015876779287,0.2688312850132642,0.24722648233450825,0.0
155302.765625,0.9876883625984192,39.91921615600586,0.4519319651184716,0.21151818102174663,0.1826630230667567,0.3878909806122049,0.25402703117070907,0.23877383242653205,0.0
142661.734375,1.6039057970046997,113.15367126464844,0.4458041164272707,0.20709282823181097,0.17803391238740984,0.3856987614416479,0.2653341453010068,0.24517293104800209,0.0
120311.5390625,0.8406636714935303,65.11844635009766,0.45799857346999434,0.21743295599069096,0.18878298577849903,0.40020855262298727,0.28650852385272607,0.2611396799127895,0.0
115290.1640625,0.5278913974761963,22.52436637878418,0.46013574332712515,0.2250807855433806,0.187504513322036,0.37917467875673383,0.27840960607410653,0.2505935646015354,0.0
116470.65625,0.6525869965553284,30.674774169921875,0.4645068469350053,0.22366093651334643,0.19330287446873168,0.4076079478998855,0.2907407715458184,0.26377669317511554,0.0
116140.7421875,0.7338765859603882,28.183834075927734,0.4622474819807073,0.22695296035747567,0.19549646188360167,0.4029884453261039,0.2915401612953511,0.2632147021104476,0.0
115255.84375,0.5633934140205383,20.193010330200195,0.45956683595378506,0.22767807129771275,0.19405546578194116,0.39722934655387404,0.2942203976189867,0.26302036070907003,0.0
107586.46875,0.4116732180118561,4.767730712890625,0.45447503685272617,0.23169158861701425,0.198171886161596,0.3911040994404682,0.3159911691225149,0.2798031680052395,0.0
107644.84375,0.44506123661994934,5.850133419036865,0.4494199537359843,0.23188353944240023,0.19792400080806138,0.387439017065222,0.316091776975574,0.27896740635436973,0.0
105020.90625,0.31929871439933777,9.849807739257812,0.4478427150670571,0.23070865813152033,0.19485814209357313,0.3870256550986804,0.3123274750696586,0.2732983147008554,0.0
106991.421875,0.20297110080718994,0.5888898372650146,0.4452666012537472,0.22911167878301572,0.19381997627545564,0.3865430510511934,0.30546823985372373,0.26868240339214483,0.0
107396.4765625,0.2763231694698334,0.9948179125785828,0.4437288045441472,0.22694176862669171,0.19258412702975017,0.3861166778634898,0.302452587539807,0.26710889843491825,0.0
109924.140625,0.22330234944820404,0.7002699971199036,0.44361974800174075,0.2250525061816858,0.1916271461925164,0.3861165263560246,0.29787663305662593,0.2642551734525649,0.0
110360.4921875,0.25608450174331665,1.1782575845718384,0.4456975190718815,0.22366841232031248,0.19165057869235116,0.3870381079027732,0.2965933114740202,0.26473591552997,0.0
116385.3125,0.29626956582069397,2.555924415588379,0.45947778413809753,0.23107611409627182,0.1931717299571624,0.378270900125265,0.2800561163960102,0.251864058799361,0.0
111360.3125,0.2994917333126068,2.307609796524048,0.44704739374765495,0.22535364740807565,0.19291216457008653,0.3877251345824104,0.2956950305414613,0.2638271154735272,0.0
112627.6328125,0.3323979377746582,4.3455328941345215,0.4463564038741519,0.2279215379702621,0.1948541464024848,0.3873577303675006,0.29454386327781945,0.26199339342058264,0.0
113519.0625,0.17711950838565826,0.6626474261283875,0.44774822635001266,0.22824852284292063,0.19503258272057528,0.388107794897742,0.2931047170082452,0.2609951622477626,0.0
113717.515625,0.1874844878911972,1.2899888753890991,0.4481881325341743,0.22760046819624014,0.19469563337114731,0.3883876734400898,0.29390490973162486,0.2620693042954762,0.0
113931.0546875,0.3927055895328522,4.50698184967041,0.4494813417355412,0.22482231478065853,0.19216626016828375,0.38944236341885197,0.2919524125256266,0.2609363886293027,0.0
112998.2890625,0.3544348478317261,3.5948686599731445,0.44905751594940724,0.22131617607569568,0.18884489111005823,0.38892892773238635,0.28743594973496045,0.25762470175875296,0.0
117065.59375,0.49675771594047546,6.970114231109619,0.4440880954465629,0.2189206818951867,0.18666577223452033,0.38590779815626763,0.2845784784921689,0.2567281933569058,0.0
119878.40625,0.3494419753551483,2.7094359397888184,0.4404417547407952,0.2174118384160295,0.18395593518853698,0.3843821741533204,0.2809834292479589,0.25323649723160774,0.0
115252.28125,0.4303430914878845,4.248993873596191,0.43765168227466283,0.22113775877836797,0.18878953818743793,0.3837749878426699,0.28835505845273374,0.25861775827187417,0.0
112484.703125,0.42254355549812317,4.2546067237854,0.4361595163435544,0.22120640612595716,0.1895718831957201,0.3839527531379893,0.29314996288404555,0.26192763745975567,0.0
116539.7734375,0.2497616857290268,1.5717989206314087,0.4592882827602158,0.23027670432572103,0.19194983187562842,0.37802501403679745,0.2800377614127504,0.251221950569501,0.0
112738.8671875,0.25379323959350586,2.215275287628174,0.43507834734870343,0.21883028575838184,0.18715980025196913,0.38435906604934267,0.2916114073358938,0.26033192043393616,0.0
107301.5390625,0.45412370562553406,10.82102108001709,0.4338345659456795,0.22347065145090028,0.19125759378729934,0.38488686788215465,0.30727054477242216,0.27161179377269024,0.0
106675.53125,0.3746447265148163,5.025465488433838,0.43069004967112784,0.2279396557470819,0.19564462285354237,0.384947329265477,0.3098879219076193,0.27414295681931905,0.0
108344.171875,0.29477211833000183,4.19188117980957,0.42736585963259166,0.22845648561993187,0.19781913824078587,0.38568861839331214,0.30544674172489616,0.2726441467870384,0.0
107498.0859375,0.3300032615661621,3.339603900909424,0.4259021581245531,0.2253205190677261,0.1959494217968869,0.38609487728544073,0.3032212584706953,0.2717881914835227,0.0
110371.7578125,0.4731407165527344,10.917343139648438,0.4251285025091302,0.22101079646268484,0.19190954672355412,0.38526824779908003,0.29186662797405305,0.26323385454235004,0.0
109364.0703125,0.8087459802627563,26.37346839904785,0.4310600694274554,0.2211533730395004,0.1912537396965813,0.3829807179816997,0.2952506255680532,0.26583109095801116,0.0
119620.90625,0.4012840688228607,4.643379211425781,0.4377904608955106,0.21412644209919768,0.18365650671952743,0.38244929888051504,0.27977558036814626,0.25465736792672444,0.0
128125.28125,1.0910439491271973,72.42723846435547,0.448185490909538,0.2079137500453274,0.17449978109896014,0.3882584345672239,0.2661751240861106,0.2421021202626517,0.0
135946.953125,0.7134950757026672,30.01710319519043,0.45567012145875263,0.2076885701082752,0.17387430055061187,0.3966298889303243,0.2561520835018662,0.2377827738035445,0.0
115350.9140625,0.22086761891841888,1.0432496070861816,0.4592908577886419,0.22668262709089262,0.1888694562233997,0.37793126893504336,0.2810485050335039,0.251855189408915,0.0
132101.609375,0.690335214138031,29.279815673828125,0.46218520365593063,0.1956452382932135,0.16517040296903046,0.4032452677664976,0.2522910015742684,0.2377704020603993,0.0
133209.15625,1.1978604793548584,60.024566650390625,0.459415274478225,0.20277568178020888,0.17051427503495575,0.39112869014129326,0.25762368042887496,0.2406477507408968,0.0
136067.734375,1.6303677558898926,268.1162109375,0.44670527286482525,0.2107982424883193,0.18046852425101267,0.354671020352649,0.25259127980583446,0.2401739210208122,0.0
109559.4296875,1.0815463066101074,70.88861846923828,0.4339860517879473,0.2204480266370392,0.18334151160870849,0.3309612500383054,0.29604106908212857,0.26359333674571733,0.0
113594.328125,1.4219465255737305,95.67037200927734,0.4306881854947372,0.2335492587944676,0.1929959918326108,0.31097652830197686,0.3054740681156615,0.274225162821202,0.0
128313.5859375,1.2443161010742188,103.60514068603516,0.4488389526739637,0.25999256221181893,0.22013458306249445,0.3541438647719551,0.3424024099220374,0.3125722728366084,0.0
134731.265625,1.3419229984283447,80.56022644042969,0.44658314979732916,0.23986605340046124,0.21379171332577898,0.3753679036901521,0.29695992647467073,0.28198722012208977,0.0
133171.03125,0.8510941863059998,19.104888916015625,0.43788316451608245,0.2396722659721418,0.2158913481444084,0.39010686783300874,0.3032010242244041,0.28922375916013726,0.0
129842.03125,0.8411972522735596,32.505889892578125,0.4324023721825373,0.24853471524655898,0.22444289473344495,0.38543119813640914,0.3253328422636334,0.3091779439562538,0.0
126677.75,0.7546271085739136,22.536706924438477,0.4328674161653859,0.2441486027141647,0.2160463344687559,0.3872889265568959,0.3221468797352325,0.3019911276179092,0.0
113693.921875,0.3003540635108948,4.278355121612549,0.4596711707662238,0.22209282358519425,0.18487098382627765,0.3787319550888597,0.2810069050284252,0.25193695585574266,0.0
127121.375,0.7636582255363464,21.88960075378418,0.42905547594437127,0.2397259444604542,0.21192674534893016,0.38290666518299754,0.31732837411258324,0.29744510077181713,0.0
116393.4140625,0.7598970532417297,29.880720138549805,0.4350191067529615,0.23358552688173514,0.2032509948133832,0.38080799943999305,0.3147420485288195,0.2886492741072288,0.0
114273.2265625,1.0619920492172241,75.31460571289062,0.4540001678811594,0.2229450755006557,0.19281766903070796,0.3808708733334813,0.3031173168136071,0.27852014993818336,0.0
112433.109375,1.1953881978988647,56.81984329223633,0.44905002428080576,0.20203552074829514,0.17414881437000349,0.38588209105465526,0.28998361662980615,0.2674675154218063,0.0
107254.96875,0.46162742376327515,6.724893093109131,0.43999155063035406,0.21156744053466153,0.18494813433800422,0.39063581135009107,0.306449685577607,0.28108525556346153,0.0
108716.46875,0.9719673991203308,28.76626968383789,0.4421398302129057,0.22008134250312,0.19267427304131246,0.3831299403376439,0.3090803777289184,0.2845098879744771,0.0
115311.4140625,1.0080710649490356,40.55527877807617,0.4286995579353313,0.22477057675320014,0.1959351527360673,0.3684582640474829,0.29348236053554316,0.26852721685254993,0.0
114078.3125,0.9440351128578186,80.05021667480469,0.4282497298590192,0.21252753112539668,0.18474437605762706,0.3803485657013949,0.2922903721558617,0.26520498460641284,0.0
131964.640625,1.5238460302352905,174.7682342529297,0.43404717224577777,0.23109969041305237,0.20097431301660956,0.37416100651512413,0.27904711756445016,0.26153038918004057,0.0
168246.96875,0.8986746072769165,40.46982192993164,0.4373747496090415,0.2087167742204436,0.17887915591529951,0.3716370135300423,0.2564963235595248,0.24594263902314267,0.0
112839.9609375,0.6348468661308289,51.2857780456543,0.4601907094371679,0.21756612850301804,0.18123162224811315,0.37908461084586687,0.2840002691614864,0.2537201093094081,0.0
175724.34375,0.40956950187683105,7.0184526443481445,0.4375631984225018,0.21178791488809548,0.18071188646344544,0.37116676756684963,0.2563420758199817,0.24601114803784319,0.0
178727.59375,0.5219148993492126,24.522380828857422,0.4356059425910054,0.2149340402438414,0.18276990161848114,0.361327835781018,0.257008711455913,0.24669841231621428,0.0
122914.25,1.7941455841064453,219.4097900390625,0.4369642511040266,0.21730686026415527,0.18581695711870794,0.3490643650022853,0.26372300193349957,0.24770226680243476,0.0
96570.2421875,1.196964144706726,76.11695098876953,0.446874624169575,0.2171693489847386,0.18563354589952258,0.35935490906912015,0.30353112498746215,0.27465403515653836,0.0
103154.8046875,0.9100771546363831,36.395774841308594,0.4516637700771421,0.19500245249582226,0.16717633516995323,0.365865324156631,0.2967348451225163,0.26994748269151253,0.0
101720.8203125,1.313514232635498,70.02589416503906,0.44997902549844593,0.20095763324377636,0.17460869280990027,0.3779204353072187,0.29935467630587526,0.27351522215359164,0.0
90645.578125,1.3595788478851318,73.04795837402344,0.4384561889505833,0.22988257349490324,0.19974852677751292,0.34506256713592587,0.30778018824323233,0.28072221892348603,0.0
99660.46875,1.4798215627670288,139.10777282714844,0.4193489664346315,0.20631669596174293,0.1784962615927311,0.3086171289370642,0.2655742003893068,0.24088873005534528,0.0
124224.203125,1.1746082305908203,115.35868072509766,0.4342556510429381,0.2295665298892388,0.19485324957863398,0.3387898314015374,0.2800475260882713,0.2585531125839799,0.0
116045.1640625,0.6872820854187012,32.406768798828125,0.44797452816333116,0.23350503136133857,0.19558690054775218,0.35774795002436344,0.30359939721369666,0.27341095318052966,0.0
112375.953125,0.385713130235672,18.946556091308594,0.4587792114028563,0.22380155578481942,0.1861322550184563,0.37737935232566383,0.28164671497267385,0.25209516107490004,0.0
112194.5703125,1.08083975315094,82.92290496826172,0.46333307226951775,0.24099705587502068,0.199172647700838,0.38009323236982095,0.32076313490291186,0.2812755471072644,0.0
109242.640625,1.158682942390442,77.59184265136719,0.46535729281580496,0.2400204274505237,0.1948498205721419,0.3901269948813936,0.3259209354103259,0.28270831511928135,0.0
127323.3359375,0.6540970802307129,16.121829986572266,0.4468474161893926,0.22295675998690814,0.184232440659228,0.36561920651290875,0.26731027514451744,0.2467327814369684,0.0
131114.515625,0.8362104296684265,45.57341766357422,0.4264039933352455,0.22189081778415756,0.18864829056078306,0.35477229263918947,0.25943758996496574,0.24217880924517235,0.0
120084.765625,0.774332582950592,32.75784683227539,0.4279732059795205,0.22018928126342796,0.1873385500340995,0.3716004304003755,0.2882550122334463,0.26307398110133984,0.0
113702.6953125,0.9088467955589294,43.87845230102539,0.43648081514065973,0.22022459116679055,0.18405880054102344,0.37802742460991307,0.30689232691495116,0.27367578218244826,0.0
113570.0859375,0.7205693125724792,25.765111923217773,0.43779906116337197,0.21953827426348899,0.18156724040287037,0.37586409258025005,0.3080772938885607,0.271494423446711,0.0
112608.1640625,0.8005935549736023,21.695518493652344,0.4371106137659493,0.21413695694084056,0.1797364475450269,0.3748267520276547,0.3152017774440562,0.27776042378126947,0.0
117232.21875,1.1916741132736206,131.7195281982422,0.43934659269015447,0.2082237673844368,0.17495734779202088,0.3707443062745742,0.2813982832194433,0.25457508409019575,0.0
118882.84375,0.8294674754142761,39.8311882019043,0.4488457351174517,0.23481425612867066,0.19639995210750538,0.37781012686699994,0.2899074309500364,0.25857081734144194,0.0
112097.1171875,0.3346320688724518,7.160665512084961,0.45605970862206646,0.2183661438283707,0.1818623408581441,0.3741080763765224,0.28971574082735296,0.2573843694115083,0.0
116306.421875,0.9902650117874146,51.48102569580078,0.45234507423134507,0.2277607964417478,0.19053601299226558,0.37528894788799727,0.2746013747072987,0.25167487190220933,0.0
108567.2265625,1.0440260171890259,70.30570220947266,0.4459631071801203,0.2267576284083509,0.18736441477728855,0.35247942568226726,0.3087514835827215,0.2706825113408855,0.0
107117.7109375,0.8345320820808411,34.91781234741211,0.44242395715728267,0.2247681300718559,0.190520071172546,0.34052823949676997,0.31110141134515146,0.2773668525196365,0.0
107964.9296875,0.7545584440231323,30.77330780029297,0.44322027883435633,0.22265541565236885,0.1864075204553049,0.35335515872492207,0.31206292583697476,0.27465969942892904,0.0
108778.8359375,0.6510424017906189,20.469989776611328,0.4418277521496256,0.21454832061250334,0.17891903919941285,0.35698437360423596,0.30609524448340747,0.2703997585516196,0.0
110001.1640625,0.7012733817100525,42.952537536621094,0.4362281418656448,0.20140441378507637,0.17084305842217523,0.35789658187681533,0.2825086956910165,0.25961511495677014,0.0
107403.5390625,0.9087132811546326,40.27185821533203,0.43515207420785085,0.1954385431465289,0.16542145954717957,0.3619870277485881,0.2771975890089654,0.25704136216524387,0.0
105129.9921875,0.4234531819820404,15.169715881347656,0.4394190079964284,0.19739655974195658,0.16718706097549968,0.36527370743268045,0.2698775334482161,0.2534165892157625,0.0
104792.3828125,0.3056555688381195,2.225611686706543,0.43963057600107786,0.19564765448537724,0.16592137484275182,0.3652119598873705,0.2684969274307905,0.25319463135574455,0.0
110176.953125,0.712537944316864,21.295177459716797,0.43861517710014153,0.19869843308854981,0.16836798386442858,0.3632487741242643,0.27616423439589455,0.25601903644252283,0.0
109395.703125,0.5358937978744507,6.9383978843688965,0.45459475162102136,0.21226058184866417,0.1793061451818813,0.3725328745421061,0.2865204916082494,0.25873424264316236,0.0
104280.5,0.7832449674606323,4.876152038574219,0.4504686419997178,0.23464554542191096,0.19266026404197262,0.36755396295910636,0.2953987856623918,0.2627753433993669,0.0
112220.8515625,0.5040065050125122,23.231515884399414,0.4381978865283689,0.20568685278730112,0.1735441955077675,0.36109583958116037,0.28336033498599694,0.2583679871136631,0.0
112414.40625,0.3339981734752655,1.756335973739624,0.439494014664857,0.2120943589968156,0.1780315979635585,0.3621452177686344,0.2921532093513937,0.26194305697047054,0.0
112321.46875,0.49620404839515686,7.0111308097839355,0.44092027861865657,0.2166379309962142,0.18109622953632293,0.3664700204209731,0.29889476342213706,0.2646912654296696,0.0
114320.3046875,0.494362473487854,14.2855224609375,0.4426891049609236,0.21745097340447087,0.17948160864430876,0.37026754838298653,0.2959534407884375,0.2597464915656933,0.0
114282.765625,0.47651126980781555,7.191214084625244,0.44375726152904504,0.21961163132493766,0.18018331407905105,0.3728883718829627,0.2994870559743246,0.26060407212505143,0.0
113094.296875,0.4842246472835541,8.922571182250977,0.4444055123616021,0.21901146588265807,0.17844852084250717,0.37520319819749376,0.3045490521077604,0.2627926193382165,0.0
111845.8203125,0.6281548738479614,12.072481155395508,0.44647310242059934,0.22010058708880142,0.18180021689319328,0.37550585735535796,0.30010506898870787,0.26304721313035195,0.0
109295.3203125,0.6380961537361145,19.047569274902344,0.44841744265062217,0.21705896067825894,0.17953828960318433,0.3692504828319738,0.2981095432411983,0.26396900103700804,0.0
115831.984375,0.3554304540157318,4.241551399230957,0.44923122383857506,0.2155103926863516,0.17929171360791538,0.36645739442199987,0.2865217745513594,0.257772915400601,0.0
114435.4609375,0.3324931859970093,4.677325248718262,0.4496290186664074,0.21349410962551701,0.17772998444309826,0.3641069174944294,0.2839525906305094,0.25728604881938255,0.0
105159.4140625,0.493559330701828,9.582819938659668,0.4555203337801177,0.2154220250754695,0.18169710883537293,0.3758461268676478,0.2911769386114664,0.261423159878119,0.0
123303.625,0.42057907581329346,14.334607124328613,0.45070946432081405,0.20305041325583023,0.17030265598845606,0.362043023945416,0.26355414117889786,0.2462273247671131,0.0
117732.5859375,0.5614047646522522,10.518683433532715,0.45161002547189544,0.21183249196170953,0.1753309987491736,0.35938130448464917,0.2738733678171851,0.2505977594410979,0.0
111737.796875,0.36736002564430237,5.117612838745117,0.45173285860225143,0.2244988833380318,0.18610986444035083,0.35740520101618195,0.29139101346968843,0.26130316850099405,0.0
112367.578125,0.37218862771987915,2.50494384765625,0.4517405520500349,0.22584901921439232,0.18749327790575962,0.3564963596352348,0.28879510304861095,0.2600026862814356,0.0
113421.265625,0.2570103108882904,0.6005314588546753,0.4521878602950785,0.22420611344735442,0.18500500961994384,0.35569733890472355,0.2831430672999378,0.2557388469180369,0.0
114895.2578125,0.2174072563648224,0.5430282354354858,0.45247786333890927,0.22522256985814515,0.18572071859415856,0.35578091284795826,0.28468879858706236,0.2566398686968409,0.0
115613.2734375,0.29704543948173523,1.5530048608779907,0.4528746455700424,0.22588829112393033,0.1867677562534437,0.3561807715938539,0.2832821188745618,0.25570150012146825,0.0
119113.109375,0.38326582312583923,2.9135091304779053,0.4537737020040847,0.22682836630713177,0.18637483928865947,0.3574252886893229,0.2775947708500994,0.2511747819901111,0.0
120111.0,0.39559048414230347,2.1612815856933594,0.45423581899930093,0.22671986784037612,0.1860823640136522,0.3582219009601731,0.27766149589041783,0.25057346815626874,0.0
120739.578125,0.2909255623817444,1.6030700206756592,0.4543613228529197,0.22581339489927948,0.18428567856453512,0.35930020244616967,0.2815050667353345,0.2516396038792936,0.0
103958.28125,0.8861654996871948,57.921966552734375,0.45882125849123023,0.21805851050153863,0.18189762463100104,0.38756619159252653,0.2931317583864511,0.25971196347828823,0.0
125802.9921875,0.4340546131134033,6.860410213470459,0.4542381441976199,0.22935931363376943,0.18612646863108923,0.35980717512217864,0.28271216257793286,0.25027085329737353,0.0
121586.6953125,0.35123753547668457,3.7973074913024902,0.45450478815327333,0.22574705811107207,0.18388192668259506,0.35954704709138297,0.28116663168693373,0.25141805218181634,0.0
118552.03125,0.6295526027679443,17.696273803710938,0.45549027369503015,0.21626841205262007,0.1755071537844157,0.3595651728977127,0.2961012181992475,0.2606176493569972,0.0
118386.6171875,0.5006145238876343,7.629327297210693,0.45588764801705667,0.21599868101654596,0.17564454723817308,0.3593414614809157,0.30194302647105165,0.2648569749827311,0.0
127819.0546875,0.5579004287719727,14.144292831420898,0.4537911075250305,0.21341008934885566,0.174367824646863,0.362243638688502,0.27982908195057177,0.25165451746879086,0.0
136674.40625,0.6243487596511841,13.695216178894043,0.44931675837685414,0.2147891575855639,0.17667336355072866,0.35961386239350457,0.2556574006360941,0.23922648837148666,0.0
139630.53125,0.36930644512176514,4.390496253967285,0.44584835697784914,0.20997666173551638,0.17370410143842682,0.3608767199538932,0.25130173758764746,0.23875906462573096,0.0
137387.921875,0.3978129029273987,6.577512264251709,0.4444583249751941,0.2054666040397077,0.17104063997163338,0.360318099436026,0.2478696653352543,0.23777572158144622,0.0
134084.9375,0.4189712107181549,10.653300285339355,0.4530357593406604,0.20507603181110842,0.1701710530732927,0.36201959316667226,0.24864630915620917,0.2378509466747404,0.0
126656.0234375,0.4417497217655182,8.658510208129883,0.45949383825879486,0.21213901189606754,0.17415811197017578,0.36830267855122256,0.2658126510415137,0.24618789278184294,0.0
121506.3125,0.9785490036010742,39.8225212097168,0.4524891560512272,0.20411887918550425,0.16963022841797423,0.39124819556070733,0.26571568625935105,0.24394131515624004,0.0
128325.34375,0.3637281060218811,2.395665168762207,0.46260854001418356,0.21595207610588593,0.17638471424070287,0.3709217986865232,0.27293623385130983,0.24920885424928238,0.0
130064.7578125,0.19594518840312958,0.6811410784721375,0.46404995820503425,0.21306910970063306,0.17534109709250495,0.37208794751049407,0.26721220549225594,0.24722654729062707,0.0
133746.6875,0.34559908509254456,2.2390310764312744,0.463861264580909,0.21024397622711974,0.17299896195526593,0.37227903438199555,0.2622819795919078,0.24435256853412304,0.0
134399.140625,0.3291703462600708,2.1681933403015137,0.46246555506454573,0.2114169844272113,0.17326235457177436,0.37170137440397844,0.2632296493561919,0.2440165848665353,0.0
134789.640625,0.3678428530693054,2.829896926879883,0.46153289682983345,0.2125598028517162,0.17421486891823823,0.37169320982110343,0.26053214670606806,0.24295102042676409,0.0
136232.421875,0.3242512345314026,1.9557676315307617,0.46009343770931815,0.2091496557134527,0.17259695222300436,0.37025372303704723,0.25483890165011364,0.24089574130355942,0.0
136231.484375,0.2741517126560211,2.0191967487335205,0.4592589123889568,0.20776170465569266,0.1709634381909288,0.36892708720293554,0.25462210205189606,0.24052944100165952,0.0
137776.390625,0.29561054706573486,1.3177261352539062,0.45840614448863154,0.20851920975020755,0.17094734714573362,0.36796475856905303,0.2551891095066421,0.24013915659695734,0.0
134617.703125,0.33637407422065735,2.3536641597747803,0.45884029808770443,0.20941303673208933,0.17092034311331905,0.36766881492407344,0.26173790434492106,0.2428854384303735,0.0
136358.734375,0.3003925383090973,3.3637611865997314,0.4584508674948,0.20680384527533474,0.1695210908040143,0.36728697314649,0.2573563846537686,0.24106088895979552,0.0
127683.5546875,0.6160970330238342,15.863386154174805,0.44849831840294124,0.2007921700796652,0.16630097615985084,0.3864939934984777,0.25915687465039833,0.237912419766424,0.0
137290.546875,0.33543825149536133,2.6469264030456543,0.45751173527138966,0.20420854393895255,0.16858845253650181,0.3661411503018971,0.2537045333362155,0.24004570997860228,0.0
134990.859375,0.2827324867248535,2.5441064834594727,0.45622375478560034,0.20167011831330656,0.1672459053356339,0.3632711551726449,0.2499920321855464,0.23912210233479436,0.0
135779.65625,0.26207876205444336,2.1845619678497314,0.45606679733049443,0.20194789263294127,0.1668375568204683,0.3623153684654103,0.24978361390332665,0.23852689584688308,0.0
137454.71875,0.3606572151184082,3.687925100326538,0.455869118474049,0.20583547101990232,0.16910070978475727,0.3630236248295286,0.2514597810352343,0.23863169458170386,0.0
139423.234375,0.5457438826560974,11.831045150756836,0.4573449470511086,0.2145377652768269,0.17556519743846105,0.3696899650120529,0.2584100012078299,0.24189580317010895,0.0
139890.75,0.2804996967315674,2.270805835723877,0.4583599384292944,0.21988977213144378,0.17935031173751834,0.37437424041244494,0.2631331523848856,0.24433181261098813,0.0
136527.71875,0.36626315116882324,5.953703880310059,0.4583238132517508,0.21604508465280947,0.17537426285183302,0.37401223989625976,0.2651187439351269,0.2441818401680526,0.0
133251.8125,0.5141513347625732,8.855066299438477,0.4573929179217757,0.21883031753595428,0.1760008066167328,0.37046612584026806,0.27100216907464947,0.24559223009604497,0.0
133810.65625,0.39970046281814575,7.485653400421143,0.456707062176227,0.22408895999861422,0.17983784048889923,0.36708892191679654,0.2747859773849148,0.24631576634839153,0.0
140093.59375,0.5969050526618958,9.637598991394043,0.45576240943365104,0.22467370299716885,0.1805844440849455,0.3669978435636928,0.27170210558272817,0.24446611571043173,0.0
133729.40625,0.8619148135185242,42.74520492553711,0.45101839105759783,0.1969186025637143,0.16514983263708854,0.3852555958826872,0.24770049982688444,0.22840722707601777,0.0
139991.078125,0.5961346626281738,22.907907485961914,0.45231148730264703,0.22536600700650908,0.17836062881271028,0.36079521468880776,0.27348173231832656,0.24365921925271533,0.0
138891.875,0.4861398935317993,9.147787094116211,0.450473383197917,0.21454590596386666,0.17348227837448268,0.3610100518614743,0.2650924143963966,0.2426098568545675,0.0
137179.46875,0.4597976803779602,13.985075950622559,0.4504334172289688,0.20754655344023418,0.17001129483643895,0.36356958394932615,0.25837707590999576,0.24135541492048193,0.0
139981.6875,0.39238813519477844,5.0962324142456055,0.4512556337144368,0.2116028207811076,0.1726070550631829,0.3664896486903011,0.2624751961960298,0.2423558734658487,0.0
139368.125,0.541539192199707,19.725200653076172,0.4518279464284391,0.21057541117183004,0.17153393765444866,0.36580663024270654,0.2636042624961081,0.24249751763925637,0.0
144082.28125,0.6120885610580444,18.560441970825195,0.45173662418427246,0.2069446495475442,0.1695158541300692,0.36047689080659645,0.2554351980076324,0.23948486100412653,0.0
140550.65625,1.0773996114730835,58.80860137939453,0.4516454357137808,0.2138036445613524,0.1731016191153815,0.3577352629761041,0.2630121229678614,0.24176329498012572,0.0
131835.28125,1.1787397861480713,83.41584777832031,0.4516192581024393,0.23815035662094458,0.1878189185618913,0.3650845373076981,0.28498359639948073,0.24864277989734615,0.0
136459.5625,1.6136376857757568,131.84576416015625,0.45589210876276837,0.22684675974431934,0.18285156698690538,0.38089463270982793,0.27524096489597666,0.24888750215080735,0.0
153513.890625,1.5628032684326172,188.53262329101562,0.4425750739937829,0.21700001464635904,0.176140466272645,0.38091798896409534,0.26010862745077984,0.24007149526972762,0.0
150396.453125,0.8402033448219299,46.4185676574707,0.45241611470126675,0.1941548722076415,0.16360707810762204,0.3846128459296836,0.23318740785712308,0.216370041731943,0.0
159576.59375,1.1935371160507202,97.21504974365234,0.4324823696826529,0.2067100451285117,0.169434795521433,0.3848242885867818,0.2494839829188581,0.23813214882351744,0.0
131674.15625,1.217984914779663,80.87747192382812,0.43098365583211234,0.22823957263203262,0.18265041104351584,0.33144427240894625,0.27223914964595947,0.245409566509225,0.0
120241.4140625,2.2590525150299072,215.45582580566406,0.4179610149203456,0.21992056165159696,0.18584710018484124,0.28141097773642143,0.27549579563203785,0.25650527417137114,0.0
123593.0390625,1.4953217506408691,90.09337615966797,0.4310853408334202,0.18250224365976814,0.1543625912972885,0.27901829686046237,0.18528299240491405,0.1616004418858532,0.0
124736.6875,1.5251846313476562,101.13878631591797,0.43741597915649755,0.17300314796330882,0.14462792138846745,0.2783187369548795,0.18662443711889062,0.15892749908365827,0.0
128797.40625,1.6646016836166382,83.83557891845703,0.43992610703095925,0.1727386390315771,0.13935089922690846,0.27994335906202716,0.1798087287647889,0.14799074818942085,0.0
127049.4140625,1.453345775604248,72.7112045288086,0.4344886978431272,0.16018238903445126,0.1232962576685803,0.2806527657278104,0.1715529772218698,0.1315089022260716,0.0
124587.375,0.6920351386070251,16.45079231262207,0.435359638074263,0.16196995827070113,0.12234737856482898,0.2829683558644883,0.1801040287859314,0.1333746515643279,0.0
130584.53125,0.7714680433273315,22.841508865356445,0.4386518295719792,0.17277338151269908,0.13251852750139886,0.28398104852419437,0.1735437426497811,0.13160411865919605,0.0
125939.09375,0.65449458360672,39.951988220214844,0.4403950700597856,0.16912686304572594,0.12903474034463536,0.2837372849798171,0.1804535433664817,0.13432423028634086,0.0
169250.71875,0.7513577938079834,37.85322189331055,0.4548549823512664,0.19826623504565827,0.16831225649868528,0.3861195332219143,0.22925821026474041,0.21590075564914196,0.0
121941.1875,0.6536257863044739,20.399309158325195,0.44064766217327384,0.16548743250866668,0.12529968064172334,0.2837507842812494,0.17886479474313202,0.13046895831960653,0.0
117593.765625,0.5457106232643127,9.387886047363281,0.43980738138569603,0.15991863661511632,0.11902839503808395,0.2842657509382446,0.17739899304267273,0.12573806764726692,0.0
128584.8046875,0.8956689834594727,38.820396423339844,0.44161342107547336,0.16658572059718543,0.125664230356758,0.28626929621139496,0.16497245331628882,0.1179051861003993,0.0
121452.953125,0.8707945942878723,36.39191436767578,0.44447276415561815,0.16066945547351008,0.11887001325048843,0.28551609643382253,0.16719400835360912,0.11706960316153024,0.0
142711.53125,0.9664614200592041,34.34210205078125,0.4438727961957987,0.18070933754216112,0.1381875933660902,0.2846122491032925,0.16462580478500877,0.1256405603519937,0.0
178536.3125,0.6465012431144714,29.835323333740234,0.44079596766511353,0.20047658662903142,0.1583915819358795,0.284020975865918,0.1607313836280617,0.13288606229310365,0.0
158160.078125,0.6613636612892151,37.22331619262695,0.43757064557077574,0.18961780897315716,0.14819526831284993,0.28421654933341034,0.1602753373264973,0.12725780051196356,0.0
118010.5,1.1759183406829834,92.96707916259766,0.43905904205912855,0.17250627735198085,0.1297835036778361,0.28304225264188354,0.17512987186203532,0.12873204894784987,0.0
98512.6640625,0.44569066166877747,7.215227127075195,0.44306954566658213,0.17798833552571272,0.1309919462048672,0.2826257683204821,0.18776865604668802,0.13590899960059025,0.0
106761.8984375,0.8577522039413452,43.54838180541992,0.4441520680686429,0.17784984268107495,0.1312151024990168,0.2810785830300102,0.18760676169867543,0.13773510365699007,0.0
224813.171875,0.8564520478248596,41.765602111816406,0.4574647045234411,0.20702236924330356,0.17803859188496912,0.38888311884089816,0.25024997176140007,0.23621432468904646,0.0
126284.796875,1.1626830101013184,47.08519744873047,0.4434081475692733,0.1835671533450461,0.13719858948674699,0.2797216622225261,0.17697139919785151,0.132118058317231,0.0
138996.53125,0.6909142136573792,18.63287925720215,0.4445243907132892,0.18402005175327413,0.1401114483745206,0.27960115032885735,0.17222873936785163,0.1332735775291861,0.0
136059.625,0.9178304672241211,68.98799133300781,0.4458937778886511,0.18124339048655347,0.13834930929106792,0.2812487425800847,0.17930680051683814,0.1387235942881751,0.0
118824.2578125,0.9858158826828003,68.64238739013672,0.438501711243966,0.1690801712141215,0.12630471714876243,0.28236697330928584,0.17581601169688957,0.12686808263063304,0.0
109207.90625,0.8085609674453735,53.99394989013672,0.44088222140781824,0.19122199251799954,0.14098427726032028,0.28551243390381026,0.1982430209376123,0.1419456822793016,0.0
103866.3125,0.8612390160560608,43.31453323364258,0.4439473160828017,0.19090039477973794,0.14497728254618122,0.28685645738372945,0.21071982827632524,0.16060553749132245,0.0
92137.3359375,0.9122156500816345,47.71243667602539,0.4462663734299638,0.1673712144736165,0.12546899812008352,0.288844971086592,0.19862935365767723,0.14612597248260986,0.0
88743.671875,0.4742802083492279,13.342103004455566,0.4431228583624903,0.15372913906295085,0.11319141354138622,0.2849741491808194,0.18908570927538462,0.1338381882984647,0.0
86732.578125,0.6285799741744995,18.364151000976562,0.4384981200211465,0.15539201799124092,0.11525134171059331,0.2824403793354455,0.1789048304929609,0.1232846659114984,0.0
89805.71875,0.84467613697052,37.91480255126953,0.43903660649928633,0.18194502105336197,0.14010076421377848,0.28520690592097786,0.21288656200004671,0.16448810855514903,0.0
202121.46875,1.3790903091430664,92.94961547851562,0.4647769383288092,0.21554496748774055,0.17816511565325308,0.3938108492158357,0.26129533037802205,0.2478112991684259,0.0
94825.453125,0.5889238119125366,12.224706649780273,0.4463313600605782,0.20737823720504422,0.16555857311026287,0.29653354707905594,0.2610591896260039,0.22087822304350185,0.0
101280.78125,1.0201665163040161,68.93622589111328,0.4581240053644328,0.22767869290689963,0.1856643100838414,0.32171300164300726,0.3028262069457411,0.2643510676669615,0.0
104655.7265625,1.1755695343017578,58.89678955078125,0.463071088772132,0.22226926498118005,0.18417296990431012,0.3325353892955484,0.30528520744100063,0.26905332002262794,0.0
114069.3828125,0.6963662505149841,16.342655181884766,0.4641780896635706,0.22263753016546148,0.18475398015851352,0.3362254691039512,0.2968837614643476,0.26180295182499885,0.0
121393.9609375,1.22170889377594,52.51300811767578,0.4587156275125236,0.21866618186366435,0.17967223414877154,0.3226664282916666,0.2902370875630579,0.2536124272728707,0.0
123469.4453125,1.4381409883499146,68.68359375,0.44685505252348223,0.2204121799889189,0.17984971760675503,0.3074631032246948,0.28244591912759887,0.2459499956755597,0.0
108617.6328125,1.3130732774734497,52.079734802246094,0.43818231067749425,0.204841037516014,0.17049933677277504,0.30837980425760203,0.2841585181718572,0.2532165752624169,0.0
109159.515625,1.1107538938522339,31.034454345703125,0.4441324817015129,0.20458673680277478,0.17395618714891048,0.32650087346469053,0.29456136657720633,0.26585976392798305,0.0
109073.5859375,1.3174935579299927,69.48339080810547,0.4556974660709634,0.21803972673069955,0.18965381978989954,0.33439750609430385,0.29719965337802223,0.2717008206020535,0.0
109277.2890625,0.6486378908157349,16.007680892944336,0.4475838255077852,0.22055051554063923,0.19248647028312094,0.32744064511485227,0.2985245310613745,0.2731610619324933,0.0
158193.65625,1.1671414375305176,60.73684310913086,0.46138221920442424,0.21095418772765878,0.17214114397962055,0.3775804370508898,0.2458895978973452,0.23744787023979116,0.0
105074.0,0.35035499930381775,8.016203880310059,0.45138620578631844,0.23243395950510645,0.1914522918089147,0.3688797506197524,0.2966430212045347,0.26422293523848644,0.0
116538.2109375,0.7673700451850891,64.6113052368164,0.43479777947020565,0.2375650163691125,0.20648377087435302,0.3338744207917902,0.2992050211810214,0.2732623666628208,0.0
115648.3984375,0.6738169193267822,32.52553176879883,0.42795979512124294,0.23343808922730896,0.20095000630960852,0.3387632426021226,0.30235121772694473,0.2749721245570263,0.0
118505.15625,0.25603434443473816,1.5488592386245728,0.4269086885949278,0.2342237835871274,0.2019210500396424,0.3393007988651467,0.30220748443206075,0.27517826325782463,0.0
119750.6328125,0.45879027247428894,10.97973918914795,0.42642474102512595,0.232987642813428,0.20239008202351028,0.34104519996134514,0.3010826934936068,0.27590925544313055,0.0
120404.0546875,0.5069783926010132,18.247283935546875,0.4262917031827476,0.23156386039979698,0.20112367422649108,0.3417394746663905,0.30180797413261434,0.27604280136005355,0.0
120301.5546875,0.2558911442756653,6.069051265716553,0.4256301649824047,0.23135081650541117,0.1998282460291514,0.3438950688647396,0.3026011766146593,0.2752043913830894,0.0
119922.5546875,0.4500017762184143,16.755002975463867,0.4267264708177254,0.23018849204545824,0.19904221386577134,0.3409284838354728,0.30116931718032897,0.2744933358661459,0.0
124229.7265625,0.7053155303001404,14.683589935302734,0.43162372659779946,0.23186554153828082,0.1993405021656242,0.3360452607896835,0.30070886574874445,0.273046124414811,0.0
126065.53125,0.4101298749446869,5.200464725494385,0.43598288047461636,0.2316900368029611,0.20187115923308907,0.3306569292014483,0.2994142798673706,0.27471099691706985,0.0
127125.2890625,0.44848960638046265,4.028144359588623,0.4372407000132656,0.2329949045005581,0.20322855204347087,0.32722989202009645,0.29782068390287125,0.27308779214254963,0.0
127368.453125,0.6344285607337952,14.679924964904785,0.45607413464086344,0.2333348589088332,0.1877856307066713,0.36153756550398264,0.27374879681109143,0.24399056937211858,0.0
126160.4609375,0.7307450175285339,21.206533432006836,0.43932073905317026,0.22227990278396081,0.19398948413298986,0.32318368340678205,0.29991816271306165,0.2755829827400068,0.0
122317.40625,0.4960322678089142,11.16606330871582,0.44253648676445156,0.2181643401700757,0.19077581129857396,0.3227637933235154,0.301531819623221,0.27872720634790377,0.0
119705.6953125,0.499573290348053,5.343275547027588,0.44331492626890645,0.21986104309102744,0.19145336194953674,0.32269837970032944,0.2968257334823016,0.27403039686984576,0.0
119311.421875,0.4158343970775604,9.3004150390625,0.44522951983666276,0.21724302731190412,0.188685847344283,0.3238021016203334,0.29809460047342534,0.2748365370092588,0.0
120552.2734375,0.4042104482650757,5.73734712600708,0.44584708223627756,0.21876509818977963,0.1900290485731241,0.323776360941752,0.297042246337653,0.27390521784307476,0.0
125028.578125,0.4009718894958496,6.898766040802002,0.44771035701375733,0.23212210222422977,0.20050915163179286,0.32805264814122637,0.2944912697386385,0.27036506121977655,0.0
124873.546875,0.37160471081733704,6.9308295249938965,0.44340954857540127,0.22387775596965648,0.19414859382248284,0.3270395926875648,0.2955169751646174,0.27130430669071914,0.0
126891.7265625,0.5933782458305359,18.789640426635742,0.43982737152435025,0.23230324999776925,0.20143991312076798,0.3265692932251305,0.2949453552701881,0.27020080872573643,0.0
125235.6953125,0.36606645584106445,6.9261794090271,0.4351137522038516,0.23225197672064973,0.20122751552983123,0.32795230275388554,0.29560207754971135,0.27101042794979635,0.0
121543.2734375,0.3760572075843811,6.921008586883545,0.43119046791251936,0.23184255294097117,0.20116509275408692,0.33239237440221836,0.2965614989600861,0.27256413296498005,0.0
115460.6640625,0.6702474355697632,12.386861801147461,0.44992725027514857,0.22536140256457352,0.18145860760416926,0.3431788252037027,0.2891886372274727,0.254303486585538,0.0
120760.1015625,0.3068065047264099,4.2131876945495605,0.4324304604257356,0.23137252197813737,0.20124251367151794,0.3313751636696692,0.29703447509136893,0.27306970907355166,0.0
120312.5625,0.37251952290534973,6.062167644500732,0.4344161696088704,0.23027203948507793,0.20056962503711323,0.32900336581614187,0.29872577714595816,0.27506573060711587,0.0
121265.5234375,0.7728515863418579,22.464191436767578,0.43841077597755557,0.22399708542424412,0.19503687706497275,0.32476581857476394,0.30137806724237437,0.27742263201465395,0.0
119712.609375,1.0616092681884766,71.81106567382812,0.4447921118322166,0.2175280639985354,0.18759169530341527,0.3233040039373805,0.3068946393968806,0.2797800332628054,0.0
113532.125,0.34997543692588806,5.021584987640381,0.4450536235771877,0.22127272710427115,0.1885424178718545,0.3241168314166833,0.30810788408237777,0.27889911910300347,0.0
121541.1796875,0.44313621520996094,6.9684600830078125,0.4481703924002007,0.2226754889187738,0.18869112458600246,0.3299401138089345,0.2980691680461574,0.26941861625929553,0.0
118202.46875,0.7936564683914185,25.993383407592773,0.44812832184477036,0.2181483580331082,0.18538705008948234,0.3276283758062664,0.2828807469610724,0.2608585681054295,0.0
119499.671875,0.2218267023563385,0.9159607887268066,0.4490531396231857,0.21405475348663378,0.18312390877511658,0.3279886714630409,0.2696867006772946,0.25345911217864736,0.0
121930.7109375,0.29643067717552185,1.4470919370651245,0.44944562550743056,0.21479963899747465,0.18431641785750805,0.3284488532854369,0.26636810060036975,0.25145123290956356,0.0
123033.4765625,0.23307569324970245,1.2250477075576782,0.44880194172394,0.2137133389161685,0.18361718726611537,0.3277590004495219,0.2640869410521555,0.2500609038235382,0.0
111070.03125,0.3680841326713562,4.807172775268555,0.446573496278294,0.2171010243221173,0.1741774715465511,0.33329983369212113,0.2770789764682593,0.2435237677377282,0.0
121979.734375,0.34921693801879883,4.348254203796387,0.4483791148787678,0.21401853659870815,0.1839060686538721,0.3269173377780106,0.26201935986168134,0.24896403350897253,0.0
121684.59375,0.36995822191238403,3.8819737434387207,0.44754059108500255,0.21433506850905143,0.1840359119788117,0.32565474930081334,0.2650596393067921,0.2507413388352065,0.0
123397.546875,0.26344817876815796,2.0278477668762207,0.44661865383376576,0.2154527158845986,0.18456821156883824,0.324376250535059,0.2695145049653052,0.2533788793044357,0.0
122252.6796875,0.3247235417366028,3.207923173904419,0.4454232544189969,0.21295962719865152,0.18277451156206734,0.3234467595556137,0.2696761333904825,0.2539670690304185,0.0
122621.1796875,0.2977159917354584,2.2337799072265625,0.4461850416316765,0.2128536060618848,0.18240386853347662,0.3240421982550183,0.2705366733729864,0.2542846485656671,0.0
122161.8828125,0.20811055600643158,1.5053545236587524,0.44691373986719524,0.21126142285488797,0.18132449051974836,0.3247617386762585,0.27039373531631117,0.25484958463169927,0.0
122197.4375,0.23685415089130402,1.1263052225112915,0.445972790476188,0.21366197242793175,0.18364057238462453,0.3236363821585164,0.2695743056008031,0.2542397999792886,0.0
122489.453125,0.3276095390319824,3.1670401096343994,0.4448378429206245,0.21422754976810388,0.1840329768993179,0.32127909360244106,0.26929901450893556,0.25393102077677626,0.0
124412.6953125,0.23621027171611786,1.1025227308273315,0.44343605003712827,0.21360736905749267,0.184310891516858,0.318155715450081,0.2642098516309815,0.25063522377729225,0.0
121630.7890625,0.27381178736686707,4.617095470428467,0.44471202298438556,0.21116143846146146,0.18269672164879522,0.32025733350839275,0.26083933820134236,0.24934100551194618,0.0
108955.15625,0.7072553634643555,21.123552322387695,0.44714914710173104,0.2191760250170576,0.17599248277901566,0.3349042331090263,0.27771690263100773,0.2438754217307186,0.0
120244.40625,0.15742914378643036,0.6820366382598877,0.4462399584180938,0.20894851355572835,0.1808649751698997,0.32318582294447595,0.2622007106547683,0.2504249254523704,0.0
100125.875,0.625613272190094,12.862502098083496,0.44888383150145994,0.21894653796316935,0.17703289678045575,0.3385032909785051,0.2980013617288639,0.26349306488324997,0.0
95587.0234375,0.2718676030635834,3.141751527786255,0.44861202490433405,0.2142426435075918,0.17396256320239623,0.3365295826783195,0.29659386354067063,0.262677897556398,0.0
94695.96875,0.36458903551101685,7.124873638153076,0.44808697230178535,0.21273950439038702,0.17288017891332752,0.33592952910298457,0.296381807874508,0.2627700258757602,0.0
99333.2734375,0.6391863822937012,16.470050811767578,0.4465757681550978,0.2115352852083331,0.17188350135415456,0.334003798476529,0.2983484820091444,0.2645952494424988,0.0
108579.78125,0.6318067908287048,12.648262977600098,0.4455237771014174,0.21266386099630438,0.17237871556270756,0.3316261215539022,0.27958547478991974,0.24697558955189775,0.0
110589.796875,0.43132486939430237,11.043376922607422,0.4454230614660374,0.21815205698946277,0.17657220673781562,0.33314950604120624,0.28308344805194163,0.2511234505468378,0.0
106531.765625,0.29044198989868164,1.2119083404541016,0.4527640692289674,0.23359855989221825,0.19271287547712643,0.37053414151962977,0.29553079407361094,0.2632357711830893,0.0
114493.8046875,0.44251638650894165,7.06951379776001,0.4441810877310273,0.224660137754118,0.18077778791335794,0.3341208876432013,0.27978564297409075,0.2479707229098828,0.0
112643.1015625,0.37371984124183655,3.288252592086792,0.44379117770533366,0.22601330682318427,0.18117848481034654,0.33387709386949627,0.2820416794313566,0.2503566574651672,0.0
111495.046875,0.5051261782646179,8.540919303894043,0.4444709091294214,0.22428623817924193,0.18054630341174596,0.3340068134627842,0.28512595995830087,0.253720933087009,0.0
110303.0078125,0.8906649351119995,28.832448959350586,0.4462660837576388,0.23034213355606,0.18365567996605192,0.334892265529262,0.28897826946316035,0.2546410481744958,0.0
108933.109375,0.5906319618225098,19.73566436767578,0.45038651575754096,0.2296490478455839,0.18370239928549326,0.34213162038556716,0.2912262395064063,0.25553789329443577,0.0
105461.1484375,0.45998191833496094,8.110615730285645,0.45113478276053764,0.2229624378964057,0.17975938281519394,0.34179382610345077,0.28420266338035705,0.2528881892029315,0.0
102944.4375,0.6229979395866394,13.906173706054688,0.45198967088068404,0.22069493070939808,0.1792493998264845,0.34416547842189504,0.27706554432590486,0.25023968488694126,0.0
94243.2890625,0.7863842844963074,34.40575408935547,0.4512564405909063,0.2111889802321643,0.17598304645785903,0.3425692508713717,0.30038884071407446,0.270349397187208,0.0
88214.796875,1.405737280845642,78.79908752441406,0.45041773398896656,0.2107172819904063,0.17353044945889584,0.3424749029280964,0.285942199903515,0.2533720646688609,0.0
92727.96875,0.8996497392654419,25.446083068847656,0.4435512650442014,0.21452399954965554,0.1766553443817381,0.3328212329164153,0.29030377272145924,0.2625781336943004,0.0
108711.25,0.43757903575897217,4.941165924072266,0.45535003473344754,0.23649465278773954,0.19698247650508824,0.37286083184690183,0.2893987919353056,0.2606051697869225,0.0
104380.484375,0.7099403142929077,19.88714027404785,0.44377598413100083,0.20729797622010337,0.17007839292580873,0.3321059431910232,0.27533619506241336,0.2502855617520616,0.0
108815.8828125,0.5244942903518677,10.776607513427734,0.4419867434327397,0.2054843545000353,0.1710174275381716,0.32899142643103807,0.2686522429341902,0.24781857460810797,0.0
108649.3671875,1.1832646131515503,34.71748352050781,0.4370692740791001,0.20249049965910682,0.17101951041060234,0.32323782593042594,0.2613565060221062,0.2444707613676871,0.0
97655.125,0.9005569815635681,41.15892791748047,0.4358701728125426,0.2083185205596567,0.1768267217458042,0.3271038105982362,0.2926812832528479,0.26652235083986997,0.0
97044.1171875,0.9165405035018921,55.080223083496094,0.44232870214889897,0.2133997901305339,0.18082920467684077,0.33497142511179345,0.29270210203617136,0.2658290243226902,0.0
106149.296875,1.7139509916305542,132.22564697265625,0.4511035019016185,0.2048376024263447,0.17191460389811125,0.3409699135657732,0.2596344941631013,0.2434541174284584,0.0
120557.1640625,1.2274231910705566,79.82547760009766,0.45955563670657973,0.21276888059673618,0.173938156384903,0.34226771704262815,0.25886317611831916,0.24090908780458273,0.0
136358.84375,0.9899998307228088,30.574790954589844,0.4658064898387069,0.2093006622625833,0.17049253552561833,0.345896805983177,0.25225388865707876,0.24048406442370887,0.0
159279.703125,1.9002472162246704,234.51959228515625,0.46747848019321814,0.2137408746863777,0.17383968916970047,0.36440181618413603,0.25135440711646345,0.2402875253643194,0.0
140425.390625,0.9524091482162476,45.52096939086914,0.4639797894108332,0.20328449353490902,0.16187145190701216,0.3687989085746297,0.2508511179982223,0.23707599890679953,0.0
110209.9921875,0.43424198031425476,8.243816375732422,0.4564007902823557,0.2321698324866502,0.19271719831554704,0.37289969553753693,0.28184674065248694,0.25544300154275,0.0
127373.5546875,0.5269697904586792,15.423619270324707,0.4658235589915536,0.1979225777069962,0.15784972528291344,0.3768184127054986,0.25245574638280677,0.23614699012215246,0.0
130370.0859375,0.947132408618927,32.045753479003906,0.4663335948650748,0.19892111332415194,0.16562759227961316,0.38324075086630865,0.25042453252268765,0.23693957521587147,0.0
131675.71875,0.9222750067710876,32.341976165771484,0.4688464992413295,0.20007749441418224,0.17396340294523252,0.4002604086844634,0.2501427441793398,0.2392550503347678,0.0
137368.8125,0.7601005434989929,24.218645095825195,0.46900645580365696,0.1979786903468477,0.17477954881369,0.4069575811623682,0.2505098046570744,0.24185669477971852,0.0
140374.125,0.9289056062698364,37.91942596435547,0.46792709169562235,0.19926527708110178,0.17804243009897197,0.4064302481130862,0.2510620433194499,0.24344970180732708,0.0
135773.578125,1.1095623970031738,77.45577239990234,0.4658550710692336,0.220830765708842,0.19630883496773577,0.4031303804129658,0.2637680453416326,0.24980665765701396,0.0
135276.046875,0.6619849801063538,18.472030639648438,0.4649614458428198,0.23074543098314781,0.2048407918944148,0.4015425832889599,0.2763662521337996,0.25668734844798136,0.0
138346.734375,0.7231029868125916,17.3165340423584,0.46115530557075646,0.22293189931259805,0.19880212509300976,0.3989233837675578,0.27279504787469583,0.255664914762955,0.0
140743.1875,0.632055401802063,16.147235870361328,0.4553380718048033,0.2228988715093276,0.19775855994473546,0.39238206854275476,0.2691448853632849,0.2514606443935177,0.0
137987.671875,0.6096893548965454,13.289874076843262,0.4509973073559704,0.21542772394913542,0.19173987925590139,0.38691233299889816,0.2550792941474887,0.24149477497246205,0.0
113106.78125,0.6205053329467773,15.269415855407715,0.45735346570814156,0.22818368694889593,0.18837324335683409,0.37260844982545877,0.28248394421326617,0.2540547655029593,0.0
138383.203125,0.6099473834037781,28.990589141845703,0.4549267136782297,0.21040655391833704,0.18894574140211257,0.39065046158898753,0.2422669202346696,0.23438779772685717,0.0
130770.59375,0.40326184034347534,6.803363800048828,0.4573251664133445,0.20034340746308577,0.18022259961393636,0.39396697469802633,0.24145768278662869,0.23346925574318306,0.0
128554.1640625,0.4805055856704712,8.520373344421387,0.45703118199835235,0.20119270637764236,0.17668255889592152,0.394177580477705,0.24488570246552535,0.23343202212410064,0.0
127656.8984375,0.6412503719329834,29.879289627075195,0.45785730722150536,0.18906900033444263,0.16524603519833145,0.3944091845684983,0.23376851988631317,0.22363025136497716,0.0
129024.078125,0.4354163706302643,7.330214023590088,0.4536367656708864,0.17401178524446714,0.1536390542770722,0.38978897195017187,0.2164068008956994,0.20797200268345362,0.0
131621.921875,0.5217997431755066,18.2810115814209,0.44801924507222995,0.17063635698784696,0.14900431504835765,0.3847655476048519,0.20444465860114386,0.19536019857645662,0.0
142373.109375,0.7921155691146851,33.0328483581543,0.4475155073748448,0.1794051246505385,0.15655212666060342,0.38442745573011744,0.20656907597629087,0.1964200847857254,0.0
140858.421875,0.536274790763855,14.594881057739258,0.44702921503757276,0.17430844678831842,0.15052566397726908,0.3839746204379252,0.20383555212868257,0.1921406849580933,0.0
128460.328125,0.821026623249054,38.19847869873047,0.44816514335493035,0.17337810510953366,0.14775170812396177,0.38525594451812517,0.20978989937934486,0.19303493974560143,0.0
120959.859375,0.8194653391838074,28.05848503112793,0.44634965497096485,0.18434922346081573,0.15616922545943657,0.382517951084622,0.21574830038201248,0.1915818194753512,0.0
111435.234375,0.5437355041503906,7.152986526489258,0.45803681349778425,0.22603141963963436,0.18796230377919998,0.3731359849071843,0.2780392321428873,0.2526744025462171,0.0
121105.8203125,0.5025021433830261,10.727886199951172,0.4452939693526722,0.18258846917864946,0.15745455676831602,0.3807471610181712,0.21274102925587896,0.19180866823765635,0.0
119439.6953125,0.5675680637359619,18.5350284576416,0.4453247692926465,0.18973189818144384,0.16295315994232018,0.38058376775287217,0.22144065630799242,0.19612212055531728,0.0
124874.6640625,0.9598480463027954,31.98674964904785,0.44782040043308524,0.1895523696628749,0.16090327360656406,0.3828946911574747,0.22319751264569748,0.19972789010080258,0.0
117515.4921875,0.7396615147590637,24.371164321899414,0.44635901840164854,0.19982054252470313,0.17048342833790336,0.3807096969936097,0.23993677128587929,0.20775436193653618,0.0
115655.3046875,0.8666218519210815,44.408817291259766,0.445060920585828,0.1886792762912236,0.16084749747641885,0.37958404516340494,0.23401475405749778,0.20521255756327383,0.0
127217.8515625,0.9895852208137512,49.20447540283203,0.4414418124484662,0.18819588073023558,0.1603075768510385,0.3775982639832785,0.22630079679161283,0.20384577891867592,0.0
122087.1015625,0.6608765125274658,13.760769844055176,0.44272430737715546,0.19419609940262317,0.1644083198992608,0.37858374576668047,0.24009404507803964,0.21380126685114612,0.0
136170.546875,0.5912888646125793,13.644882202148438,0.4470189510368515,0.19400085041013893,0.16630680748978766,0.37982227111784916,0.22815597045308816,0.20858966570468382,0.0
143282.953125,0.5424563884735107,8.589757919311523,0.4505299691855219,0.1930224176799539,0.16617498271408737,0.3832646994178323,0.22680317370163933,0.2113794543144435,0.0
140560.28125,0.560113787651062,12.832582473754883,0.45296942804067164,0.19652643696764632,0.1689079299056181,0.38634917537175406,0.22893984337497972,0.21102417706452659,0.0
110951.2734375,1.0116266012191772,18.864686965942383,0.45825075192384435,0.22430019212585223,0.18610027366458892,0.37503579142474386,0.2801163143648302,0.25292796134076184,0.0
147246.484375,0.5060710906982422,8.090599060058594,0.4558711280046681,0.19249608146755814,0.16699721959069921,0.38989679794720233,0.2273969926418442,0.21114854033965547,0.0
145876.375,0.5954145193099976,13.508227348327637,0.4559590694934803,0.19917087890413543,0.1764803294153552,0.39043696435300995,0.2257341459009352,0.2116247850942438,0.0
145718.359375,0.26668378710746765,1.9506094455718994,0.45510019509456046,0.20208751774061703,0.17965110754425073,0.3902504142228703,0.22954428944504318,0.2157422661883736,0.0
142660.953125,0.4024655222892761,4.29738712310791,0.4558391429898313,0.20454019532461093,0.18147113095008813,0.390859152009975,0.23324259233824596,0.2184991139928314,0.0
140850.640625,0.36440309882164,6.702396869659424,0.4568866004178214,0.2074557745814188,0.1810696272684548,0.3916743762547629,0.23380664393894068,0.2171014231151002,0.0
137674.53125,0.3218383193016052,7.1432061195373535,0.45783306086649533,0.20331525925572108,0.176209313592854,0.3924289623311074,0.2362220259560721,0.21840585481276303,0.0
142609.640625,0.41478970646858215,9.940008163452148,0.4581014947172716,0.19683275003322814,0.1699626825663988,0.391311450416261,0.23742724723558772,0.22063898365675425,0.0
143638.4375,0.4952789843082428,12.432250022888184,0.45945059974906777,0.19547126889708286,0.16875330458302223,0.39339539969317033,0.23962068512027354,0.223071742444275,0.0
147262.53125,0.6630170345306396,19.267871856689453,0.4630253404711143,0.19663500158174096,0.17073543174369568,0.39983838076984896,0.2369546150799009,0.22225281156038804,0.0
155413.25,0.6757395267486572,13.490373611450195,0.46468093289564644,0.20103559194765594,0.17475683571317968,0.4031873496967496,0.24578717509294168,0.22997055694676732,0.0
113869.265625,0.44554105401039124,8.145474433898926,0.45995634810301234,0.2333658054737603,0.19279129754760804,0.378650653281422,0.27969589753758634,0.2515265728614187,0.0
,1.5539567470550537,81.34457397460938,0.46071998662159985,0.27896482858324456,0.189540337596109,0.41323897533469517,0.35057580649125847,0.2998959528668736,0.0
1556634.5,0.6650318503379822,10.115541458129883,0.4755993497109705,0.3154642360345534,0.18892455640384284,0.4237518867275975,0.36864700862202754,0.315427424074546,0.0
1567942.5,1.0891300439834595,17.361055374145508,0.47631688015707746,0.31707105077097786,0.17951344573842465,0.4235011746484719,0.366954521888779,0.29577845591611135,0.0
1541708.375,0.18851089477539062,0.3655005395412445,0.4765211092198041,0.31636463429958217,0.17748661464439497,0.42329732399441167,0.36629770310656,0.29145123649960575,0.0
1542527.375,0.050955355167388916,0.03588654473423958,0.47649778222305883,0.3164175813217244,0.17928939562071863,0.42328319278589216,0.36635907008099894,0.29454295018784377,0.0
1543056.125,0.030743032693862915,0.017219077795743942,0.47649473943337045,0.31644792586215226,0.1796560841125475,0.4232762498954939,0.3663771268153454,0.2951054751881944,0.0
1543141.125,0.02452440932393074,0.014347335323691368,0.4765026037779894,0.3164585667827296,0.17903804713458432,0.42327809840212155,0.36638022325762387,0.2939934995098338,0.0
1542998.125,0.02309259958565235,0.012326475232839584,0.4765010005460258,0.3164260722738213,0.17910588327657834,0.4232767618507679,0.3663378571412924,0.29409002293553815,0.0
1543024.625,0.013388835825026035,0.007593217771500349,0.47650275479186194,0.3164235230666875,0.17906279377879133,0.42327945017164287,0.36633044177657254,0.2939722529249678,0.0
1543005.875,0.012267787009477615,0.0073006730526685715,0.47650294708751645,0.31642182183570217,0.17911424046637778,0.4232780596931071,0.36632337262616277,0.29409492903767287,0.0
1542225.0,0.2790204584598541,5.983879089355469,0.4764688649821087,0.3165551368416276,0.178846765155657,0.4232644324861724,0.36623303775560884,0.29354638076969636,0.0
1591932.875,0.0009734653867781162,4.172198168816976e-05,0.4745743066302321,0.2532131236006242,0.16945779218987883,0.41974802533421096,0.32594350181637416,0.2952573306775272,0.0
1542435.5,0.43100428581237793,6.216832160949707,0.47653555378568196,0.3186550549018122,0.1751875713626884,0.4231959658901452,0.3652840416190783,0.2857912819602264,0.0
1497643.5,3.4035656452178955,1051.765869140625,0.4733864168502178,0.3217077136680209,0.17357645248783604,0.42409389235757755,0.3654388282382485,0.28433829665699606,0.0
1518842.375,0.8819688558578491,29.892902374267578,0.4726167770034366,0.32092731335008307,0.16912440079912244,0.4237476656673969,0.36741205127400656,0.2758401092426233,0.0
1508109.5,0.6756786704063416,41.0665397644043,0.4725381381457273,0.3203949976770138,0.1674429853552272,0.42370232851251793,0.36716713936802464,0.2733533655513203,0.0
1497854.625,1.3334401845932007,92.0971908569336,0.4733717261607657,0.3197627957617512,0.17191358905882045,0.4231274508975684,0.36633400204499805,0.28071075274776364,0.0
1523476.0,0.8828527927398682,31.815513610839844,0.4744035592402543,0.317502310738538,0.17324292405076863,0.42239799403911904,0.3651852001495498,0.28166535870040244,0.0
1506644.375,1.790124773979187,96.60707092285156,0.47452024457977954,0.31447136959245525,0.17273546902186238,0.4226080464990163,0.36556095748568435,0.28362020131004234,0.0
1504903.375,2.2240333557128906,200.54299926757812,0.47553746875792924,0.31081405516016236,0.16860449775864847,0.42249257928725,0.3657209285433886,0.276581889098125,0.0
1548468.375,1.9336351156234741,145.4685821533203,0.4802613715456333,0.32512997037715924,0.17825531671712713,0.42183583542336683,0.3634884356824618,0.2769651428573479,0.0
1655006.0,2.416417121887207,152.71885681152344,0.4801537616022183,0.3219981376651876,0.18252819835049158,0.4214967910382715,0.36378198174601306,0.2792848414566418,0.0
1591935.125,0.0009734653867781162,4.172198168816976e-05,0.4745743066302321,0.2532131236006242,0.16945779218987883,0.41974802533421096,0.32594350181637416,0.2952573306775272,0.0
1650202.25,1.5988109111785889,92.40911865234375,0.4796416389344768,0.32222687788921667,0.2025746059105242,0.42184438880445735,0.36586634973658483,0.3170654707854775,0.0
1617841.0,2.811739683151245,190.3296661376953,0.47903743533145476,0.3235807109326368,0.2156894946803993,0.42271657787625755,0.3632190611421779,0.3359481831654948,0.0
1519205.125,1.9605008363723755,108.94688415527344,0.47896320587252994,0.3270158223908299,0.20193209435348256,0.42464112797352616,0.35224106337945327,0.303505834238586,0.0
1471216.0,3.2102291584014893,270.2492370605469,0.4736844460904669,0.31951439245167995,0.19376202738212803,0.42196283870351947,0.34734051419007056,0.2772166760031726,0.0
1385587.375,4.603058815002441,517.3670043945312,0.47496290813568487,0.3157046941221952,0.20647016868972046,0.42179185930583185,0.3477326027044078,0.2931857851160905,0.0
1293576.75,5.360921859741211,809.2882690429688,0.4774454962520839,0.31761738285784424,0.17225902580804056,0.4175398369068616,0.3452898109404354,0.25142109620805164,0.0
1271659.125,1.7003546953201294,94.33119201660156,0.47836910355404877,0.29199498345838415,0.14719043203211704,0.416757130914048,0.31749899679249305,0.24298973837203733,0.0
1308475.25,3.208639144897461,436.7807922363281,0.4834838952892754,0.3066340190401254,0.15586996054255556,0.4185697224481664,0.3266921973762001,0.25893509839862533,0.0
1308557.0,2.7129273414611816,252.45663452148438,0.4880418380124574,0.30202293124696805,0.1594244046288475,0.41955616964387116,0.3248817369681493,0.2623932881274603,0.0
1430324.375,5.86871862411499,1544.1219482421875,0.4887030986682656,0.3362764346428251,0.14213328591838878,0.4209063082728765,0.3448144174691226,0.2293588756855663,0.0
1604033.375,0.6369932293891907,30.334278106689453,0.47440430227855834,0.25264492971036995,0.16888873075150004,0.4198974802703029,0.32595213199193684,0.29558839818909466,0.0
1486235.0,2.3695480823516846,290.0488586425781,0.4856649097343426,0.3491672578867102,0.14346907879838178,0.42360596543760043,0.3658612987605623,0.21170628149769793,0.0
1531430.375,3.1387293338775635,223.60121154785156,0.48416498450409906,0.3248390477554551,0.16241296383556925,0.41897497279365803,0.3537666372807858,0.23007070719146092,0.0
1508958.5,2.828514337539673,247.14793395996094,0.4881895851889465,0.33800213778566646,0.19128654302318068,0.4147867739631629,0.36530065319009075,0.2835548927713019,0.0
1429863.25,3.933391571044922,670.5499877929688,0.49934067993904174,0.3400116934124945,0.1853519829164582,0.40936457763608736,0.3660722044554413,0.2812809516179098,0.0
1419186.0,2.052839517593384,187.4286346435547,0.5034547212720224,0.3257141252616588,0.1665628145356689,0.4073235911589701,0.35134034636660566,0.2553599383223768,0.0
1511024.75,2.67417311668396,230.81239318847656,0.5065945968578646,0.3654271281330411,0.18618288491528326,0.4075261817301111,0.3681040263239832,0.26130698530664226,0.0
1554652.0,0.9344866275787354,76.1289291381836,0.5090967093145992,0.3746904967375061,0.1900517089587914,0.4072134537978183,0.3641697291070899,0.2600617772188081,0.0
1555842.0,0.14695987105369568,0.2027188241481781,0.5094534605955127,0.37515774375283245,0.1908677341831017,0.40719739436210106,0.3636673611291716,0.2600927892946211,0.0
1556062.625,0.04934855177998543,0.0421479158103466,0.5094608974744623,0.37527727478178696,0.19072736366853693,0.40719468490853655,0.36372876958952366,0.2597372714659432,0.0
1555835.5,0.852295994758606,130.5183563232422,0.509575915410831,0.3755519950513043,0.18986421691553032,0.40719120228323147,0.3642569665155919,0.2585536143318854,0.0
1538676.125,5.426739692687988,2952.2236328125,0.4707366236856122,0.2481558384647018,0.1652432207856166,0.42301086967915175,0.32652991647776275,0.29677096158701677,0.0
1543663.375,5.493680000305176,1778.934326171875,0.48688099323384004,0.3290851870711149,0.18370409814096392,0.40728762522685735,0.35262976193052614,0.25337129153225907,0.0
1595740.0,1.545007586479187,165.66064453125,0.48300863130113214,0.30644879659656743,0.17723310350264904,0.41338455501369475,0.34774274343487915,0.25334689970890273,0.0
1601695.875,1.3840408325195312,52.202239990234375,0.4885626717289863,0.31766046612131954,0.18626258384320926,0.41875190351990893,0.3555510758097255,0.27093553409538007,0.0
1625397.625,1.2476495504379272,48.65304946899414,0.48850955411137803,0.32534479509425474,0.18818502810466897,0.4210238786922562,0.35993410044697827,0.27305571629791847,0.0
1664712.875,1.5477521419525146,53.491546630859375,0.484829913089434,0.3368248101857138,0.1909912245726631,0.41972536147269784,0.36615088192841533,0.2793630767297528,0.0
1654499.5,1.0192315578460693,31.517669677734375,0.47960788309872604,0.33093091020103255,0.19551441829310542,0.41511511837630444,0.35940989692473385,0.270257336723221,0.0
1631080.125,1.3320573568344116,103.33080291748047,0.478546956283668,0.32264629278657847,0.19440583447313434,0.41659869185022763,0.3545124279104997,0.2705252798786334,0.0
1618337.625,1.1724703311920166,30.38526153564453,0.47844440458430587,0.31841491506464764,0.1953404658363815,0.41732584275203555,0.3532432421482909,0.2747810486476537,0.0
1636702.375,0.4549504518508911,6.638110637664795,0.47804085454120965,0.318212087190371,0.1949963382205289,0.417473216866999,0.3538117362287476,0.2716583351769397,0.0
1657815.75,1.2000313997268677,76.47301483154297,0.47824083798155304,0.31653178293174405,0.19320210723694303,0.4177727309699104,0.3531288876304351,0.2703900654053813,0.0
1342343.125,4.338362216949463,2232.698974609375,0.4625326364804676,0.24186332691136087,0.16057580750515388,0.4300252243687433,0.3286944379414061,0.30128264350669115,0.0
1674530.875,0.46362796425819397,8.4193696975708,0.47841851318488987,0.30979971128463196,0.18759993374459752,0.418258023232266,0.3496146553429262,0.2670890956805205,0.0
1683385.875,0.706801176071167,11.997977256774902,0.47805536738963683,0.30942823910730727,0.18710548886467537,0.41832249879714756,0.3490854329965075,0.2675383511110065,0.0
1729799.75,1.0197784900665283,49.744285583496094,0.47736366032664007,0.3053066378816706,0.17891486455039565,0.41838280785407717,0.3490595002797137,0.25630693217654743,0.0
1704575.625,1.1562838554382324,58.72486114501953,0.4779614526001903,0.30294752211713005,0.17948058627017616,0.4188154073614145,0.35263006431230287,0.2578625192610133,0.0
1690680.0,1.3800870180130005,36.38045120239258,0.4810766915297392,0.30394944620308806,0.17014812083057834,0.42041211341729184,0.3508781812259212,0.24592908473277794,0.0
1670979.0,2.242659330368042,303.1990051269531,0.48266792337461806,0.29410400899209654,0.16054326120250362,0.42209574135544176,0.3462585967895724,0.23296886358854385,0.0
1661804.5,2.4914844036102295,259.68634033203125,0.47702625789622816,0.28643501899318813,0.17475265139695526,0.42095424508765295,0.3501537704104904,0.261602195991588,0.0
1829650.375,2.843812942504883,205.4788360595703,0.4724204591263677,0.2881113125469129,0.20009508822657449,0.420936709241961,0.3555283528646345,0.30239150321919045,0.0
1727107.0,2.959341049194336,257.1216735839844,0.4705569008339945,0.29172099201734064,0.2082476419101111,0.4206627735528605,0.3539997958007248,0.32116502814421893,0.0
1732778.0,2.041797637939453,171.22938537597656,0.4708454250122125,0.29493288371023746,0.20761731185210505,0.42012093636891523,0.355376362095584,0.3225349332176555,0.0
1478707.25,0.40368250012397766,2.0115809440612793,0.4674519523860009,0.2527325820813752,0.1625364737079785,0.4233074749584144,0.32525286429997896,0.29731618952299504,0.0
1866835.875,1.6304316520690918,127.39847564697266,0.47414832473686536,0.3085051797666711,0.20640695262834893,0.42022461572404995,0.359666111115108,0.3158419892833965,0.0
1953499.25,1.8596075773239136,89.47135925292969,0.47511671930554467,0.29957585676174225,0.19990385230162652,0.4206878604171318,0.3575717888236406,0.3096184367088645,0.0
1954998.0,2.2342092990875244,141.1855010986328,0.47577229237931457,0.2927694444421431,0.1980072208283552,0.42067554066408985,0.35157290922644296,0.31351980040189187,0.0
1964297.75,1.0583797693252563,89.66563415527344,0.47639815220959036,0.30039055393167924,0.20246350739937746,0.4202130835925092,0.3552060867739366,0.3171239101258757,0.0
1883395.375,0.7462847828865051,44.09425735473633,0.47663483646095045,0.30087977938983085,0.20286041346907194,0.41982238559485546,0.35498581792292905,0.3194487844223417,0.0
1833231.875,2.956230878829956,683.8040771484375,0.47741949583970167,0.30937904065442656,0.2058960417566199,0.42033425417066617,0.3570231081430108,0.32133934038013034,0.0
1794009.0,0.5996408462524414,30.129331588745117,0.478033080659921,0.31762320580152886,0.20287961642176497,0.42109204017023233,0.35467574083344533,0.3106791360033854,0.0
1812747.25,1.458191156387329,67.39503479003906,0.47967961159810957,0.315354292274341,0.20466253388542957,0.4216811500453583,0.35128878491610716,0.3163311040780975,0.0
1796513.5,1.621274471282959,58.94698715209961,0.4796162490790116,0.3123139558606675,0.20520721982753365,0.42167624702605905,0.3508100811282907,0.3210326594390288,0.0
1803182.625,1.7966508865356445,121.04145050048828,0.4787563588062607,0.310108157429302,0.20121046160231776,0.42125126046415023,0.3512137985552637,0.3220455427671185,0.0
1484829.25,1.9799872636795044,219.9416961669922,0.4733756599645216,0.2557613602592272,0.1624807559815766,0.4200737697026367,0.3217051247477814,0.2951539523258806,0.0
1739172.125,1.6087660789489746,63.47511672973633,0.4785637955732664,0.3033534749806331,0.198409625684467,0.42121134894015194,0.3527955370964594,0.3199821457583665,0.0
1760065.625,0.7689612507820129,19.130489349365234,0.4787911316605621,0.3024426005795679,0.1935908287853901,0.421505737504953,0.3536689048207343,0.31013308767506276,0.0
1785247.25,1.1054966449737549,37.71966552734375,0.4746398353458353,0.2998808833725656,0.19199886628433552,0.42040816210212245,0.3556282689652251,0.3097433408996615,0.0
1809545.25,0.7509208917617798,16.787647247314453,0.4700745215192915,0.2946925581435924,0.1902884140674042,0.4191273011276906,0.35609035778214654,0.3107749382773644,0.0
1787694.875,0.96826171875,30.417051315307617,0.4668025280232509,0.2874608889612519,0.18368452029724738,0.4180797705299733,0.35347397936276564,0.3061650313037482,0.0
1737706.0,1.5520325899124146,102.08528137207031,0.4635226647296693,0.28105990788410384,0.18247829425522766,0.417354066728824,0.35056686212015903,0.3025718699938116,0.0
1746876.375,2.7732505798339844,143.1016387939453,0.4620322674216015,0.28255997542840056,0.19142692617188634,0.41681234680564194,0.3513421901107132,0.306681904215785,0.0
1766104.625,3.2579691410064697,322.7648620605469,0.46177383950039513,0.2804126837160052,0.1935471342928106,0.4171955616620062,0.3544667698701287,0.3077966266744427,0.0
1736017.25,2.4814505577087402,214.9739532470703,0.4599642661368446,0.2634435763324103,0.18126480308377244,0.4160352674616328,0.34525910875098176,0.3049945143419745,0.0
1665502.875,3.1964352130889893,277.5194091796875,0.4579922593023546,0.2748523050007684,0.18344225418716106,0.41387483238781253,0.344409218668052,0.30457256365715174,0.0
1488045.375,0.042114757001399994,0.05117090791463852,0.4771724775121081,0.25765928967228763,0.16242592543642564,0.4180189549685305,0.3194471368165552,0.2938133145895778,0.0
1644255.75,2.8275856971740723,212.735595703125,0.45674807282269747,0.27205691930602327,0.17764465200766863,0.40990799131619365,0.34311011168983935,0.2913506179729448,0.0
1678334.625,1.829824447631836,117.80191040039062,0.4558034713529508,0.2632815434585717,0.16588154485051176,0.40808999233596316,0.3300011829024956,0.2770089198224695,0.0
1669375.0,1.9154870510101318,184.428955078125,0.4585149766034017,0.274278149270968,0.1710059870213963,0.40795664192207093,0.33530635596621805,0.28103325414104297,0.0
1707297.375,1.7164019346237183,60.27326202392578,0.46107826389166917,0.27036068707650573,0.16504529596188558,0.40827069873403726,0.3281349661102379,0.27253017691967335,0.0
1732036.5,2.239896297454834,124.78971862792969,0.46070328847731973,0.2747819008794987,0.16601687888393848,0.4083697043965792,0.3355432841393072,0.2708330644403934,0.0
1809691.125,1.7594293355941772,98.26519012451172,0.45980555465176887,0.2703598516473998,0.16813759348251434,0.40867964650371935,0.3316380430076428,0.26957191317683843,0.0
1928340.125,1.611607551574707,101.63426208496094,0.45737518500472735,0.2854457688255231,0.1837367216752037,0.4098783206311944,0.349018622836062,0.2840665560482216,0.0
1920746.125,3.2122576236724854,350.6052551269531,0.4513522735535413,0.3036277408817536,0.20377909554897228,0.41026747808441194,0.3668490240087435,0.31551087031057196,0.0
1902716.125,1.3443422317504883,47.85744857788086,0.4466013535965982,0.2938294570092243,0.2049242849347282,0.4098998195338407,0.3598006047550019,0.3302619256999246,0.0
1855238.75,1.3695883750915527,45.01129913330078,0.44619745889467305,0.2924415646461461,0.20225581793099978,0.40964584446346985,0.3569602373454721,0.32800982235705667,0.0
1485792.125,0.14842820167541504,0.3882552683353424,0.4772769808678412,0.25830266240420113,0.16483366097102115,0.4176786385265134,0.31805721082551286,0.29375797480377364,0.0
1859208.125,0.6587578654289246,12.416827201843262,0.4454859113691504,0.29247216048891606,0.20100567358835048,0.4095565690692987,0.3565650334963314,0.32270660342012725,0.0
1853255.0,2.0454390048980713,376.7792663574219,0.44691674199280973,0.2971751551168999,0.20538008259040108,0.40915130250388915,0.3587072908564215,0.3281591123465253,0.0
1706171.25,2.849527359008789,1085.1005859375,0.4574703838189989,0.2751666710608158,0.1712848473548913,0.40516614219160235,0.31599962703074025,0.26780247523308937,0.0
1637685.5,1.3325101137161255,54.76903533935547,0.46429091108413006,0.26659574838610606,0.16123986566139223,0.39677096058851713,0.310780403023519,0.2723922636508931,0.0
1678872.375,1.9446674585342407,144.0843505859375,0.46275613082122863,0.2767417966001501,0.1592835350195255,0.39368508432607935,0.3118501986339893,0.2696667770668107,0.0
1616288.25,2.181166410446167,182.57469177246094,0.46578332314778753,0.271501350333664,0.15303285450623536,0.3930804130899733,0.29790610812038804,0.2598989955295845,0.0
1560681.875,2.6319096088409424,273.834716796875,0.4667368297999801,0.2612618213936321,0.1425807766324187,0.3923390798674596,0.2805344998648878,0.24089303052689937,0.0
1622623.25,2.253164529800415,214.32933044433594,0.46678022630294885,0.2854360800436698,0.16293860920934708,0.3942049787657224,0.311672701458547,0.24595319483449862,0.0
1710366.375,2.5256004333496094,166.1241455078125,0.46425011583151066,0.28510300082255785,0.17504025109937313,0.39608086574464185,0.32085165332517473,0.25734403759751945,0.0
1733040.75,2.349810838699341,192.76588439941406,0.46109538650592385,0.2862599393071466,0.18067603681319797,0.3975865206679718,0.32879573564424097,0.2686658994290697,0.0
1488184.625,0.1239340677857399,0.24794809520244598,0.47724382076174454,0.258503380272415,0.16450750859033214,0.41770773677049977,0.3177773180726793,0.2938248028832248,0.0
1584741.75,0.6053573489189148,5.371403217315674,0.46666054754452857,0.2723688003149475,0.18046334861086016,0.4183131475800052,0.35301329321607483,0.30158680891402756,0.0
1731646.0,1.5604490041732788,57.22531509399414,0.4627493410135847,0.2954924605316154,0.18712335781880707,0.39670040602705997,0.34167024204191543,0.2784518508562784,0.0
1703320.625,1.3517050743103027,51.4736328125,0.4640578053062783,0.29716361080027376,0.18587095461045125,0.3960864538979621,0.34249649180988073,0.2759808988141727,0.0
1695879.125,1.6597601175308228,54.3665657043457,0.46348834185858534,0.29287404912908266,0.18400660828308346,0.39645355910811636,0.3369054332656815,0.27403308693490913,0.0
1716443.375,1.4970499277114868,53.96889114379883,0.46128862149873967,0.29077087569665505,0.18379723077198426,0.39727592700726067,0.33482857810614375,0.27498696165882014,0.0
1737195.75,1.3382561206817627,45.378334045410156,0.4610843579516099,0.2914595788081261,0.18587700591436443,0.39678649718286957,0.3375548890407419,0.27703558747668144,0.0
1769353.75,1.0380889177322388,44.38193893432617,0.464133283622019,0.2901610387662131,0.18104999563375784,0.395056516543666,0.3343174620553908,0.26756226343408007,0.0
1786961.5,2.3631985187530518,171.42835998535156,0.4645345078012962,0.2903144336233897,0.17800718289417794,0.39430181339592746,0.33104243183959126,0.26211973018793017,0.0
1670867.75,2.7610867023468018,270.39068603515625,0.4653900993644955,0.28932352411524087,0.17063841576733918,0.3936246605021548,0.32203075355351907,0.25982058412134673,0.0
1631104.125,1.6816049814224243,93.20012664794922,0.46353400296013003,0.28517526706836555,0.16242294363359158,0.393471973668968,0.3146467462098139,0.25477544894958987,0.0
1608705.125,1.818576693534851,159.1868438720703,0.4608272194233475,0.2769185288497249,0.15649264067966653,0.39516695594572643,0.30575559604231906,0.25663742045094157,0.0
1518578.25,1.9701049327850342,76.0829086303711,0.47706041891849776,0.256848885345688,0.16888806455908534,0.4177777692880218,0.31850266336134675,0.29547694369622945,0.0
1577624.5,4.025879859924316,517.2600708007812,0.45780637113538986,0.2838951529736835,0.16767450631089853,0.39796603737518593,0.3243176351178461,0.28607605670513764,0.0
1566751.375,2.3602607250213623,217.18417358398438,0.4559389327344928,0.2842902053984716,0.1716475619333875,0.4002954026828211,0.3303590592748231,0.2983919470278876,0.0
1608880.625,2.1955928802490234,242.6664581298828,0.45394719023983887,0.2858030020173544,0.17363645834624675,0.4024256074488111,0.332644759418516,0.3031399341737332,0.0
1660282.25,1.4946691989898682,66.5458755493164,0.45233585775833546,0.2869200947409508,0.17635480075875412,0.40405171085834685,0.33472939899583004,0.30379652692958425,0.0
1693714.75,1.851739525794983,116.67782592773438,0.449914144961821,0.28904315598491065,0.18205513494790962,0.40463979427100577,0.3391849135023708,0.3044333881315392,0.0
1692396.0,0.6048755049705505,9.050334930419922,0.4490546685424132,0.28812047019886244,0.18390212449552282,0.4050900423352109,0.3399291088696753,0.30452205546223343,0.0
1692907.625,0.7356063723564148,26.3096981048584,0.4493206078354997,0.28663259182463374,0.1812706235295219,0.405356845249016,0.3381531062734893,0.3042105039002178,0.0
1686045.375,1.0269345045089722,21.52464485168457,0.449693455067917,0.2851517988135045,0.17911955454814854,0.4058275234849397,0.33647479853654894,0.3035836005533363,0.0
1629322.625,1.639613151550293,125.6869125366211,0.4491950531297909,0.2770846815614811,0.17960229424514038,0.40688946997271874,0.3293062924477478,0.3037944016719794,0.0
1645385.625,1.5172780752182007,98.92647552490234,0.44773191746727803,0.2781647030330163,0.17909915597117965,0.40697982769499585,0.33079295422278243,0.3031018823088559,0.0
1580916.0,1.514717698097229,93.35883331298828,0.4763526928136407,0.2516637589973415,0.16687457082413595,0.41791973837306373,0.3189893234813627,0.2964686902776091,0.0
1693119.5,0.9954158067703247,35.38699722290039,0.44614315461131065,0.28219601522903387,0.18028655071508892,0.4067449120379897,0.33692999452467426,0.304109742193233,0.0
1704147.625,1.2946572303771973,33.9858512878418,0.44394775982176377,0.2805849638299794,0.18402393512277343,0.40633962305165877,0.33712499959122666,0.30440973611383715,0.0
1722217.25,1.0656185150146484,32.99750900268555,0.4434125814326881,0.2816488296882102,0.18184797387498466,0.4066571256204381,0.336876840232588,0.3030210979913648,0.0
1706620.125,0.8715193271636963,41.04399490356445,0.4439605743083281,0.27837468789601133,0.17576833072482212,0.4072773239469434,0.33158031747392847,0.3015895539115657,0.0
1725794.5,0.8649581670761108,38.28916549682617,0.4423023803985167,0.2732750081227574,0.17541355214203636,0.4085426657335755,0.3303484483199925,0.30210917370930584,0.0
1764414.375,1.0774163007736206,19.640214920043945,0.441629276895774,0.2709927649587178,0.17444824108622742,0.4099862008218316,0.3334600690157996,0.3036938308296175,0.0
1770611.125,0.7124728560447693,7.03773832321167,0.44096288451433063,0.2706895785276767,0.17585997477840473,0.41010885840125316,0.3345652546942991,0.3054150208437146,0.0
1752457.0,0.6566388010978699,14.334657669067383,0.43975795814971114,0.2687634585308675,0.17538506062564793,0.410111555296657,0.3326853622454758,0.30535421598866314,0.0
1749639.375,0.9820345044136047,16.322111129760742,0.43955138333378807,0.26589667729247674,0.1738218695047974,0.4102928390302898,0.33158927810719024,0.302481098467173,0.0
1753129.375,0.15408341586589813,0.24850858747959137,0.43979504178147855,0.2647608667442021,0.1763282828192028,0.41046295755368345,0.3321958157596106,0.3032834648229709,0.0
1623428.0,2.352475881576538,168.31427001953125,0.4761815839492688,0.23932437441233237,0.16775086290850647,0.41833911369394494,0.322935861403447,0.2999712731874628,0.0
1754049.75,0.2271101474761963,0.9554451107978821,0.43990332996305626,0.26502749703309647,0.17708154876971344,0.4104797718993283,0.3324106013561289,0.3036392004295156,0.0
1752356.5,0.03936104103922844,0.021738460287451744,0.4400076636316729,0.26509852513740395,0.176692566892716,0.4104817756573849,0.33237833493456875,0.30261333914212585,0.0
1730669.75,0.9307082891464233,41.376121520996094,0.4404132997461986,0.26674137180117263,0.1777938126957728,0.41041403592370906,0.33248529251969344,0.30436607397756704,0.0
1679993.375,1.2263754606246948,37.32107925415039,0.44081507757506005,0.26915948348174745,0.1769378448991173,0.41005023665331347,0.33207577302833124,0.3041235078898536,0.0
1712926.625,1.0280224084854126,27.88185691833496,0.4403765635547994,0.26624694669882454,0.17770376617069344,0.4098260442029175,0.3299918981731441,0.30517849963357846,0.0
1705099.375,5.3510661125183105,2588.658203125,0.4388438444099667,0.27818436787453915,0.17810272778612293,0.41131037844648355,0.3238176203643972,0.294522115985049,0.0
1755095.0,1.1448593139648438,40.727970123291016,0.43982462156160773,0.29760858166849635,0.18204419019044304,0.41431127181503646,0.3310745955184329,0.2795029034358912,0.0
1763686.875,1.257050633430481,71.81716918945312,0.44132918867095255,0.30338719345827136,0.18590571799846348,0.4154737526794527,0.3330137365312135,0.28306559494728994,0.0
1733016.25,0.637026846408844,19.68779945373535,0.44426547212808315,0.3025406454636016,0.18912868372387426,0.41731071793439534,0.3327510070186182,0.2881481092593762,0.0
1690391.125,1.1960391998291016,47.872867584228516,0.44579059063114845,0.29846012906386477,0.18408011450340797,0.4179506667004667,0.3323686556308118,0.28645441376741415,0.0
1505365.5,1.3629308938980103,61.69987487792969,0.4787413071182526,0.24409318829267695,0.1734863533154625,0.41806640782329035,0.32083383434026286,0.29891885415346553,0.0
1677149.75,1.3801162242889404,30.810365676879883,0.44813672014199524,0.2950458793521903,0.18650613305366348,0.4187934893261058,0.3358782884701122,0.2940645042790941,0.0
1700088.25,1.4726067781448364,48.51679611206055,0.45185108201616425,0.2935226406872019,0.19145997353103186,0.4199074788343756,0.3400514957597237,0.3047152480201875,0.0
1726088.5,1.3409879207611084,54.27324295043945,0.45434470862619086,0.295510870013755,0.191907069950078,0.41954899387900585,0.3382307651026361,0.3036161593241907,0.0
1752676.375,1.7003034353256226,106.24878692626953,0.45473373750247387,0.302305609029783,0.19730592309398387,0.41851847660959657,0.33757615087151716,0.30331112782219394,0.0
1831087.375,1.8656092882156372,107.56390380859375,0.455829998075588,0.3109885017373627,0.21173272925685546,0.41766059775512854,0.33810315610100217,0.3108664341955722,0.0
1865188.875,1.4979076385498047,95.16442108154297,0.4576281760790774,0.3046267162400729,0.20942814231500947,0.41612774553583454,0.33786067241595336,0.30869059827405887,0.0
1806323.0,1.5678702592849731,126.85541534423828,0.4594833109279919,0.2991740947901957,0.20118832429354833,0.41440802914624064,0.33914815043827545,0.3086347301818475,0.0
1734928.25,1.6369127035140991,169.9864959716797,0.46051529302329725,0.29346898610382816,0.1897397732485401,0.4132407830198766,0.3449712241676901,0.30955636301766837,0.0
1689450.375,2.0215985774993896,189.6535186767578,0.4595443354654081,0.2854722305427856,0.17488273428344792,0.41163013383477837,0.33947352870214065,0.30255418434249937,0.0
1661031.875,3.1745188236236572,573.9598999023438,0.45833473113207135,0.2792886970539523,0.16937991801226926,0.40992979675976815,0.3318269511966649,0.30091964522878456,0.0
1489627.625,0.7573848366737366,16.51017189025879,0.4794816707002085,0.24281231340737627,0.1716965185208941,0.4176926429086132,0.32217039200541187,0.2995416385927175,0.0
1607895.625,1.4384249448776245,72.60497283935547,0.4591998063877315,0.2779542467111917,0.18293127155831715,0.4098918848716925,0.34240747184340314,0.30424676777037046,0.0
1640887.0,2.1823415756225586,124.84147644042969,0.45863039500800434,0.2881951724161341,0.18355126548083703,0.409431367492109,0.34797270488017035,0.3025765321914536,0.0
1659498.125,0.9340842962265015,30.274545669555664,0.4596448357465909,0.2970758827771596,0.1901806470176867,0.4099612414519922,0.3459253741774236,0.30101149690978046,0.0
1610132.5,0.834740161895752,25.260469436645508,0.45858337070895094,0.2893107631995488,0.17834170305047553,0.40888133125288073,0.33806516876437914,0.29873845253962794,0.0
1604344.25,0.8961107134819031,13.343477249145508,0.45885056789200895,0.28606776232260234,0.17377841553500875,0.40886517121924915,0.33755150464487704,0.2992860748312626,0.0
1606687.375,1.001309871673584,19.535619735717773,0.45984746836772417,0.2887505559964228,0.17611880930036505,0.4101219097908321,0.3394992031848448,0.2945027476782448,0.0
1595912.75,0.957202136516571,13.129443168640137,0.46057158325352443,0.2897203907293857,0.17462926831367193,0.4110328296171447,0.3395658888969291,0.28964227607015297,0.0
1611234.5,0.5931762456893921,7.7038445472717285,0.46064455863690384,0.2908565005647614,0.1750089629766325,0.41123796323024203,0.33932783379841397,0.2896458925187535,0.0
1610449.75,0.571702778339386,12.774506568908691,0.4602642270821111,0.28983929522128843,0.1735659807330338,0.4113135846782439,0.33975559612400363,0.289155941904945,0.0
1607019.125,0.08726004511117935,0.10594398528337479,0.4599414505774911,0.28868015170211486,0.1765187538174401,0.4113186507969745,0.3398675490884534,0.29306022752637345,0.0
1481834.5,0.7726070284843445,23.120630264282227,0.47858563362615636,0.24111770322665377,0.1695123414105778,0.41807800490761166,0.3232178429760657,0.29972342727103857,0.0
1603663.5,0.2327265590429306,0.6163440346717834,0.46001995680717594,0.288635756722983,0.17494199520686482,0.411348537618372,0.3400096515376394,0.29271503804061344,0.0
1602295.25,0.03020268864929676,0.022535433992743492,0.4600088425537691,0.28832769106723094,0.17371782488926235,0.411346502442484,0.3398295961886416,0.29079309102125234,0.0
1605706.0,1.6721373796463013,187.82582092285156,0.45954598986009665,0.28895371087861443,0.17684003849784355,0.41160703498509765,0.33916571912598237,0.29089932700913784,0.0
1643360.0,1.421209454536438,57.597007751464844,0.46288489704364233,0.29767546660200805,0.19039531468566834,0.41093665977869936,0.33539189642556017,0.3002506978580052,0.0
1660520.0,1.5409380197525024,72.75065612792969,0.46485100228149046,0.29958795695965285,0.191953718071894,0.4127486476516258,0.3400944348013817,0.3026483200267735,0.0
1693678.75,1.2663198709487915,46.369747161865234,0.46554804909308006,0.29909029212824295,0.19327060027593065,0.41533153715526966,0.341080546263931,0.3044454608905751,0.0
1671447.25,1.7466435432434082,99.48680877685547,0.4649520260141808,0.3042233704712668,0.19610531734819142,0.4139731131401533,0.3424184662558156,0.305484426461869,0.0
1645670.875,2.269296169281006,192.4686279296875,0.4633881397387232,0.30396513440462486,0.1952901510612813,0.41249161440185633,0.34258015386414636,0.3024829342680236,0.0
1611501.625,2.1263084411621094,347.5171203613281,0.45990529106603883,0.2937468921987493,0.18724081698571352,0.41229628583536393,0.3466829245625224,0.3066721942320203,0.0
1590027.375,2.0010464191436768,166.77662658691406,0.45590148161882504,0.2872096667220164,0.18504159693322292,0.4114583898842349,0.35108182645267555,0.31060845505549206,0.0
1478169.5,0.836958110332489,19.449199676513672,0.4774195324164177,0.24167533838052366,0.1687843563942418,0.4187403311448102,0.3240463154944417,0.2999785845958408,0.0
1602071.25,1.8484762907028198,126.21223449707031,0.45484373678054885,0.28954244678089497,0.1893118328448551,0.4129258650850282,0.350560198127665,0.31084865498709574,0.0
1621938.0,1.6308190822601318,65.09220123291016,0.45470037722949325,0.2925419828779188,0.19501496650065314,0.4136295488450709,0.34926424052983496,0.3120563659384958,0.0
1623823.375,1.2549673318862915,42.246971130371094,0.45459656878725185,0.2929075375695639,0.18925849519062155,0.41392278189057147,0.3542619342172436,0.3132824247567293,0.0
1589020.0,1.9504402875900269,117.51322174072266,0.4558038354274707,0.29202806183096086,0.1904814300160709,0.41414471095999184,0.35547727376446997,0.31516349546461125,0.0
1555881.375,1.6107478141784668,70.0219955444336,0.4576711407238974,0.28240748874640675,0.18724673126214963,0.4142941475785449,0.3512451227444593,0.31279690904867513,0.0
1539077.625,2.2012124061584473,146.9425811767578,0.45982773855605336,0.27743943080140404,0.18960067634069808,0.41464716905330856,0.3491878505233345,0.3130320545125119,0.0
1550033.625,1.6979509592056274,364.5057067871094,0.45959446222365835,0.27696856842123857,0.18923661044893225,0.41339148815639865,0.34656058517053634,0.31228162900267453,0.0
1535198.5,2.6694326400756836,474.33465576171875,0.4596932757788156,0.27657274838480383,0.18881477855051426,0.41185970845591974,0.3495625345298012,0.31218255579928833,0.0
1568157.625,4.012750625610352,1257.6651611328125,0.4588809928124732,0.2874610983944558,0.20051369178937326,0.4086003765919021,0.34881370906658377,0.3137822746079313,0.0
1552014.75,2.3872790336608887,197.54832458496094,0.4605104889037989,0.281275030514457,0.1952153388068689,0.40962894017492946,0.3524547795284542,0.31522050302633625,0.0
1492156.875,1.2031625509262085,37.98308181762695,0.4769528196674456,0.24410288971569932,0.16935616806775333,0.4189541630903979,0.32450900320427095,0.30041054589433563,0.0
1624257.375,1.3174408674240112,99.61518096923828,0.4616340745852147,0.28969670612186676,0.19970340665902553,0.410491772564021,0.34980353440083184,0.3116916357349435,0.0
1676557.625,1.5847171545028687,64.89468383789062,0.4631666872597042,0.2974030812468049,0.2057379289370549,0.41089336383851915,0.34749632516947004,0.3102298018139451,0.0
1683747.0,1.1774539947509766,70.25687408447266,0.46369950724304637,0.2960017392838595,0.2068820123005519,0.4107568926989197,0.3495625427902509,0.31460970359609297,0.0
1675450.0,1.3470022678375244,77.92721557617188,0.4645843542400624,0.29430320242649016,0.2028192336875815,0.410336616324513,0.35330348065121575,0.3155825291248601,0.0
1660201.875,0.9409360885620117,25.811920166015625,0.4652298379379941,0.29385473336129075,0.19808802619450425,0.40990925176280124,0.3549428680612498,0.31354040451514337,0.0
1648468.875,0.4643794596195221,14.806743621826172,0.46523226503047554,0.2943355126060939,0.19633970266693782,0.40984084078645894,0.355476407968215,0.3127454932850087,0.0
1645817.375,0.7282668948173523,12.986454010009766,0.46539211053074797,0.2940305282892406,0.1974215184112615,0.40940388326601185,0.35514860107001617,0.3135951524752196,0.0
1612341.375,1.2880051136016846,140.616455078125,0.46650692986936254,0.2924253615393446,0.19243241315777088,0.4087241058898657,0.35179616582720113,0.3085764946692743,0.0
1600490.5,0.6438332200050354,6.977964401245117,0.4674028773684694,0.29140232588299847,0.18967618197003105,0.40832671504125245,0.35017708143619186,0.3062689883047805,0.0
1620046.125,1.2132518291473389,31.07859992980957,0.468923018793325,0.29456929252067143,0.18950275729047936,0.40761083503640033,0.35058276868876304,0.3046504756239398,0.0
1522224.25,1.1974153518676758,45.44315719604492,0.4777159392919414,0.2511017210856673,0.17188115505086007,0.41881348863681644,0.32598734066260704,0.3001055131128778,0.0
1655350.5,0.9056240916252136,22.926240921020508,0.47029144629405994,0.2982340350796156,0.189377150297024,0.40676986701238954,0.3519758627437678,0.304846989722171,0.0
1673795.375,1.036269187927246,20.494848251342773,0.4715222532175303,0.29976631334281956,0.18901019095772054,0.406160082754801,0.35203692282352184,0.304246545836864,0.0
1680040.125,0.7287759184837341,15.884676933288574,0.4720542800719079,0.30107369357945235,0.1969425050182033,0.40612686884753685,0.35232559684005893,0.3084654416765407,0.0
1678462.375,1.6668270826339722,103.88772583007812,0.472048997175308,0.3002679225747959,0.19415837263220376,0.4061729852630025,0.3519330045488884,0.30633982664049203,0.0
1652775.625,1.732236623764038,226.5437774658203,0.4726939892102982,0.29804378246815827,0.19127106489229445,0.40585401346245226,0.3529164307617919,0.3059691907860726,0.0
1646448.75,1.1742876768112183,45.285823822021484,0.4727378623599137,0.29714192903654846,0.1906997792798443,0.40606782960841314,0.3542517005146192,0.30522483588914173,0.0
1655099.25,0.7806997299194336,12.476933479309082,0.47295312725219096,0.29771764545930657,0.19130269633214697,0.40559318238148456,0.35458922071808324,0.3050983405165911,0.0
1627342.5,1.2679508924484253,80.016357421875,0.47324097235780926,0.2971960325358498,0.19013118928430553,0.4047535731878211,0.355294257568058,0.30531217399872534,0.0
1571657.125,1.3750553131103516,248.85910034179688,0.47372219577819463,0.2935315388387502,0.1840175081682128,0.404157938438292,0.3570727532146153,0.30413781792822914,0.0
1553056.875,1.1456472873687744,109.33477020263672,0.47402175093079296,0.29194972936015434,0.1800479795602238,0.4039880287845937,0.3591547572380245,0.3012884342881863,0.0
1521434.0,1.3469876050949097,42.48088073730469,0.47709013032743874,0.25415376534984313,0.17424893935754085,0.4192714938695022,0.3263349703283128,0.299995116777556,0.0
1578685.25,0.6469797492027283,16.235227584838867,0.466396596459404,0.2722280292041026,0.179650859738152,0.4182700026947232,0.35243497043449945,0.3010359803067265,0.0
1540983.25,0.8843793869018555,12.966493606567383,0.47430994266874893,0.28959886523322736,0.17769337906192786,0.40380264442589703,0.35802835401146893,0.2997302081759908,0.0
1537136.75,1.0230989456176758,79.84620666503906,0.4744673013708554,0.2878222980002178,0.17652057143414007,0.4035685577398627,0.35712062338644324,0.29962427359178384,0.0
1537307.0,0.5692459344863892,47.44572830200195,0.47399056219261665,0.2890579004160161,0.1772659503326996,0.4036416766712665,0.35759824815502217,0.30063053244222887,0.0
1504949.125,1.994990348815918,211.11773681640625,0.47752104879861357,0.24316844444193095,0.17045559885951223,0.418939765709141,0.3244245230109073,0.29831873540363213,0.0
1480032.25,1.4201102256774902,53.618892669677734,0.4777080223467907,0.24212686272575945,0.1666138895125689,0.41945370367200846,0.32412884455846386,0.29615659893573126,0.0
1472434.375,1.5013824701309204,91.97526550292969,0.48003511397928883,0.24042211541223305,0.16725008464124985,0.41675044774419767,0.3241092444043481,0.297228083580859,0.0
1481390.125,2.118558168411255,107.87030029296875,0.4822515901492151,0.24671651958855884,0.16961313834593145,0.4147864019705909,0.32237285987688813,0.296450801885877,0.0
1468290.0,1.8217113018035889,74.92530822753906,0.48459559724631385,0.25325868135038754,0.17206884422457147,0.41341779052901056,0.31961587166451266,0.29508196142943166,0.0
1509186.875,2.480518102645874,222.53875732421875,0.48856686069685024,0.2684875154465685,0.17891033699885817,0.41187018818324267,0.31791964082831514,0.29572211271135523,0.0
1585912.0,2.284900665283203,185.42572021484375,0.4885614298407304,0.2856695844214929,0.18407962104672781,0.4124844067139295,0.32554654137682676,0.2967042955737876,0.0
1602823.375,2.0092735290527344,137.94961547851562,0.48713344116464014,0.28553420729028334,0.18580420126753788,0.41297950802134187,0.32628556366225625,0.29744774744398833,0.0
1574316.625,1.990543007850647,98.84288024902344,0.48942404748455304,0.27989711179293497,0.18742286707403455,0.41078774263468776,0.323849907212551,0.2964720877781764,0.0
1568628.5,2.140462875366211,110.08866882324219,0.4928375070351113,0.28388281921633257,0.1977695631286055,0.40571885023441395,0.3253505606879942,0.3051720329506835,0.0
1564579.75,0.7280439138412476,31.798330307006836,0.4660961204013395,0.2718805320323007,0.17696138956544022,0.41821571376578837,0.3512584021064232,0.298887791435895,0.0
1552548.0,1.2151328325271606,42.544342041015625,0.49144379785399367,0.27986479099140593,0.19801067387994692,0.4048524735764718,0.3271459298252576,0.3099575927721895,0.0
1554173.5,1.0568008422851562,21.816312789916992,0.48923373742025167,0.2754099568816614,0.1950062143473315,0.40554257475938316,0.32898533998913737,0.30854595767466,0.0
1552402.25,1.1799845695495605,36.94755172729492,0.48739869521048096,0.2726430963144593,0.19152661575180085,0.4063040988309678,0.33151688933536183,0.3062674006890301,0.0
1524145.5,0.9600240588188171,31.130889892578125,0.48679510801090503,0.2727979980495069,0.192829311148427,0.40604561372538606,0.33338536905278193,0.30372067446555073,0.0
1541726.125,1.9486829042434692,116.37437438964844,0.4864572607605265,0.2746767491955127,0.20103051766806393,0.40667473175878543,0.3361305698979017,0.3082970149206038,0.0
1511921.125,1.7021929025650024,84.88162994384766,0.4848773467341203,0.2777358880156625,0.19796829470324467,0.4072766422617153,0.33608515166374603,0.30428155886964164,0.0
1505529.0,1.9211660623550415,118.27062225341797,0.4837868376094629,0.2791520746898642,0.19767684171387861,0.407583896346317,0.33854172117944553,0.30555213025069067,0.0
1506284.75,1.0306339263916016,111.6357192993164,0.4814458423514213,0.27978345011228073,0.1971131672736437,0.4071754121096865,0.339609838593688,0.3060460465316496,0.0
1531040.0,1.11213219165802,75.67852783203125,0.4808324697006286,0.27997887449532644,0.19823845100754542,0.4071058631052249,0.33912246020166464,0.3060273037054584,0.0
1540162.0,0.6641159653663635,55.15728759765625,0.4801091341361464,0.27863012476919297,0.19877889523186998,0.4074134197101089,0.3396144916343974,0.30641605875062944,0.0
1548345.375,0.4473014771938324,5.249061584472656,0.46580447567973415,0.2723176067471053,0.18108726507924605,0.41812313805492346,0.3502160055647027,0.3030969298817773,0.0
1518715.0,0.5747111439704895,11.389209747314453,0.47938221674940984,0.2764296603824856,0.19753500080663397,0.40792468095645995,0.34181469460216685,0.3088751221677725,0.0
1509326.0,1.5460647344589233,83.15131378173828,0.47862881650439926,0.276481490554097,0.19920465431634593,0.4081020690693267,0.3401266336233764,0.31026124892517737,0.0
1501383.5,1.4496911764144897,69.22193908691406,0.4772401762836287,0.2734330869769157,0.20246161112515337,0.40720588352523596,0.3369414621351955,0.31079968294425336,0.0
1479624.875,1.6336435079574585,80.96463775634766,0.47498306434944887,0.27102762980655704,0.20168661650803849,0.406282397825856,0.3360990458250969,0.3093148827045235,0.0
1486462.0,2.230910301208496,125.74949645996094,0.4734555810357718,0.26927411068961427,0.2015893707737476,0.40434028897774954,0.3350685202876036,0.3086644940899395,0.0
1451931.75,1.5728340148925781,85.14425659179688,0.47287056159485963,0.26708680897068576,0.20299289799940484,0.40287929930160193,0.33393424413804706,0.30926828380498783,0.0
1432705.25,1.5874764919281006,122.02455139160156,0.47265281193701375,0.26814639996027756,0.20351624464803042,0.4016206311823916,0.332558512919644,0.30887670598343525,0.0
1452252.0,1.6828423738479614,205.3900604248047,0.472619662984115,0.26748902256994034,0.20443008699443868,0.40098523798334285,0.3337407789411973,0.31137279158088954,0.0
1476879.25,1.0159660577774048,38.30760955810547,0.4732223207546352,0.26702003972072885,0.20539007371435214,0.40091259538353846,0.3334743019888371,0.3134987107082532,0.0
1460131.0,1.8118946552276611,258.66119384765625,0.47665170521996714,0.2839291700997227,0.2252545788102284,0.4010956920092461,0.3609603664491451,0.34060197606541404,0.0
1534481.0,0.3820827901363373,6.8240132331848145,0.46620323341591674,0.27502569428302537,0.18267317000796665,0.41793750750261505,0.3536959620099905,0.3030194741267961,0.0
1482671.0,3.0705995559692383,364.9631042480469,0.4779444705358203,0.2669180418983645,0.21434472661255288,0.39963329728918534,0.3435066324143508,0.32360473766617853,0.0
1504266.25,1.690529704093933,73.96431732177734,0.47576925502102635,0.2646553158778359,0.21694246573537324,0.4003761204786224,0.3403954465874874,0.32845128905199056,0.0
1490315.125,0.915601909160614,14.747045516967773,0.4741457422863707,0.26961537200924507,0.22204561581996363,0.40129802416701904,0.3463462905338223,0.33573996817460044,0.0
1444169.625,0.9098227620124817,18.511049270629883,0.47414199870358936,0.27147201523710474,0.22190957259682378,0.4016072318405809,0.350984274268305,0.3357097340230911,0.0
1434985.375,0.5721994638442993,9.449743270874023,0.4740174686941915,0.2718823196126491,0.22393915158686262,0.40159917307994314,0.35189938046300173,0.3396888836640513,0.0
1430703.125,0.5241400003433228,15.750252723693848,0.474047346942513,0.2728775751769899,0.22799125928604053,0.4015987821990157,0.35372698653211304,0.3456201932095205,0.0
1431050.875,0.1812438666820526,1.5278505086898804,0.4742076320695579,0.27326783373646457,0.22894310781861696,0.4016028833306381,0.3549439829644948,0.3484225124748988,0.0
1419281.5,0.8100371360778809,21.554222106933594,0.4743364278077762,0.2750183465817164,0.2285723943900876,0.4017296995453078,0.3550098546607707,0.34685564179065553,0.0
1437407.5,1.9792890548706055,103.74996185302734,0.4745568953150747,0.2784438692207169,0.22672642753395056,0.40216472960593996,0.3552885593664825,0.34277371643593646,0.0
1438217.375,1.4290112257003784,85.31378936767578,0.4755302824914566,0.2827247514227721,0.22697316647088694,0.40156765110351833,0.35394246498234705,0.3413867530594601,0.0
1533559.5,1.6694433689117432,121.24363708496094,0.46673089670490947,0.27482321073498567,0.17890083383806585,0.4179885370735891,0.35734124896383684,0.2997790468228626,0.0
1488199.375,3.552870512008667,493.7980041503906,0.4826455112636997,0.2810075606941705,0.21464907464717287,0.3985489665531701,0.3539183962170096,0.32534911396166905,0.0
1448915.375,1.6360849142074585,64.32219696044922,0.48538279607830653,0.2831151286199901,0.20496921702355375,0.3970577634075975,0.35170369646619454,0.3069950158777965,0.0
1388346.125,2.0202701091766357,207.8312225341797,0.48186811121718304,0.2781821018012968,0.20162817154698187,0.3964391208939844,0.3505928658110296,0.3045946808236429,0.0
1411173.875,1.4133129119873047,114.43312072753906,0.4783493487875739,0.2768709721688132,0.19520754141369775,0.39785101061478906,0.3476033815086761,0.2959909773187663,0.0
1419576.25,1.1940116882324219,35.555694580078125,0.47741251974669285,0.2699328968529747,0.19033506378129444,0.3985650836612007,0.34298071047795486,0.28703603822254403,0.0
1437159.5,1.6401246786117554,72.8077163696289,0.4767360799019406,0.2687738980512348,0.18686945180206563,0.39926623370149467,0.342346929254677,0.28093855856092587,0.0
1430340.5,2.0358211994171143,109.77193450927734,0.4761989655878605,0.26754160033355157,0.18758030938023612,0.39945115849227814,0.3399200460353686,0.2828425056397537,0.0
1417273.375,1.3004721403121948,49.28445053100586,0.47524353765604904,0.2631033762154821,0.18750828167018188,0.399731192712728,0.3359241244805365,0.28537889638595837,0.0
1427954.125,2.2575266361236572,147.86004638671875,0.47614472208777653,0.26031449244847793,0.1832909282921978,0.3995502044983991,0.33243611265249323,0.27618610849699,0.0
1396904.875,1.5963629484176636,125.8073959350586,0.4754472980295476,0.255984578918106,0.1745144797239907,0.4003688449652939,0.32912736087249445,0.26284129655296,0.0
1543389.25,1.0254521369934082,39.246978759765625,0.4657256411761425,0.2750924016268239,0.17754169206308845,0.4176986459222457,0.3585541788256592,0.29913259742725323,0.0
1386800.125,1.3279507160186768,54.12549591064453,0.47545844196236214,0.2550561653845902,0.18265190626215233,0.4008713290571948,0.33134534605369986,0.27866962979848997,0.0
1453181.875,1.3754457235336304,74.3719711303711,0.4752319522765096,0.26505975606520077,0.19855447303729015,0.4012216777902887,0.33184737220651744,0.29359768374128425,0.0
1458770.125,1.395795464515686,40.49607849121094,0.4740321324623017,0.2730132987259126,0.20388962951945516,0.40118643665593307,0.3363932787253563,0.3012557337406966,0.0
1495751.25,1.4754257202148438,49.98488998413086,0.47339060304835645,0.27688930398992107,0.19891157751926447,0.40073868914626093,0.33620222191766674,0.2913704473256628,0.0
1531863.875,1.0957170724868774,32.285091400146484,0.4727215534420138,0.28310968480232906,0.19905062156463418,0.4009423086029263,0.3395947222046111,0.28705545531154736,0.0
1565158.625,1.3712432384490967,50.100040435791016,0.4721479492838389,0.2973862263241094,0.2122873542654355,0.40156443895854843,0.35326422640064686,0.30117271769896264,0.0
1562714.125,2.119786024093628,117.40156555175781,0.4716545761795801,0.29469894426276816,0.213478840803469,0.40205072907831496,0.350448553372532,0.304864436722051,0.0
1578528.25,1.9175127744674683,114.10890197753906,0.4710339681515334,0.2761137328554232,0.20290942951615057,0.40244737439790707,0.33310280993149516,0.2981340876515949,0.0
1606361.25,0.7231810688972473,15.349163055419922,0.47004231485421216,0.27494719371599247,0.2000982531043272,0.4028830473399096,0.3309765047811877,0.2934090268933944,0.0
1593973.375,0.9239941239356995,16.01488494873047,0.46739151162201487,0.27447650097265924,0.19919747603007393,0.40447006206454483,0.33217039384880276,0.2945839919401856,0.0
1550068.75,0.8422136306762695,16.462265014648438,0.464129710098583,0.2744457050546225,0.17369360945242232,0.4174265053734539,0.35761733834178616,0.2933863033436665,0.0
1603324.25,0.5830224752426147,19.06939697265625,0.46626051778057365,0.27350537520687224,0.19978462750295453,0.4052594915432782,0.3334594684577292,0.29698374472436173,0.0
1612242.25,0.5910114645957947,5.852566719055176,0.4654137717200324,0.27207675788313107,0.19916546561831885,0.40583537330998015,0.33439020858943286,0.2975575798127706,0.0
1584331.875,1.5791107416152954,85.93648529052734,0.4664211857759512,0.2724975788336708,0.20217178615072473,0.40670449819192367,0.33222934485331,0.3008813655213427,0.0
1587687.625,0.7022881507873535,32.44409942626953,0.4663842455730626,0.2731001460269016,0.20876620768832244,0.40681380374321074,0.3312981619873642,0.30783201134790283,0.0
1640503.625,2.1065890789031982,144.03810119628906,0.4638046542038715,0.27275677954402466,0.20318768310009228,0.4073470210287203,0.3330856748431622,0.3030970503948226,0.0
1636425.0,2.547508478164673,180.849609375,0.4593420741457991,0.2670805573201674,0.19414603068844047,0.4089174659352301,0.3282610142604336,0.29427415552226494,0.0
1618976.0,2.2015624046325684,123.7886734008789,0.458412421509465,0.2817155777298569,0.19767307802240613,0.4093521739888522,0.3436465502104616,0.2876668534905125,0.0
1609530.375,1.4758236408233643,49.12348175048828,0.4577157170521911,0.2796717870973007,0.18333776697939896,0.40989020263321446,0.3422380065150937,0.2678720649266371,0.0
1636153.75,2.9409852027893066,396.00982666015625,0.45768551531094687,0.2725709669668796,0.17451125324771136,0.4094876945477151,0.3326774823978802,0.25647326833330814,0.0
1696106.5,1.905970573425293,161.4351806640625,0.45834077877559776,0.28297261245430083,0.18158404297960867,0.40848156245782224,0.34225401066207223,0.2601823803519279,0.0
1557845.125,0.8067732453346252,14.490022659301758,0.4653149312922597,0.27473250735481003,0.17078347420139017,0.4170204652386697,0.35772104690131046,0.2865098879392621,0.0
1588671.625,0.9404714107513428,60.30073165893555,0.4598922068834055,0.279784435861039,0.17844023360157185,0.4072320328757472,0.33834599265270787,0.2585008060722802,0.0
1649656.125,2.4473018646240234,172.6605224609375,0.4605474164627679,0.27887643029174264,0.18303635369155916,0.4070785452792295,0.33513270610465146,0.2715960778872134,0.0
1672232.75,1.2359168529510498,48.048500061035156,0.46068066028404536,0.270839401089827,0.17955895437121466,0.407654297366497,0.32717899987280064,0.2753757451488862,0.0
1754558.875,0.9630222916603088,48.124446868896484,0.46256642593171277,0.27094753536546556,0.18456010963819902,0.4082364953822387,0.3273739393508409,0.2830310726545945,0.0
1690863.5,1.8630549907684326,176.98568725585938,0.46674212353359673,0.2751470336385904,0.183092084724564,0.4078627275042978,0.32819429394965766,0.28143022795946976,0.0
1607942.125,1.5923106670379639,99.5708999633789,0.47467500539668706,0.2790908174698234,0.1839681493650434,0.4083249791637182,0.3297537773425481,0.2831055213140803,0.0
1626096.875,2.2338860034942627,141.31060791015625,0.4780437047627989,0.28291744541541464,0.19079205252849782,0.41011046825740805,0.33253038515987776,0.2957691705930488,0.0
1600691.375,1.848836898803711,120.0880126953125,0.4773739706401997,0.2800060406763702,0.1885262459891476,0.4089099054504992,0.33046888467424024,0.3001188714775801,0.0
1580347.875,1.8068650960922241,139.5863037109375,0.47653787504080775,0.2772156887551328,0.1934124620343499,0.407568980954868,0.32876089778061046,0.30447244934520085,0.0
1555288.25,2.3806710243225098,220.9304962158203,0.4772875178253702,0.2765599454310862,0.19225383385224992,0.40713571292109346,0.32696251541889304,0.2981470023060252,0.0
1565258.25,0.11468137800693512,0.18711400032043457,0.46533203028448816,0.2745387096737614,0.17330259069557263,0.4168225102917075,0.3575357740643145,0.2914163796390952,0.0
1541353.75,2.0069806575775146,50.910762786865234,0.46034041781986407,0.2767962481290422,0.18435276204006548,0.4132603049806686,0.3474446904337565,0.2957377512272801,0.0
1564677.75,1.7796772718429565,86.71211242675781,0.4773390112341889,0.2730998971702425,0.19174165824905925,0.4070177137217809,0.3253850628755878,0.30054311752999,0.0
1559725.375,2.0827949047088623,235.0492401123047,0.47646474064812977,0.2747743874772639,0.19233006350185436,0.40690915733164834,0.3294250622712678,0.3034292933293136,0.0
1467900.25,0.8486697673797607,29.446685791015625,0.47927263927194086,0.2814876177018778,0.19922958738718002,0.405635545793217,0.33636346909326614,0.31138410949620016,0.0
1468778.0,0.14118053019046783,0.39677080512046814,0.4796712655995377,0.2830691420176824,0.20298885110143713,0.40535811809367944,0.33762664015195537,0.31574944571092306,0.0
1470767.625,0.1391150951385498,0.24745309352874756,0.47968393115670444,0.2830037986927423,0.20220575638932378,0.4053313650622078,0.3377220380280504,0.31485603240103666,0.0
1472133.0,0.029721209779381752,0.03916521370410919,0.47968286850455105,0.2829946328690099,0.20264109441660583,0.4053160140333897,0.33784275096536387,0.31553615097215687,0.0
1501598.0,4.680619716644287,623.0865478515625,0.4768333758496204,0.29131067845788056,0.20783740707931725,0.40389517482260745,0.3412066086338318,0.3097492467664363,0.0
1559216.625,1.9306814670562744,74.9146728515625,0.46916794726069594,0.29612864683973217,0.2017713077240522,0.4020354436350935,0.33835712201274304,0.2842232224002743,0.0
1592649.0,1.5584118366241455,111.35344696044922,0.4592935509765413,0.28168484075292305,0.20565865771129893,0.39867185575630987,0.325488352813192,0.2999733820427689,0.0
1591154.25,1.4912140369415283,67.00885009765625,0.4662715505230137,0.2805621724226809,0.20887476977957006,0.4023047797802638,0.32213490012814794,0.306422884840316,0.0
1572014.625,0.41999876499176025,11.134221076965332,0.4655119089170714,0.2740098902818109,0.17448140133639067,0.4168646096222028,0.35737794506264486,0.29318242264838285,0.0
1587556.875,1.4459952116012573,43.04396057128906,0.4691107137964335,0.27932646456442295,0.2054768157703131,0.40280179542271105,0.32208865145231935,0.30218074372656273,0.0
1563261.25,0.8775004744529724,40.735565185546875,0.46934985568935306,0.2818207772012178,0.2075757847065845,0.40286218096928156,0.321628260376495,0.3019145711451217,0.0
1553800.375,0.5056746006011963,13.965475082397461,0.46925282977541904,0.2813361630915487,0.20546363424527408,0.4026618511814216,0.32434857719490146,0.30266970311246516,0.0
1580862.25,0.7941891551017761,24.237462997436523,0.4709533653764525,0.2844042860661519,0.20757152328465422,0.40252744437362803,0.32573108184499794,0.3021219832023286,0.0
1594350.625,1.6576906442642212,58.856292724609375,0.4703913051676389,0.2866686797547835,0.20937764324422065,0.40111297476506036,0.32716913226620864,0.3074438430584384,0.0
1543423.625,1.8690969944000244,121.84529876708984,0.4679432560428495,0.2786147380639664,0.20273393752750066,0.39886445184201696,0.3297412962365886,0.3085016549017283,0.0
1532889.25,2.189006805419922,137.75999450683594,0.4721235034436749,0.28342982211828693,0.19889808306741247,0.4024835843587359,0.3283807638452836,0.3015553166012306,0.0
1447255.125,2.350229501724243,175.8818359375,0.473034379765647,0.2771938233178121,0.2018490509271261,0.40278184544314,0.3306209631720637,0.3062618343759829,0.0
1448467.125,1.275019884109497,28.555601119995117,0.47325422598461114,0.2741177758110958,0.1998137883704282,0.40262389623204337,0.3343136914495932,0.3050307572559801,0.0
1473466.875,1.8748053312301636,86.23374938964844,0.4736424707649675,0.27174138340729653,0.19985306090265081,0.4025745932449495,0.3366370649289546,0.3066351564931475,0.0
1575272.75,0.1895742118358612,0.4114671051502228,0.46557212677709153,0.27373267264945217,0.17582328593780472,0.4168970424922705,0.3573006954421123,0.2967484980342697,0.0
1525543.75,1.7912179231643677,104.54388427734375,0.4754907047821779,0.2735551315498504,0.1997220098883301,0.40077089538942595,0.33530288684398085,0.30046438376126,0.0
1554094.5,1.8950061798095703,81.41696166992188,0.47625201239919784,0.26689867237355314,0.18394235141521328,0.399602626047688,0.3371706837459835,0.2797630770899358,0.0
1532827.875,1.4135555028915405,63.03756332397461,0.47729923243900496,0.2628427343259713,0.17777168030562132,0.39983806528277605,0.3349530503907563,0.27345325908531454,0.0
1567048.125,1.2301502227783203,38.404598236083984,0.47703051375116357,0.26444087221125023,0.16579093317065552,0.40098007064506297,0.33455536975141503,0.25200773970967355,0.0
1581947.375,1.0079808235168457,25.76756477355957,0.477016911657151,0.2638991019978988,0.1675208206302169,0.40151556864727855,0.33728026741095,0.2531962453105686,0.0
1572723.0,0.8595038056373596,14.544970512390137,0.4765785131514569,0.2641385572190543,0.16665286243614785,0.4025504016649562,0.33725216809838876,0.25055325318767147,0.0
1576319.125,0.8159712553024292,12.65203857421875,0.47623433175997437,0.26728241690403964,0.17041060045638834,0.4031669986036188,0.33515551935617727,0.2537302457970341,0.0
1571275.0,0.06023876368999481,0.04548834264278412,0.4762097323401461,0.26761730260319616,0.16819376286363,0.4033902693998142,0.33448709511156116,0.2500637700797178,0.0
1565805.25,0.42019638419151306,5.316812515258789,0.47602952609223004,0.26756073033412897,0.16948993671993584,0.40337207761100885,0.3347975356560645,0.25273572209804596,0.0
1559856.625,0.06640835106372833,0.06359774619340897,0.4757903261293099,0.26733448720585756,0.17035869346552596,0.40337156633187615,0.3351825340709298,0.25542709765276816,0.0
1573013.25,0.872905969619751,18.383827209472656,0.46615111768281237,0.27410222259317407,0.1771681530124979,0.41713139833126334,0.35646654355115015,0.2978620778512695,0.0
1560858.875,0.5758506655693054,12.7766695022583,0.47568261809576895,0.26697249553165997,0.1694713950359969,0.40322650537597343,0.3349659473671121,0.2533386242342362,0.0
1607959.125,1.1436272859573364,38.71303176879883,0.474578205478878,0.2699001617506047,0.17277247668376622,0.40368194320513223,0.3341910655042545,0.2626616940435226,0.0
1576627.75,1.1075665950775146,22.29149055480957,0.47410962947206486,0.2710451648740354,0.1730373396298081,0.40397929621197864,0.3360696860428087,0.26755073855031714,0.0
1573335.375,1.8337507247924805,102.17477416992188,0.47444811503510187,0.2733438999814164,0.17286850793970082,0.40324724525146954,0.33492725735478035,0.2664220817872143,0.0
1554105.5,1.4176617860794067,55.91107177734375,0.47519530440091234,0.2763046658434917,0.17472448189105877,0.402152886387102,0.3373967012496044,0.2681576521847339,0.0
1550734.5,1.385445475578308,56.9827766418457,0.47561486109992146,0.2783711383958364,0.17734933916567297,0.40168774377023486,0.3375688943825549,0.2714477993641849,0.0
1569739.75,1.6443990468978882,57.84819793701172,0.4744288940081081,0.27434537386570956,0.1781281903081769,0.4028649146899271,0.33378864545540093,0.27525360157511464,0.0
1555887.875,3.209537982940674,428.2259826660156,0.47325135576779487,0.28176817808958854,0.1845331937574749,0.4043395591967342,0.3304176867322843,0.2766466392106165,0.0
1706379.25,1.1736509799957275,37.66086196899414,0.47305010056533897,0.2795437859970254,0.19516715243082455,0.4049825393494129,0.3326729049921885,0.28408572286994915,0.0
1641251.625,1.6510404348373413,93.5421371459961,0.47279356201555933,0.26837566363816945,0.18621474680231018,0.4049913533730089,0.32382054034151486,0.27963533608074664,0.0
1573334.75,1.0888192653656006,32.80748748779297,0.4670703835161373,0.2722213527751133,0.177095826732928,0.41845321361282867,0.3550463676583716,0.2979173259991007,0.0
1693769.625,1.0798919200897217,21.841297149658203,0.4731141658862129,0.27531830689324405,0.19216958624030203,0.4053304114626977,0.32490001999243995,0.27733918888419107,0.0
1682928.0,0.8793225884437561,16.149404525756836,0.47326494614269493,0.2828443990663996,0.19716439593327953,0.40567639600043826,0.327932329036705,0.27933174523294907,0.0
1634827.125,1.2687519788742065,54.60712814331055,0.4721688551085646,0.28308883085426184,0.1991235342501857,0.40546801312389824,0.32980532833567633,0.2810654756074206,0.0
1652660.125,1.2210161685943604,39.33408737182617,0.47164773290860557,0.28055976222400003,0.20562484972428116,0.4051209568519302,0.33194273634595006,0.29174068909009193,0.0
1631516.625,1.384028434753418,61.52387619018555,0.47073687479278825,0.27522169031800325,0.21011366494821018,0.4049565958179492,0.335201860534264,0.3070093005818001,0.0
1659092.125,1.5329880714416504,64.57744598388672,0.4704450602220692,0.27757435970624655,0.2001668667648908,0.4057766967086565,0.3332342468892532,0.2940097862219284,0.0
1604502.25,1.3633549213409424,89.49922943115234,0.4706425509121236,0.2756456661676577,0.1934009088793634,0.40646828824996584,0.3317628831038912,0.29029270721851497,0.0
1601338.125,2.149261236190796,94.8936767578125,0.4698348874278925,0.27461141608655154,0.1908151041418249,0.4064596387468581,0.33056575344041134,0.28673572172192224,0.0
1607450.125,1.473302960395813,59.202484130859375,0.4707674755806806,0.27078449944661664,0.18729448666520837,0.40547434327288623,0.33328037437161767,0.28329450943038137,0.0
1593647.625,1.7261176109313965,43.46350860595703,0.4713449893757674,0.2756321838688494,0.18370510424788652,0.40524850930862516,0.33224767164518393,0.27625916639238324,0.0
1562720.5,1.0710912942886353,52.709754943847656,0.46868789155804697,0.2724810330539608,0.16664612839229187,0.4202510202359418,0.35496949729582267,0.2843039818394499,0.0
1598216.375,1.006874680519104,24.08971405029297,0.4715081595191774,0.27957041168969105,0.1894184990342468,0.40536733142758075,0.33289427536422617,0.28429021921325426,0.0
1600310.375,1.9739506244659424,312.6738586425781,0.47189958498556744,0.2836933351494445,0.20124124137372873,0.4056791390562279,0.32922090070527105,0.29136366795547347,0.0
1649944.0,1.398605465888977,106.5023193359375,0.47230841051730826,0.287930272642675,0.21276160457056909,0.40529524333437217,0.3288161022357639,0.29743622082379606,0.0
1583927.25,1.6737744808197021,92.47782135009766,0.47215272954076204,0.2888161762875212,0.16897234152670665,0.4052111247428818,0.32792491009660035,0.2325768950414655,0.0
1545550.125,1.5365976095199585,63.130775451660156,0.47104645262122236,0.2849692754510478,0.1655539137733672,0.40570397505712663,0.329584171666177,0.23738069803186157,0.0
1597557.375,2.2376646995544434,145.96437072753906,0.47016000982870093,0.28363617598059004,0.16666689602227042,0.40562909310441864,0.33186224694994937,0.24307749110497212,0.0
1620369.25,1.485251784324646,42.700199127197266,0.46893043470625195,0.27343807491937744,0.17504962150777295,0.4050881111678721,0.3344347424281289,0.2615054636269106,0.0
1631717.75,2.8326733112335205,404.2424621582031,0.47040131339051894,0.2809582970256592,0.19492745355534627,0.40488593437141357,0.3300157886837269,0.2830252148330832,0.0
1646737.625,1.9711329936981201,91.13416290283203,0.471439874537231,0.29202270239607325,0.19752884355087758,0.4072872390828884,0.3259875715102016,0.2699899641569388,0.0
1686878.875,1.7608842849731445,92.29376983642578,0.46626199725988604,0.2925536188103744,0.18203044051439318,0.4053013047353956,0.3254416029125754,0.24442853925747635,0.0
1497252.75,1.4640229940414429,108.91572570800781,0.46964057402603343,0.2661822255837367,0.16777879388725744,0.42084802970635193,0.3496248036136899,0.290397472613068,0.0
1680697.125,1.8114550113677979,106.29317474365234,0.4686319739983899,0.299458239041396,0.1788568029648579,0.40571315247433776,0.3261079973417868,0.23725141009164782,0.0
1675878.375,0.10030703246593475,0.13021866977214813,0.4690656443673945,0.2973936036551746,0.17748986556083757,0.4059609310607921,0.3269088896733396,0.23679310752969282,0.0
1675686.75,0.04492300748825073,0.03475434333086014,0.4690707860297134,0.29746293043979766,0.17742206345488248,0.4059623772943462,0.3268244498355107,0.23621504584085798,0.0
1675616.375,0.08276165276765823,0.12149412930011749,0.46907458745352165,0.2974499933294391,0.177495585609673,0.405964561155595,0.32684191716237226,0.2364751830165329,0.0
1689335.25,3.473466157913208,590.0994262695312,0.4659842078231823,0.2921006030405885,0.18362215056766332,0.4055231272364636,0.3295341837600706,0.24904321822306835,0.0
1674017.75,2.091277599334717,222.6460723876953,0.4575410418958879,0.2787587275479195,0.19205699399038,0.4042742446358748,0.3372183814282601,0.2729369113134798,0.0
1722341.25,2.3578503131866455,223.6667938232422,0.4562981515064586,0.28053824386442805,0.19371663483267115,0.4022471948530594,0.3382242712415745,0.27844016655308174,0.0
1774571.75,1.3220914602279663,41.030513763427734,0.4566937215762852,0.27657326002310306,0.19480912214002885,0.40056661367839164,0.33776049114872986,0.28299546850732227,0.0
1757531.5,1.553959846496582,123.3648452758789,0.45549097354982504,0.2767161452606719,0.19169314970937798,0.400421603926085,0.3366320994305337,0.28082593935949957,0.0
1732408.25,1.0810680389404297,29.303462982177734,0.4553572103230913,0.2747347508468376,0.1925144715736964,0.4007186742654959,0.3363920437103324,0.28291437947649833,0.0
1497251.625,7.495594024658203,1913.0323486328125,0.46774838652962053,0.2541748815109242,0.16514550877844725,0.42365455709185396,0.3458699416670822,0.2935239906144602,0.0
1708577.5,1.6789672374725342,73.01333618164062,0.45958209239373454,0.27555284358757376,0.1949505443518798,0.40031210662735733,0.336425017755384,0.28911552533206386,0.0
1698964.0,1.4460434913635254,69.1448974609375,0.45853078170365114,0.2781414898713599,0.19344288858759348,0.3998918392372008,0.33499138072698853,0.28842315677336827,0.0
1731353.0,0.31564509868621826,5.534876823425293,0.4577469657231972,0.2812454005204337,0.19345756445130016,0.40022888183525646,0.33411225661710336,0.2883172931675975,0.0
1726799.625,2.648085355758667,386.1613464355469,0.45707180308244016,0.28277620521701374,0.18671919826465908,0.4017364310543832,0.332813413964076,0.274483776093732,0.0
1672193.5,0.5183000564575195,5.054685115814209,0.4583228538229902,0.2880990618728447,0.17727899667463454,0.405737202703933,0.33296737046534575,0.2608408897832055,0.0
1660594.75,1.007563829421997,55.74812698364258,0.4586064596198557,0.28830886072921624,0.17923450599696197,0.40578900803682477,0.3324533592964644,0.26247903645326853,0.0
1620472.0,0.9921957850456238,58.88800811767578,0.4599140926705497,0.2866708629577924,0.18233934617421285,0.40480069918449596,0.33085555159659524,0.2680177128770435,0.0
1705824.125,1.030294418334961,60.035797119140625,0.4584117259355216,0.2869881260563308,0.18444769355319596,0.40483632386837304,0.33100350195193573,0.2708066443368169,0.0
1703944.875,1.1388064622879028,70.46442413330078,0.4583403113606544,0.2876740968255878,0.18701580717138785,0.40433315082010357,0.33057131586813643,0.27577059545365457,0.0
1681991.875,0.3772031366825104,10.079086303710938,0.46008701440986927,0.28838188167410855,0.18903926524800613,0.4036130333520154,0.32972174066597587,0.2809458533164785,0.0
1507311.375,3.0604920387268066,256.05657958984375,0.463935364708743,0.2499163359874669,0.16522229390027368,0.42484323218069486,0.3475799099046931,0.29840858293784034,0.0
1695070.75,0.28074368834495544,3.362210273742676,0.4601268395968693,0.2877014877338581,0.18127478238325784,0.40393849988109853,0.33015167008627894,0.26837754514874845,0.0
1693353.0,0.8348466753959656,12.473170280456543,0.46015567526286144,0.2878365163017284,0.18319080464533263,0.40414788442493366,0.3294826530369179,0.27099286597267047,0.0
1668012.875,0.30247852206230164,7.746720790863037,0.46014213505920787,0.2879422402132305,0.18299939403886528,0.40420825247199454,0.3290693298795408,0.2716972850800788,0.0
1702971.0,0.6951172947883606,21.16347312927246,0.46034166799334686,0.2870224466686599,0.1816339260353912,0.40442373758282985,0.3286680202761115,0.2713745754207367,0.0
1657889.25,1.4777357578277588,134.17657470703125,0.4613744246985259,0.28510965442082215,0.1776123600772785,0.4037532241572254,0.3274982308253547,0.2694748049601441,0.0
1685516.375,1.2557939291000366,67.20674896240234,0.46244547144941517,0.28636722675184867,0.18008020037394049,0.40270352957911026,0.3268672144691016,0.26996107465649954,0.0
1632536.75,3.6444125175476074,630.2103271484375,0.4683533398606268,0.2919736528057823,0.167966788616428,0.3972515493476646,0.3243618564110167,0.22651625343044016,0.0
1683616.25,2.666140556335449,357.70172119140625,0.46749087400693634,0.2949603775699493,0.17158380897111103,0.3972220958437206,0.32611470869309794,0.23423375909592203,0.0
1707309.0,3.4239559173583984,486.27532958984375,0.4713833925090513,0.3037376600838916,0.17357229924265416,0.3952862587983558,0.32706782019236436,0.2337477968172102,0.0
1700546.375,3.2333364486694336,358.7032470703125,0.47656722757164904,0.30401384593601194,0.1727449805493605,0.39201519528306117,0.3191865330643214,0.22767976635748352,0.0
1534659.625,2.502816677093506,413.98992919921875,0.46102655030800715,0.2562820737963981,0.16712124811002405,0.4246892660298716,0.34779417908100974,0.30008517104037674,0.0
1608136.0,1.6872395277023315,81.74532318115234,0.48109031343222847,0.2967541352592061,0.17154276096861815,0.38877067420533507,0.3100005677321744,0.21923122564658484,0.0
1613755.25,2.6830360889434814,313.8893127441406,0.48452096063825034,0.29909853528857255,0.16546394646901497,0.3847077957005917,0.30206286156521284,0.2043437346267466,0.0
1565169.0,3.449833393096924,430.7559814453125,0.4825299493629441,0.2991296215616487,0.1532634935329535,0.3838772436012812,0.2923050536055019,0.19788542586115102,0.0
1597285.625,2.6729657649993896,264.738037109375,0.4799843206501765,0.2944322530243028,0.15055449583254227,0.38459705661215315,0.28841380324599203,0.20175134003846762,0.0
1590329.75,1.6057121753692627,119.29658508300781,0.4798029603206711,0.2890932202185579,0.1454283388494156,0.3848228512045908,0.28601491688170516,0.19847563761691883,0.0
1613105.25,1.458661437034607,86.93440246582031,0.481161042837141,0.286870294473268,0.14432754607690018,0.38493473303942427,0.28581825016011464,0.19772186269818934,0.0
1640067.125,1.4551175832748413,48.393653869628906,0.480417155518052,0.2853325252811533,0.14703927386626858,0.384925596663987,0.2828650261637874,0.20234489061887795,0.0
1665814.375,1.8738716840744019,268.93927001953125,0.4823616969443217,0.29994717010976674,0.15703821974031457,0.39011771684006263,0.2971662120682917,0.1971443019663995,0.0
1728449.625,2.1602699756622314,397.8467712402344,0.4698758290321517,0.3070320338412321,0.1906897072423894,0.39951874044208097,0.3331565728125652,0.2622678911536969,0.0
1687443.5,1.5987048149108887,54.505882263183594,0.4677554547820737,0.296748039147475,0.18665416178999839,0.4006926208374675,0.33304217549549026,0.26901731134716167,0.0
1511924.0,3.0618019104003906,274.1127014160156,0.4641546370376703,0.2587188998488045,0.17179397506940763,0.4243929508680017,0.35043456019414093,0.304533840104545,0.0
1564165.125,0.965825080871582,19.344358444213867,0.46019130099906874,0.2759595703687432,0.1838325902521356,0.4133735495198051,0.3463273478524442,0.2946688487211471,0.0
1696198.125,3.4573137760162354,250.50111389160156,0.4682866489793226,0.3051627156383002,0.18482815895431842,0.4030329361400457,0.3435075403886807,0.2521259844890474,0.0
1637471.5,3.0804996490478516,369.2695617675781,0.4699702187541514,0.29660991846856805,0.17789281236729484,0.407240078625271,0.33672902882043687,0.2485998665100269,0.0
1802357.625,1.8993866443634033,90.30460357666016,0.47990363683893844,0.3000194344584071,0.18504610569158828,0.4161321055447307,0.3494835880691556,0.28554692401892773,0.0
1776837.5,3.746870756149292,351.30841064453125,0.48516370375524287,0.29441207088509647,0.17275111540231247,0.4198004978102387,0.331040869525626,0.28542394257280296,0.0
1618136.375,2.4168789386749268,169.30128479003906,0.482083581807337,0.28122223474028024,0.1704333389507981,0.41806312088588254,0.325921028447533,0.2938239300992636,0.0
1629580.375,3.2242369651794434,428.070556640625,0.4808209382718203,0.29186818815965393,0.17679316125095798,0.4156006404581503,0.3344671840871253,0.3029253177306669,0.0
1630255.125,0.19001729786396027,0.37289494276046753,0.47990990851384674,0.2934359848706779,0.1771796388005335,0.41467962447587514,0.3355223263982986,0.30309361947008945,0.0
1629864.75,0.10263613611459732,0.13084211945533752,0.47987219893525385,0.29377606349038693,0.1771842641444215,0.41468235071356113,0.3356772298256849,0.303191501822033,0.0
1630119.5,0.03361395001411438,0.016223808750510216,0.4798624371929935,0.29390581984437175,0.17677834786688695,0.4146944521970509,0.33570050593330886,0.30297422672677304,0.0
1632545.25,0.7153851985931396,18.380264282226562,0.4796078805839258,0.2952077886612974,0.17637309764215142,0.41442205363290785,0.3376386433766324,0.3033935346486596,0.0
1500534.5,1.445539951324463,138.43832397460938,0.46810203672953854,0.2527705189315196,0.1660493910494075,0.4259908671116258,0.34516204849839155,0.2978851345448311,0.0
1643393.375,0.25571972131729126,2.9485621452331543,0.47923341935872743,0.2956825802960064,0.1750324933913321,0.4141396012057372,0.33918189795123327,0.3035546929161995,0.0
1646424.375,0.28709277510643005,2.1423306465148926,0.4789664207216465,0.29762820303618603,0.17389572530690847,0.41408593549229106,0.33948708883899936,0.3029776439850356,0.0
1637791.875,0.6039836406707764,11.589204788208008,0.47849749465451435,0.29555142770290643,0.1725942782836489,0.4140991625729519,0.33873031996321185,0.3030093388052802,0.0
1639908.125,0.09693659842014313,0.0916728600859642,0.4783391654385232,0.29383038359500036,0.17152207795598629,0.4140101273697278,0.33802972405021664,0.3036160535124682,0.0
1640737.0,0.03258615359663963,0.019089529290795326,0.478342846480426,0.2937458577339698,0.17105462524363557,0.4140171773475958,0.33800608804873933,0.3034881903232435,0.0
1641617.5,0.005141689907759428,0.0009021825972013175,0.47834770420043415,0.29384121521064643,0.17127412194869085,0.4140207145605893,0.3380417212249559,0.3035788109127315,0.0
1643952.375,0.2895978093147278,2.9623920917510986,0.4783441226338844,0.29369396771069545,0.1709532700876511,0.4140123163977698,0.3382269344532094,0.3037172351963843,0.0
1633821.0,0.5615904927253723,9.275659561157227,0.47859516242070427,0.2904171330278182,0.1709691919831703,0.4138170612421694,0.33812298264231716,0.3041517286983179,0.0
1616535.75,1.2168203592300415,40.05765914916992,0.47969209970939136,0.2879728570492034,0.17127770003935916,0.4140071415454098,0.33687204523928915,0.30440548640546966,0.0
1584682.5,3.238597869873047,861.64404296875,0.47906222059703957,0.28018379827698986,0.17711659500108282,0.4149668234243922,0.33655035725000954,0.3077210298629428,0.0
1481762.75,1.5877104997634888,89.60023498535156,0.46914146917212096,0.24931952451263195,0.15560176550409638,0.4257445804062083,0.34574510034465,0.28241818963170456,0.0
1552601.5,1.3374930620193481,71.65531158447266,0.47698455762633163,0.2777587152887547,0.17759371194339366,0.41496241185711863,0.34077316218077935,0.3084216325050094,0.0
1574677.75,1.6051044464111328,92.72300720214844,0.4768448714005227,0.28262708382049023,0.17745453337099426,0.41574265124412346,0.3391474341085423,0.3076808394457262,0.0
1596781.375,2.7858564853668213,262.61083984375,0.47698347585833367,0.2936912119436032,0.17754892172876158,0.41694935546735284,0.33909692462502816,0.30703972336246044,0.0
1576991.75,3.1255714893341064,207.27972412109375,0.4761881521191782,0.29990153372477785,0.16907719347238076,0.4192741699220196,0.3396031872737291,0.29692559319223805,0.0
1606342.75,1.4485983848571777,97.14973449707031,0.4753829326929757,0.2974596416696086,0.16482292103394447,0.41968884796706024,0.33999789542628095,0.28443682342279847,0.0
1665476.375,0.8661272525787354,71.38184356689453,0.4751214514109045,0.2952051549672595,0.16520866617254704,0.4195872142468319,0.34131347781093613,0.28385282020518615,0.0
1665676.25,0.47666221857070923,4.636226177215576,0.4743809865236948,0.2928094466838353,0.16479336054687937,0.4196403464524479,0.34052081320569944,0.2839678843882255,0.0
1660336.875,0.7458019256591797,35.61302947998047,0.47444901365037384,0.28966508243773803,0.1624652434814154,0.41937606914249165,0.3391464405986088,0.28270544998686425,0.0
1641436.25,1.5404291152954102,114.5972900390625,0.472797867141543,0.29059081716557505,0.16158470212159343,0.42028147218669837,0.338354398303026,0.28399348060052676,0.0
1596292.125,1.894775152206421,127.39263153076172,0.4715872074062478,0.2881432813134639,0.16295399491167273,0.4211587205726339,0.33820733721220336,0.2877797474341643,0.0
1513962.5,0.8765666484832764,153.96591186523438,0.47119490950037424,0.2523324942042813,0.15172877908038263,0.42497840690531596,0.34939364401105527,0.2746268638054164,0.0
1642360.125,4.108914852142334,765.5587158203125,0.4689557939469893,0.29419126424311026,0.1638310228906664,0.42223042176964104,0.3401259065121497,0.2831548638763842,0.0
1761533.625,5.235930919647217,889.8719482421875,0.47096703520343575,0.294155090175832,0.1511145449141748,0.42458370234341664,0.3501338280219439,0.2613377718199477,0.0
1847600.625,2.2305259704589844,183.96844482421875,0.471936237303109,0.29661352487189585,0.1542118288301953,0.4251113228885986,0.3507820635958415,0.26833567839985156,0.0
1874166.75,3.357337474822998,253.06651306152344,0.471826111704797,0.3040329638809024,0.17570017560685008,0.42514130672655315,0.3570303475084779,0.29844104214632594,0.0
1762746.75,3.8812882900238037,603.3960571289062,0.47669686187329197,0.3140211296534581,0.2096783049782764,0.42294997367833226,0.36915554555263,0.33627475377195587,0.0
1749830.25,2.4207074642181396,215.26065063476562,0.48558794470010985,0.32029482944345516,0.21730037590992227,0.4175307505067653,0.3705890257063504,0.34084414267840585,0.0
1779620.375,0.015191563405096531,0.008904068730771542,0.4874649544554408,0.3207362219785249,0.21962679056545778,0.41626826039979176,0.3715618959449234,0.34307557391273913,0.0
1594591.25,4.4190216064453125,1095.2115478515625,0.4857524211535699,0.31261994655080627,0.20026512094115084,0.41794132432551584,0.37268382648428766,0.321678124353966,0.0
1546332.125,0.009524269960820675,0.004219489637762308,0.4858605727332765,0.3114404281233062,0.19574233318375653,0.4180963619988912,0.37204093201586663,0.31430297711122795,0.0
1517715.875,1.752835750579834,131.0929412841797,0.4859330768163825,0.30575883409600163,0.19543416848012202,0.41824281611644093,0.37105241010404955,0.3135157873050346,0.0
1536749.5,0.5081689953804016,7.708052158355713,0.47108468923543484,0.25315576526851147,0.15218940918652102,0.4248616676206753,0.3489315426347061,0.2737597149306437,0.0
1505394.75,1.7684890031814575,102.67707061767578,0.48697808879937493,0.29568403204806526,0.1967271916951022,0.41862798655039135,0.36594299577060513,0.31260380278498395,0.0
1540102.5,1.6482648849487305,182.89369201660156,0.4874273685998697,0.29111372199613805,0.19470404239014294,0.41770993103306064,0.36526914677309047,0.31300693961758386,0.0
1553761.125,1.4125267267227173,56.95952224731445,0.4886230945755756,0.2934329238834933,0.1964741268815572,0.4166072744493446,0.36372243954252553,0.3137511565150294,0.0
1574027.125,2.1186916828155518,145.1966552734375,0.48782987346335477,0.2945050325462958,0.1986531391666358,0.4162659068715626,0.35533563042284244,0.3201745432486257,0.0
1605909.25,2.3462612628936768,118.8927993774414,0.48868358335418804,0.30483332863637874,0.1991654319809531,0.41500577114375087,0.3569174657844639,0.32061416726444386,0.0
1613608.0,2.8656299114227295,247.5492706298828,0.48779984042685803,0.2985571577415933,0.19854970971087674,0.4158154923545577,0.35082062196578223,0.3254344747298607,0.0
1637135.5,3.8904266357421875,429.13720703125,0.48304673817660027,0.28855940326940843,0.1941020094081229,0.41869772817968903,0.3442829491939995,0.3249699196382448,0.0
1668523.25,2.2219579219818115,120.8992919921875,0.4792288167273436,0.2793631384689007,0.19070233361819347,0.42024639056402513,0.34317771951076786,0.3253332963449841,0.0
1659658.5,1.9293749332427979,118.51567840576172,0.47878034268539216,0.27908876082270156,0.19349835073118452,0.4202131290159526,0.34415526925782697,0.3311530330676867,0.0
1649649.0,3.0306427478790283,188.787109375,0.48045423107998064,0.2818787892127227,0.1915985550959417,0.4191182836051459,0.3461318549637185,0.322935764383799,0.0
1582345.25,1.5300769805908203,92.6886978149414,0.4710105453587616,0.2532516412975227,0.14866512524021247,0.4242049229131707,0.3481359837056398,0.2700158768016809,0.0
1617570.25,2.934267282485962,186.3572235107422,0.47995644374170787,0.3009103446016993,0.19755102106213365,0.41996127856971316,0.3568156795806474,0.32929023904337323,0.0
1683307.25,2.1297035217285156,104.67777252197266,0.4779326855345829,0.29916662052477044,0.2047043965464869,0.4216011476828012,0.3599868194715544,0.33963592263699494,0.0
1692656.75,1.9834673404693604,66.56058502197266,0.4775526524580855,0.2829821277756641,0.19501925207789117,0.42219363145231065,0.34790014504558064,0.32240205275640593,0.0
1693798.0,2.5100133419036865,134.10691833496094,0.47600257407041235,0.281759419507677,0.19001326768977372,0.42483672113486076,0.34422436149331775,0.3086231351381163,0.0
1696666.25,2.9941868782043457,210.4092254638672,0.47574730383711356,0.3027214769232952,0.20537373644972026,0.42636945565023837,0.365231539258938,0.3205547068125235,0.0
1640577.25,3.2891149520874023,331.6934509277344,0.4766720024348182,0.31156843834923403,0.1873402097776478,0.42689207661545947,0.36037839429455515,0.2848801211388204,0.0
1551139.875,3.05680251121521,198.60867309570312,0.4775486091891913,0.30166907658079867,0.17678298308252458,0.4254319510864226,0.3538002488161766,0.2818546454909819,0.0
1602725.75,2.5856335163116455,181.53407287597656,0.4771490014782409,0.2851218531626618,0.17681588090055683,0.4239813498742762,0.3527988198294625,0.29630390048050287,0.0
1629815.5,1.6185564994812012,69.31636810302734,0.47624063646751413,0.2771639839378515,0.16942218790370084,0.4241271289938526,0.34753684893651393,0.2846252199661934,0.0
1584960.625,1.9361367225646973,216.53387451171875,0.4734407939098652,0.2758179301235648,0.17374716212165714,0.4219304874965973,0.3407768771210929,0.28694696206500936,0.0
1525705.75,1.7320047616958618,201.46641540527344,0.46983256526127626,0.25313078465266137,0.1503414345111166,0.4242260490576094,0.3481879237727475,0.2733165373851311,0.0
1485466.75,2.362083673477173,304.2835388183594,0.47110102989551267,0.28071632481994335,0.17048612356972004,0.4206672230938456,0.33125469114614375,0.28024108485502597,0.0
1549596.125,1.3110933303833008,62.798702239990234,0.4678766992597073,0.2816364439041745,0.16386929782828608,0.4206930090594891,0.3308910253931036,0.27476236763168266,0.0
1583246.875,2.105881929397583,103.37754821777344,0.4661553662914685,0.2851273090956931,0.1548485497320406,0.42108594718211056,0.3334833139225801,0.26688051593457823,0.0
1588953.625,2.4833829402923584,189.69168090820312,0.4600719652915947,0.27927897341864083,0.16263042937931677,0.4179326706797733,0.330303147109996,0.27670170318355986,0.0
1569321.625,2.2744052410125732,156.539794921875,0.45911866501349646,0.2680688402554554,0.16131904311285852,0.4178954033443342,0.3292796051268055,0.27621126930855944,0.0
1587554.75,2.843552827835083,300.4939880371094,0.4541012424505826,0.2659944541083709,0.16646875677775969,0.4164026776510361,0.3274645172689242,0.28491130073242305,0.0
1553471.625,1.9866762161254883,279.956298828125,0.4642997707735457,0.2812823668089513,0.17196857422991277,0.4205259877977925,0.3337949806648628,0.28338148644814964,0.0
1648696.75,0.12454259395599365,0.16773468255996704,0.4707155682121772,0.28573580250724834,0.1705602921876031,0.42273391516816994,0.3355395907723359,0.28099431451145224,0.0
1652351.125,0.6203207969665527,9.063115119934082,0.46966689984080057,0.2862913162156163,0.17426542439901876,0.42180119348786976,0.3350678137939602,0.27964760780764486,0.0
1659022.25,0.48573538661003113,5.762748718261719,0.4690740911309403,0.28740256397519565,0.17431789089014713,0.42111943502276566,0.33547386644354693,0.2769427980183938,0.0
1455135.375,1.0356374979019165,70.77156066894531,0.4729398165858998,0.2548136562861862,0.14978298805157778,0.4218159875060263,0.3491742315982118,0.269500062912574,0.0
1664570.75,0.42152032256126404,12.964448928833008,0.4687024995760555,0.28789235249802025,0.17402581829407296,0.4208696964260722,0.3357434269899672,0.2759905109156356,0.0
1648551.75,2.6094603538513184,320.6686706542969,0.4693523665173034,0.29915497040681444,0.17728509515633475,0.4200639613066932,0.34308423806844646,0.27138691675000265,0.0
1599753.625,1.9356868267059326,120.3020248413086,0.47713541760005324,0.303306961978628,0.16965231376268042,0.4189517359773493,0.34433267451433514,0.2593337000627983,0.0
1619423.0,0.9942604899406433,37.34596633911133,0.47777225833401593,0.30437230970529083,0.1651008280214759,0.41972475774668655,0.34537758508265437,0.25183431201222134,0.0
1542454.25,0.9048171639442444,36.71898651123047,0.46588877434324966,0.29634227045191297,0.1711052717607513,0.4230578031176163,0.3460886724086351,0.268804746758743,0.0
1560364.875,1.258333683013916,127.99127960205078,0.46738892390167486,0.2939340124944386,0.1688439084389609,0.424179670816514,0.34413330936643405,0.2732229169392007,0.0
1553316.125,0.6515036225318909,30.468189239501953,0.46771607824362005,0.29212131769133465,0.16640379209327388,0.4250541954330638,0.34343719938960476,0.27482239467077796,0.0
1555348.0,0.8858752846717834,113.91602325439453,0.46730945716086814,0.2894129879359052,0.16164133495290073,0.4259048295873949,0.34271019667895036,0.27307383122375084,0.0
1537957.375,1.4811888933181763,73.24406433105469,0.46624875392676424,0.2872842925865725,0.16219425943383411,0.4266129813260613,0.3425693043372476,0.27493827714762453,0.0
1521701.875,1.8632804155349731,84.12305450439453,0.46509564448971946,0.28799246406824214,0.16401046042856204,0.4274586339731702,0.3438443066554931,0.276377198171931,0.0
1475979.375,1.061953067779541,126.09568786621094,0.47626862209219334,0.26730467263783214,0.1513950574982854,0.41962704123243216,0.3575235736563461,0.26129836594156003,0.0
1549069.5,1.488517165184021,69.75960540771484,0.4650571928444269,0.29543178020637195,0.16382050082174282,0.4283781381200997,0.3512510808627045,0.26856895381340856,0.0
1579292.125,1.2259693145751953,102.0555419921875,0.4633162978768081,0.2948636199154503,0.1638469248751705,0.4280894346730874,0.3503687310993488,0.26845110070436345,0.0
1600524.5,0.9850794076919556,21.592172622680664,0.4632074758312772,0.2943085293966736,0.166852618383036,0.42772118567817713,0.3498211776575951,0.27135541717011313,0.0
1610630.875,1.9748393297195435,123.03260040283203,0.46410842132451796,0.295739539336929,0.16980238838085812,0.4269628288349752,0.349747587018205,0.27622448905477737,0.0
1610576.5,1.6323426961898804,110.01363372802734,0.46617559455506097,0.29840035325261227,0.17476189403136935,0.4262438452117534,0.3483819516337202,0.2827999968624763,0.0
1637393.0,1.32858145236969,111.25752258300781,0.46765750672206435,0.30080084772188004,0.1759024358224662,0.42491747151772963,0.34687059808403625,0.282877666201912,0.0
1684945.75,1.0114030838012695,22.317420959472656,0.4707598693836751,0.2973500998353446,0.1726688362967102,0.4244038384796453,0.3414643383094897,0.2808265945760587,0.0
1706342.75,0.898514449596405,12.713109970092773,0.4712287487512744,0.29771084244976004,0.16889103492699625,0.4245519545889685,0.3424539644668591,0.2730175187780639,0.0
1687924.5,0.6783462762832642,8.520182609558105,0.4715100220820025,0.29469976702307893,0.1612553419777086,0.42476257920865995,0.34142001488842644,0.2679075555786262,0.0
1684784.5,0.8342682123184204,18.413593292236328,0.47193130398287003,0.29683020016060774,0.16010782833270082,0.4248112381729202,0.34209479182705954,0.2637804526349502,0.0
1491987.0,1.0178204774856567,57.295204162597656,0.47746880214180004,0.2692085819989529,0.1505463193428726,0.4189394381172391,0.35779595299742456,0.2557071580928756,0.0
1673500.875,0.8611171245574951,14.119921684265137,0.4725734192055525,0.2967228439143436,0.1580236361387956,0.4245633913849243,0.34395362537320545,0.2619795116677811,0.0
1676963.25,0.758700430393219,14.52588939666748,0.47310954788071324,0.2966295988665957,0.15677208493112801,0.4242917620870519,0.343699124139117,0.2573062476230536,0.0
1677773.5,0.7240219116210938,19.470623016357422,0.4742354587617601,0.29595125514976445,0.15938969197280456,0.4233907241383441,0.3415659324113493,0.2587014819196398,0.0
1636811.75,1.8895516395568848,102.41541290283203,0.4747023828297581,0.2921337554865055,0.16215286474490453,0.4226745199628544,0.3465695682076622,0.2683001902182254,0.0
1622370.75,0.8181102275848389,21.506914138793945,0.4744603890936803,0.2905889602180118,0.17250274079534586,0.4219394649277143,0.352353969014297,0.28623000471974736,0.0
1624109.5,0.1445610076189041,0.2353297621011734,0.47388466878530083,0.291461628423729,0.1712079475099525,0.4217927074703619,0.3536060847963985,0.28594597399775584,0.0
1615770.25,0.3320182263851166,5.820800304412842,0.4737862583047182,0.28990145559249914,0.16785689507959703,0.42172830557658847,0.35222998827213897,0.2846868220964928,0.0
1610780.0,0.35837215185165405,1.5174514055252075,0.4736217835567531,0.2898760368042797,0.17050617771289328,0.4217114455123621,0.3521667698704877,0.2881785771188503,0.0
1599019.25,1.3467785120010376,104.38016510009766,0.47324201388541687,0.28799814392364453,0.1721623848942654,0.4215375790721003,0.35242413754525037,0.29453821344198017,0.0
1581784.375,0.9892128109931946,43.33938980102539,0.47221347940113356,0.2883306375739251,0.16931481294121983,0.4207381002408144,0.3557804589039392,0.3016676237888163,0.0
1500691.0,2.211024284362793,408.4275207519531,0.4791284945363237,0.2729921381751848,0.14785417164280565,0.4183994931075779,0.3575885907248868,0.24256373778976661,0.0
1574896.0,1.2938722372055054,25.554075241088867,0.46027417222045824,0.27712122772140946,0.18278232796187546,0.41388067005862017,0.3451422915187773,0.29255681402184025,0.0
1584445.0,1.2552518844604492,123.83967590332031,0.4709423800557936,0.29341283132857615,0.1678678725155914,0.4196437200898383,0.35864445115528426,0.3057527896661796,0.0
1604867.0,2.128389835357666,444.7568359375,0.47050579456582226,0.2849263485964295,0.15299938010732672,0.41900594637697475,0.3453110749247238,0.28299720762443586,0.0
1600264.875,1.171089768409729,37.9142951965332,0.47070437272909554,0.28120575775262957,0.15086848563363026,0.41928621295427826,0.33953023179733605,0.27270194162809874,0.0
1613952.875,0.9138145446777344,32.903404235839844,0.47094103196109727,0.281909784797552,0.15445043253131538,0.4190731072838318,0.3380328171506931,0.2742824304852344,0.0
1597402.25,1.4389886856079102,95.10946655273438,0.47105422095475175,0.28304345977025547,0.15418771548622642,0.4192597347758438,0.33802821978262826,0.2743768167942388,0.0
1606505.125,0.8355624675750732,22.688138961791992,0.4707607557033755,0.28475605315792635,0.15689971126027666,0.4195513425335392,0.33825598545852564,0.2762221327650091,0.0
1612534.75,1.3913158178329468,73.63279724121094,0.47038016627502865,0.28397703978859884,0.15440810918799053,0.4197325601882662,0.33545512759607,0.26920112280228586,0.0
1636283.875,1.2201077938079834,61.093910217285156,0.4700042052949134,0.2921153051402401,0.15352497518495595,0.42011749668376314,0.33939710445957727,0.2647527751611787,0.0
1660668.5,1.164241075515747,53.443050384521484,0.4692297615657694,0.29401278127222114,0.15590998112621327,0.4204511352841717,0.3416057755862019,0.26627448747843685,0.0
1646277.5,1.0669230222702026,55.13484191894531,0.46793456665314026,0.2847569557109483,0.15481373131599976,0.42051540785926145,0.3365275127475422,0.2690064851829717,0.0
1491771.75,0.13245870172977448,0.18817701935768127,0.48171924098979235,0.2746717581515607,0.1305396939145124,0.41820480117106745,0.3549219429831255,0.21146191529558397,0.0
1674677.5,0.6967984437942505,16.460601806640625,0.4663846985768477,0.28334965644899757,0.1514413722427182,0.4204130439517372,0.3365129495153787,0.2622738268011299,0.0
1668739.0,0.5273907780647278,5.49390172958374,0.46578845604950075,0.2822417544496028,0.15194709237761433,0.4205124828965178,0.33608173608233943,0.26603905528182203,0.0
1657193.625,0.540064811706543,5.160163879394531,0.46583740978876875,0.28172580856897683,0.15263822308785824,0.42057643273655476,0.33539402516946576,0.26881423500402596,0.0
1660561.5,0.32164138555526733,2.3074123859405518,0.4660640367338214,0.2793543142605472,0.15226027107584528,0.4208197156434301,0.3346844283393784,0.2695389185179678,0.0
1666751.5,0.7253254652023315,8.364134788513184,0.46582713258195174,0.2819450605911155,0.1494607178441181,0.4206391385214059,0.33543811501861104,0.26019090822055163,0.0
1665358.5,0.36865684390068054,2.705449342727661,0.46532217043892543,0.28413169055983484,0.15002686671981116,0.4200855547383109,0.33641984513496703,0.25640732695271085,0.0
1666147.25,0.46208086609840393,8.059685707092285,0.4650619254167623,0.28369435102048784,0.14737817128016686,0.42000731004236136,0.33619233589845826,0.25190384655948705,0.0
1668743.75,0.3537648916244507,2.8120839595794678,0.46514950901162333,0.28523843512385755,0.14838563955298567,0.42011735132401395,0.33673125309806523,0.25395950893361013,0.0
1666935.625,0.5843305587768555,6.143768787384033,0.46577331055961246,0.2863541160786378,0.1517677641028556,0.42053368264047,0.33614193597403547,0.25931601267811694,0.0
1666989.125,1.6510145664215088,84.00869750976562,0.4667824723400652,0.2850714521638669,0.15514375796700008,0.42118341601389786,0.335987843218369,0.26572878357391116,0.0
1513905.75,1.7820265293121338,102.29689025878906,0.479846254080287,0.2753677639287377,0.13590452805180545,0.4193936895712648,0.35906428479975344,0.21953662598527604,0.0
1741435.5,1.647863745689392,58.77581787109375,0.46695754350486746,0.290115774790713,0.1606408337646917,0.4213372276840858,0.33693650965760036,0.2686728744954434,0.0
1704492.125,1.5168906450271606,46.460540771484375,0.46647469189711677,0.29130896092091274,0.15845010825101702,0.42111158800796866,0.3361079655105183,0.2675611938937086,0.0
1691393.5,0.6025753021240234,5.623419761657715,0.46536989077493507,0.29126945610190147,0.16056227844704124,0.42085879616588107,0.33567329621034003,0.26882830211943176,0.0
1682945.375,0.5280669331550598,3.2015271186828613,0.4649290552030032,0.2935359325053767,0.15701405389980985,0.4207024726130037,0.3347199971515876,0.2601843309364688,0.0
1686395.75,0.5014045238494873,5.0908355712890625,0.46476300076679605,0.29226409269742054,0.15791133631474408,0.4206005493248325,0.33413746012379275,0.26406448612562977,0.0
1708295.0,0.4782397747039795,3.739455223083496,0.4646273029066779,0.29275084483404756,0.16384800893312004,0.42038444139514836,0.33461998197099135,0.2722608674891839,0.0
1710304.75,0.28552159667015076,2.1385998725891113,0.4647996568428322,0.29311926667828564,0.16549131946939077,0.4204544351358066,0.33488658308319785,0.27400865450309747,0.0
1709473.375,0.5592748522758484,6.979054927825928,0.4651886924470814,0.2945242599613452,0.15987851384904112,0.4208641796833318,0.3348240625852998,0.26317679877150313,0.0
1722691.25,0.807991087436676,11.495163917541504,0.4647564437428463,0.2945708274134814,0.16351062162156305,0.4208330312028981,0.3351550307310705,0.27032201121134874,0.0
1730345.875,0.30294549465179443,1.5531190633773804,0.464802645057668,0.29343584360828295,0.16395873444585676,0.420801754522898,0.33546839385266986,0.2709079733920786,0.0
1516996.625,0.9827657341957092,31.303871154785156,0.4786907343334704,0.2753201774911756,0.14520603623118689,0.42039590128026344,0.361889796815316,0.23860259648377602,0.0
1723601.75,0.37039750814437866,1.8829835653305054,0.46504993697913816,0.2931655836344335,0.1623412482251723,0.42081804605457895,0.33534213443700717,0.2682565998050963,0.0
1710348.125,0.44938674569129944,4.058182716369629,0.4654298812651991,0.29043266269129697,0.16278800487004566,0.4210287388717152,0.334313145422421,0.2707922474128805,0.0
1715210.875,0.5575742721557617,4.430315971374512,0.46563268544468533,0.2901505711543278,0.16414758192208762,0.420954267618413,0.3348321927698468,0.27471781573296256,0.0
1724881.25,0.4475458860397339,3.3271331787109375,0.46551220814247535,0.2873437754621651,0.1610805195428303,0.4207580784027253,0.3352400384568617,0.2714159232445157,0.0
1707786.625,0.7618517279624939,11.20484447479248,0.46588087602479883,0.28789431885566746,0.15616004278776874,0.4209644633123951,0.3353569274870403,0.26726117172506214,0.0
1715513.5,0.7988321781158447,12.999528884887695,0.46600411419693816,0.2855138286194278,0.1556567334193206,0.42089942139988845,0.3352993549570756,0.26554127382728554,0.0
1710536.75,0.687047004699707,8.860530853271484,0.46651331283698966,0.2874462641768252,0.15396516744061683,0.4211255083591796,0.3356303129013606,0.26190883685190186,0.0
1713791.75,0.6829510927200317,9.597786903381348,0.4664021507940627,0.29073763047727796,0.15735128623418537,0.4214407038895861,0.3361715423483872,0.2670783363189288,0.0
1705570.5,0.5563647747039795,3.3420794010162354,0.4664383344384346,0.29056937838044883,0.1582676267768582,0.4215435503267969,0.3366674591436265,0.27071817613907057,0.0
1706362.5,0.5184674859046936,3.492522954940796,0.46662258327139466,0.28988057541436846,0.15681247520686484,0.42156933408110714,0.33662273393903563,0.2678364680994333,0.0
1527283.625,0.678601086139679,12.884848594665527,0.47858838830798733,0.27401731962293985,0.14864147092468205,0.4203934030564159,0.3617440821186223,0.24761337023004165,0.0
1702513.75,0.5842936635017395,5.479676246643066,0.4663508396973642,0.2879060221761456,0.15606201418694865,0.42130581863194566,0.33642788280465996,0.2694321016546231,0.0
1688471.125,1.002926230430603,24.70156478881836,0.4664847722578687,0.28489615000984697,0.15328757122040743,0.42157123382474343,0.33595131401019457,0.26610447028374806,0.0
1689872.0,1.0810941457748413,65.14139556884766,0.466355392530682,0.28450428992163507,0.15895229381975703,0.4216083916926672,0.3366712419004616,0.27893476992859867,0.0
1706232.625,0.7723103165626526,13.435552597045898,0.46620167382288896,0.2843232078543114,0.16020354570195353,0.4216380609212403,0.3368571949660814,0.2805688539106218,0.0
1695847.75,0.4912954568862915,6.734903335571289,0.46628117467681673,0.2855039787762984,0.1582885964986486,0.42154148665082725,0.3367725875970524,0.2761453538201403,0.0
1659985.25,0.5323950052261353,6.019622325897217,0.46626685948458885,0.2815683716459791,0.15349801732537127,0.4212392913226643,0.33662511976959714,0.2716538310779141,0.0
1662139.25,0.947646975517273,18.160850524902344,0.46626688598403077,0.2809090577709013,0.14742712286270918,0.4210440331319076,0.3343747894751874,0.26162764281101974,0.0
1645022.75,1.2604680061340332,77.70960235595703,0.466530982584985,0.2779800651820909,0.15084837854357694,0.4209848600843728,0.33559451264057927,0.2756861114200105,0.0
1657967.125,0.38815832138061523,4.399212837219238,0.4665646190620042,0.2785050000556076,0.15637397604914652,0.4207971964598277,0.3368319043058127,0.2846025139431272,0.0
1655672.75,0.7305572628974915,13.001204490661621,0.46711738816951226,0.2806419984324081,0.15467932192112033,0.4212737144323859,0.3364387075630434,0.27987619564380795,0.0
1514105.375,1.5882600545883179,149.98435974121094,0.4791873132055689,0.2735359162847973,0.14577042041008148,0.42079781614158523,0.3631336694043173,0.2449580226175303,0.0
1672103.5,0.6441052556037903,10.875393867492676,0.46783618840774127,0.2825859472332274,0.15465215561585632,0.4218400263994644,0.33740823045452323,0.2755060255789629,0.0
1693544.625,0.6568432450294495,9.608806610107422,0.4678769697380885,0.2800439964963087,0.1550949731082608,0.4218557904123342,0.3371464469170945,0.2765768160689297,0.0
1707454.5,0.9258095622062683,18.543485641479492,0.46771166898523836,0.27786457054429764,0.15515123163591027,0.4219434844186842,0.33703391535776006,0.2779828722308458,0.0
1694602.875,0.8499873876571655,29.110137939453125,0.46765110194738835,0.2779726457656233,0.15306407067074454,0.42206532893298465,0.3368919638619089,0.276658988284506,0.0
1671528.625,0.4672112464904785,7.400974750518799,0.467844792451912,0.2795422175062416,0.1535534258016794,0.4219553368556631,0.3372334854241478,0.2797179088951692,0.0
1718148.375,0.6015698313713074,18.904069900512695,0.46780334478533975,0.27917885032269846,0.15485716243191386,0.4218476962910808,0.33747439944405855,0.2806621030394523,0.0
1699323.375,0.7982101440429688,21.47291374206543,0.46798767949950254,0.2807354348758704,0.15560324198010947,0.42198757201361053,0.3377249056075448,0.28343700320722576,0.0
1693692.25,0.947399377822876,14.347228050231934,0.46781933490051875,0.28100928456131435,0.15520516178195876,0.42198226578577946,0.3379798567661196,0.2823094975647036,0.0
1707915.75,0.640286922454834,5.955548286437988,0.4679391427431946,0.2784239883616571,0.1574608593285069,0.4220080510810724,0.33864520115009134,0.2846533106101715,0.0
1691419.25,0.8162992000579834,11.489151954650879,0.46783668619729774,0.2786783304377475,0.15898316343363597,0.42185855760418683,0.33936370786186976,0.28998586239343127,0.0
1520555.125,1.65966796875,67.30091857910156,0.4798189623639417,0.27502043877804294,0.1424285525146144,0.42087076308713955,0.36181568249616064,0.23427921162496484,0.0
1706226.75,0.541547954082489,5.614617347717285,0.46782939470720414,0.28118605737810665,0.16397764401727782,0.42171000017284743,0.3400309043364961,0.29619134797850266,0.0
1702286.625,0.7830270528793335,7.4983320236206055,0.4677918206832344,0.28251963643705785,0.15832684905162075,0.4219490491030886,0.34068283017449247,0.28907186522424855,0.0
1705325.625,0.692043125629425,12.233842849731445,0.4676586033370658,0.28309169815970114,0.15831399013611297,0.42194201588892066,0.3404264452437304,0.2885752780813807,0.0
1683200.5,0.85435551404953,44.518096923828125,0.4680488437440707,0.2785919560803418,0.15772184097195108,0.42201860041519795,0.3399241553733841,0.2886182421820935,0.0
1700787.5,0.7458745241165161,13.605687141418457,0.46814133642133243,0.2813180479423834,0.1545246315928461,0.42194986590949674,0.3407293968639108,0.28432609695102395,0.0
1677729.5,0.5931883454322815,9.299691200256348,0.46803151907051743,0.27812581483009574,0.1556862185901177,0.42230379361301645,0.3398199025342848,0.2858035136822624,0.0
1668395.25,0.8610714673995972,29.246673583984375,0.46806123273296923,0.2786882891026843,0.15579175014311017,0.42225415348386114,0.3401397802155725,0.2874516088307762,0.0
1684763.25,0.981492817401886,73.7739486694336,0.4677370007558503,0.27916857519100646,0.15626212316374508,0.4220975173780293,0.33990371682319515,0.2863269300073053,0.0
1713718.5,0.7051910758018494,12.87387466430664,0.4672842169880266,0.28278861718763043,0.1554115414182515,0.4220577573204229,0.3407512118715421,0.28431210426570663,0.0
1732359.75,0.7556735277175903,11.526928901672363,0.4665116036861281,0.28134197932624905,0.14985688917777976,0.4220077427730394,0.33913595539002117,0.27309853583521415,0.0
1510991.875,1.5157570838928223,128.42579650878906,0.47941289897281575,0.2789120588501604,0.1524915261967844,0.42121980432814493,0.3603637302566133,0.24763542178808132,0.0
1716483.5,0.6652692556381226,8.72840404510498,0.46652731677503256,0.28043511804212223,0.15117712192273966,0.42201855880132777,0.3396249424027582,0.2763716852635324,0.0
1713294.625,0.6971217393875122,16.00946617126465,0.467016499759563,0.2822822090933016,0.15504318563812447,0.422077522670156,0.3399040751892354,0.28538108252463684,0.0
1699727.625,1.006881833076477,20.11092758178711,0.4677200856271612,0.2787556177803192,0.15432043125653572,0.4227713293697146,0.3403025684262248,0.29016270090464696,0.0
1715330.125,0.7344669699668884,8.749956130981445,0.46873447992340705,0.27657449169301423,0.15233551086815691,0.4239166344242962,0.33978085878805825,0.2882324324517822,0.0
1698869.25,0.9897273182868958,31.98389434814453,0.469800279538472,0.2739891617230725,0.1503964922579346,0.42497148970711623,0.33895036384941174,0.2847271200991909,0.0
1660528.5,0.8823912143707275,35.449893951416016,0.47042909901232366,0.2689513960540661,0.15100143102706998,0.425683048259116,0.3391305954092101,0.2862629002808517,0.0
1669013.5,0.4162139296531677,7.396649360656738,0.47061294524871955,0.26099528577519926,0.14968885546750135,0.4258205545359404,0.3391594703682343,0.2833962157705691,0.0
1670506.0,0.6467419862747192,14.312390327453613,0.47051528115800134,0.26041001335326813,0.1477788783849174,0.4259415614338813,0.3390775173175869,0.27981109803346443,0.0
1653360.5,0.35223469138145447,6.330037593841553,0.4701475711052626,0.26262264793987705,0.14821281034324107,0.42620191475247193,0.3389604730485063,0.2758365112433189,0.0
1648803.25,0.3901355266571045,5.441397190093994,0.4701570281329172,0.2638178866426302,0.14967254020365633,0.4262062904777905,0.3391235846672439,0.27805873320146063,0.0
1520025.25,1.534968614578247,101.80033111572266,0.4790211860151755,0.28557067253014407,0.16881181542554766,0.42165548664952296,0.3562472627547069,0.26199507432815217,0.0
1651512.25,0.7919374704360962,25.604867935180664,0.4700241032669149,0.2658537064651857,0.15351430776027006,0.42618905375979477,0.3393295067804687,0.2847486414117685,0.0
1680065.5,1.3057092428207397,47.30830764770508,0.4702161753334201,0.2693309866798102,0.15458806405486902,0.42631008300859413,0.3390097207624414,0.28592355350675747,0.0
1704558.625,0.8018891215324402,18.72169303894043,0.4702148780118681,0.2749515988160407,0.1496143746927664,0.4262945911924147,0.33942216672091696,0.2809323949523518,0.0
1701751.125,1.0622951984405518,19.485933303833008,0.47082248453418063,0.27541615424761323,0.14965602811884388,0.4264666348622714,0.34002988804895323,0.2804919264547684,0.0
1723037.75,0.7251208424568176,11.71684741973877,0.470933381463924,0.2762740174833749,0.14440681341786982,0.42650629008736707,0.339598667000167,0.27044605213847117,0.0
1711032.5,0.7439274191856384,38.386505126953125,0.47098998370515405,0.27258486012750527,0.14168019347251842,0.42656129596868636,0.33894558666780494,0.2666902782537025,0.0
1695091.0,0.5097061395645142,13.101044654846191,0.47100454046774465,0.2719919351123535,0.14426832852048305,0.426526843365819,0.3396553903917796,0.27412563693075553,0.0
1715906.125,0.3376239836215973,3.941558837890625,0.4712053349426525,0.2750464839720515,0.1466857179323184,0.4265460128426123,0.34107787720753907,0.27719346424753294,0.0
1710391.375,1.0967122316360474,25.31737518310547,0.4711304026740627,0.2731017891782993,0.14941077111330928,0.42648438655347337,0.34053376211258624,0.28159585891525973,0.0
1704671.875,1.5595687627792358,114.04813385009766,0.47095660879018303,0.27644264847859107,0.15182797126230357,0.42617289482477516,0.34019757428617164,0.2843625173444976,0.0
1542716.125,1.3814566135406494,77.35430145263672,0.47755101531562716,0.29346750449295583,0.18047032029404197,0.4215771919476876,0.35888778436565877,0.2758899224971216,0.0
1709622.0,0.7931349277496338,24.64491844177246,0.47009778316687756,0.28690028873611634,0.15414911519816524,0.42540270287481247,0.3441565107701976,0.2840683150696142,0.0
1691880.25,1.086080551147461,27.073394775390625,0.4704919833556632,0.28759629073665843,0.15652588240032875,0.42601386541469255,0.34318023320661556,0.2880071581112996,0.0
1690643.625,1.196172833442688,26.27606773376465,0.47057845717091434,0.2829033271028575,0.15643318010974033,0.4266716128052252,0.3402090437130686,0.2864173972851082,0.0
1693395.25,0.9596921801567078,22.21470069885254,0.4708636998410351,0.2821975668363079,0.15697940733141458,0.4269455659475627,0.3377296048567268,0.28421034764689596,0.0
1719617.5,0.795744776725769,14.442292213439941,0.47152662826811237,0.28895055324776814,0.15505701957727025,0.42693715511543595,0.337370038259436,0.27843049896683436,0.0
1719821.5,1.255216360092163,36.19040298461914,0.47139985146422286,0.28728537796386644,0.1443640106192039,0.42654905390801895,0.33887870656055047,0.2693974140637904,0.0
1719056.5,0.8181320428848267,20.266489028930664,0.47111749202443454,0.2839331067315598,0.1424588854629809,0.426161894401687,0.3386447363375048,0.2712298351726985,0.0
1716779.25,0.8527728915214539,28.48953628540039,0.47094900885926133,0.28159472624969223,0.1428994468139873,0.4258769084338152,0.3376571517070466,0.2681189584691317,0.0
1725165.0,0.7957838773727417,11.913722038269043,0.4709009286523527,0.28347005111519674,0.14963765835756865,0.425796052680246,0.3369346521374463,0.27406334702024293,0.0
1715159.125,0.8747094869613647,12.360053062438965,0.4708650167842171,0.284985768637104,0.15520128445583753,0.4258212852832728,0.33764830917390704,0.28260045389674066,0.0
1506298.25,2.3982112407684326,125.5340805053711,0.475888835664512,0.2897748288116292,0.19538165152329345,0.4207978238990183,0.35176314977442247,0.29664691886443223,0.0
1601862.125,2.2511634826660156,127.59782409667969,0.45900995230341257,0.27824649606026536,0.18218969557488218,0.4139498730047501,0.3483921977678127,0.29325939887325303,0.0
1714796.5,0.8968434929847717,15.722003936767578,0.47007449641825455,0.2836835360772976,0.1549702483881384,0.42567603553102423,0.33726938269380213,0.2818398122088982,0.0
1724845.375,0.38693344593048096,2.913151741027832,0.46953119733278303,0.28325007288287973,0.15591152097450894,0.42556972683890015,0.3376282136268769,0.28271486214772806,0.0
1738664.375,0.6913793683052063,9.710548400878906,0.46988351569558257,0.2854807055468166,0.15777103265671458,0.42571179670947573,0.33782942679749567,0.28523237631372994,0.0
1762110.375,0.7734259366989136,15.921018600463867,0.4701816877931935,0.28324133745555663,0.1599485304392923,0.42585937453984607,0.3376197681610131,0.2888612740077336,0.0
1749455.375,0.6337196230888367,8.97994613647461,0.47080862004382484,0.2794460765282987,0.15638302558634026,0.4261724433122334,0.3374041388255213,0.28451904134222583,0.0
1755855.5,0.6501580476760864,29.84495735168457,0.47101815636997224,0.2821887532123703,0.15623702588231753,0.42622438085450176,0.3379325515889618,0.2851824140740825,0.0
1719229.625,0.8808991312980652,19.09346580505371,0.4712273746467568,0.2825733067390427,0.15061203469811352,0.42626556611562966,0.33902593539652554,0.27629706175644847,0.0
1708288.625,0.6648037433624268,17.740875244140625,0.47143266810198725,0.2775304749719199,0.14892389404080203,0.42629476009598605,0.33839676360807697,0.27435298813877734,0.0
1721474.375,0.9556924104690552,30.982128143310547,0.4714722624108704,0.2761002264273201,0.15603113431220786,0.4263502259401959,0.33761282648503954,0.28385203899580036,0.0
1710661.125,0.8699818849563599,12.16166877746582,0.47141040260625494,0.28016987121775627,0.15668626386837714,0.4262902679771498,0.33880589336240285,0.2852799704237564,0.0
1438953.5,1.4017225503921509,65.92622375488281,0.4729650651218962,0.28638264576111033,0.20045949123474563,0.41964340279430085,0.34873544744330837,0.31209710439835964,0.0
1719370.5,0.6654654145240784,11.671238899230957,0.47116520395387496,0.2823728261887397,0.1582389018310185,0.4261679498684342,0.33980953437472644,0.2886427580997675,0.0
1718963.125,0.9130304455757141,13.172810554504395,0.47070295192480743,0.2782283967307645,0.1544597571554686,0.42612090816594617,0.33903965914017137,0.28564613078941103,0.0
1718816.375,0.6097353100776672,8.289986610412598,0.4702407505106876,0.2753306211944674,0.1513664865393728,0.42591217814995874,0.3382105840194415,0.27818904497768004,0.0
1708938.5,0.9348153471946716,14.350709915161133,0.47013692432682624,0.2785773990478168,0.15023007855925385,0.42590106749604706,0.3391328856940641,0.2777067969581038,0.0
1708849.75,0.7105640769004822,10.580658912658691,0.46992400183757826,0.2817056960808594,0.14900126918768225,0.42573975823841764,0.33929457268962665,0.2763197416591491,0.0
1717509.875,0.9367946982383728,20.794851303100586,0.4695106997793277,0.28139944791826743,0.15290462111018888,0.42546960716825055,0.33916920526459565,0.28132863792243834,0.0
1726456.25,0.8881353735923767,30.380817413330078,0.46900216543984796,0.28016446560508174,0.1529004521791756,0.4253196210904251,0.33976881762339495,0.2824102184584474,0.0
1731173.0,0.7828992009162903,12.504542350769043,0.46893769560857107,0.2832496932494993,0.1569075443470011,0.42528271009870083,0.3414958589006176,0.2886341869733753,0.0
1746403.5,0.7626187801361084,9.364781379699707,0.46903291842335043,0.2824677412250098,0.15543062113980663,0.4250401623662293,0.340173601321577,0.28568618504960763,0.0
1766650.75,0.7884110808372498,10.871953010559082,0.46879491012068214,0.2819934066171551,0.1544151803886582,0.42481161038711146,0.34160582321390737,0.2838829352138048,0.0
1489603.5,2.077332019805908,209.0091552734375,0.4710705424494655,0.2809650112134362,0.19237272271051128,0.4186211065174134,0.3475711450807673,0.30900137988966303,0.0
1725087.625,0.7868255376815796,24.340177536010742,0.46908640023709336,0.2829142428357127,0.1527483239636142,0.42519095070969753,0.3419225189956986,0.28099717370765215,0.0
1696975.0,0.8360152244567871,35.581268310546875,0.4693196431677752,0.27858049414479047,0.1530802471130974,0.42531790233034533,0.33988412206011015,0.2822949444666885,0.0
1705919.125,0.5491480231285095,6.134629726409912,0.4695063917097259,0.2814744736915906,0.1557302755575759,0.4253750567998367,0.34085870298656107,0.28475825323400494,0.0
1698584.875,0.3661503195762634,3.8169772624969482,0.46962584449267636,0.2787008367513863,0.15214945155171225,0.42541185038001356,0.33905439641456625,0.28061992417099335,0.0
1708395.5,0.4063922166824341,4.957470893859863,0.46945310105137456,0.27906774450806404,0.15234200217319824,0.42545482640979804,0.33946214830932764,0.27989518295696136,0.0
1714106.375,0.27800464630126953,1.8842958211898804,0.4692248950320438,0.2780974474148395,0.15133240551098157,0.42548454256457746,0.33968055911368583,0.27843800022993836,0.0
1715481.75,0.2619000971317291,2.592120885848999,0.46911541859322825,0.2785737327313925,0.15092589643941134,0.42537040810429955,0.3401385889004415,0.27767326333056647,0.0
1725481.25,0.49257659912109375,5.442788600921631,0.46892770282794616,0.2789879081460558,0.15257574388833725,0.42520781546046904,0.3402164294061835,0.2794779305631215,0.0
1753581.0,0.9612037539482117,50.83879089355469,0.46792738723707256,0.28254472799655433,0.1542180977717039,0.42431728404126295,0.34326551265984806,0.2829697901579218,0.0
1811477.5,0.8695674538612366,50.001380920410156,0.4661183405919862,0.28751411857595527,0.15190313061130462,0.42282689411749497,0.34826631905950106,0.27510781697063275,0.0
1582353.5,1.2819316387176514,59.96693801879883,0.47259633549661884,0.28133745278270866,0.19561449818989515,0.41744963090866083,0.3462860566065412,0.30806400434016457,0.0
1828502.0,0.4839983284473419,4.992461204528809,0.4657903056564782,0.2881729671862696,0.15077605569724858,0.42248421179310236,0.34928276452313334,0.27183339330329587,0.0
1827615.0,0.5226983428001404,6.536239147186279,0.4657119055744114,0.287791482922942,0.15447041077139514,0.4221668259463896,0.3486448851861492,0.2760516026922951,0.0
1815000.875,0.7072178721427917,15.087644577026367,0.46582050249884976,0.2875402908877157,0.15419185003509,0.4220869639050738,0.35084517647507224,0.2781779637549291,0.0
1801757.375,0.6649651527404785,15.529086112976074,0.46610382753303425,0.2868863608312062,0.1535025889388525,0.422117352251652,0.3504684451232701,0.27711127028524796,0.0
1795446.5,0.9553293585777283,14.439242362976074,0.46609134464484436,0.288584209677978,0.1562861208341266,0.4219459540411242,0.35055908290835375,0.279429526001493,0.0
1795991.5,0.5406599640846252,4.562126159667969,0.46594075534979634,0.29080202652825415,0.1551726398771399,0.42169503769737815,0.3497742246653802,0.27507228871028677,0.0
1785216.75,0.48477673530578613,3.3448643684387207,0.46568522489798797,0.29075030164113946,0.15628038087301926,0.42150423421219346,0.34915875331419266,0.27832352859489246,0.0
1780662.25,0.6215006113052368,5.982107162475586,0.4656630377079882,0.28987017798414205,0.15828286890313226,0.4215653793500713,0.3484045598664884,0.282342305661396,0.0
1786610.75,0.984038233757019,35.63532257080078,0.4657044433834885,0.2890153547028881,0.16235529443611055,0.42174225808889226,0.3510295157325562,0.29034805718906853,0.0
1802650.5,0.6753895282745361,9.000301361083984,0.46589307537702324,0.2874789410586252,0.16318490293411753,0.42195971426518,0.3514608944050242,0.29362135525469435,0.0
1541248.875,1.1108982563018799,16.747737884521484,0.47292128572141545,0.2813763856530813,0.1928716279170116,0.41694629930283306,0.34180893035657295,0.3035125479031328,0.0
1798485.75,0.7256245017051697,10.685850143432617,0.46588595203372596,0.28782460103399493,0.16171810169261752,0.42204897803024355,0.3514868955498735,0.29117418623759633,0.0
1798126.25,0.6990118622779846,13.976152420043945,0.4660280357635046,0.28931440406708275,0.15834955236044068,0.4220414213040275,0.3516346761719748,0.2852325422880841,0.0
1836297.75,0.5899602770805359,5.702077865600586,0.46608117183216546,0.2898162984406664,0.15648634982598703,0.42222963286157067,0.3536951866464006,0.2787033826469909,0.0
1815729.0,0.6880966424942017,15.976701736450195,0.4661393188682896,0.2911021792008785,0.15413369495591,0.4223731985573039,0.35373146209434253,0.27508336992441906,0.0
1814493.125,0.7064388394355774,10.899313926696777,0.46632076639439585,0.2909923540731636,0.1548487405578205,0.42242244108093074,0.35324006757605275,0.276768781113814,0.0
1824052.875,0.7532854080200195,10.888054847717285,0.4663239926948587,0.2912539126524889,0.1533342620761203,0.4224206603167447,0.3528633614817684,0.2733605509753915,0.0
1857917.5,0.63210129737854,7.07940149307251,0.46604896969131904,0.29140109453743324,0.1514425578995108,0.42241295639373033,0.35415227983914344,0.26635525432802515,0.0
1861188.0,0.6466368436813354,7.979150295257568,0.4659439914494918,0.2910314624778532,0.15708237577775225,0.4223557866056689,0.35523886823501283,0.27612791484657984,0.0
1848152.0,0.8505151867866516,16.971389770507812,0.466050098377708,0.29236528004915086,0.15523145059867152,0.4224770166235366,0.35351001937283855,0.2740026676157815,0.0
1836057.625,0.5398676991462708,4.977027416229248,0.4661599467461573,0.29135542496536976,0.1549417491483064,0.4224452893695549,0.35262063152629497,0.2747990067557807,0.0
1552990.125,1.0743398666381836,39.08781433105469,0.47223216381381405,0.2742805467211432,0.1891458950149795,0.4169070154209543,0.33782409438839145,0.3030624690003575,0.0
1775157.125,0.828397274017334,52.190467834472656,0.46622603699220255,0.29233189860451425,0.15343040187150842,0.42236565784547814,0.35001469270399277,0.27542941316093106,0.0
1726052.25,0.6226974129676819,12.885804176330566,0.46618270128263584,0.29441190688843144,0.15251582103796102,0.4224084693470485,0.34869014120761055,0.2759530217061249,0.0
1729107.875,0.47597864270210266,2.373398542404175,0.4661514438612631,0.2932014889397772,0.15392641902562892,0.42235042267013795,0.3488376631811017,0.27754188088091725,0.0
1748588.375,0.26940035820007324,1.112249732017517,0.4663520003908004,0.2930384447639596,0.15368482128686584,0.4224921131738158,0.34980933997881636,0.2764394886299738,0.0
1748159.75,0.3919317424297333,2.7979648113250732,0.4663655158123617,0.2930095812632822,0.1542352066148807,0.4225783265087872,0.3498743079291418,0.2776825851188551,0.0
1756943.625,0.7632001042366028,17.39628028869629,0.46641072789601085,0.2938821858540536,0.1545519907210398,0.4227563241092174,0.34910333881322975,0.2792153798066526,0.0
1772117.75,0.18785007297992706,0.603823721408844,0.4661123622367349,0.2959227180536463,0.15261935368852872,0.4227513509054911,0.34917038241268206,0.27461683951437305,0.0
1774201.0,0.5950031876564026,9.548171043395996,0.46607292813405726,0.2951651794683429,0.15406052777318896,0.42258335233276645,0.3486068538746379,0.27463499356633897,0.0
1801797.375,0.5507465600967407,8.584957122802734,0.46601526659169895,0.29575782689405045,0.15614520670362547,0.4223910515242074,0.34782358027924176,0.27913896592024834,0.0
1838470.75,1.0864307880401611,40.30788040161133,0.4661341602866549,0.2936201195729262,0.15970141008699515,0.4223461637906169,0.34969567936735024,0.28856404857709755,0.0
1588945.25,0.4697366952896118,10.450538635253906,0.47227821522868824,0.2710259506478969,0.1875428584517847,0.4166079735629265,0.33825937092912944,0.30281341332248257,0.0
1839968.625,0.5950028896331787,6.339057922363281,0.4664235466262803,0.2934659104978667,0.15717825743012548,0.4224866829657244,0.3511045355454027,0.2867832692815058,0.0
1846909.75,0.31850466132164,5.557689666748047,0.46689043823705184,0.2918292535699847,0.15407865449665323,0.4227518450518205,0.3514935454415811,0.28245666920677776,0.0
1837655.0,0.7440256476402283,13.636138916015625,0.46677468819249057,0.28985907347904444,0.15434947030749924,0.4226668407046694,0.35103769451805694,0.281567424489704,0.0
1839995.625,0.6087616086006165,11.592435836791992,0.4666631443517276,0.2881473186020998,0.15530726886305746,0.42253698072831847,0.3506585171764199,0.2827774456141,0.0
1802468.75,0.6940203309059143,25.37378692626953,0.4665713573908712,0.2917947054418396,0.1552739364711854,0.4224125510646831,0.3496708415962057,0.28388565784880027,0.0
1805668.625,1.4875080585479736,101.76905059814453,0.46651917215421,0.29143378879157766,0.15559631789897518,0.4225904217888698,0.35177837954257507,0.28453455382281834,0.0
1759408.125,0.6727525591850281,6.491220951080322,0.4666158676290145,0.28875885092560527,0.153773740165072,0.42302522703584244,0.3520001841799083,0.28113464665229343,0.0
1768300.625,0.5245100259780884,6.878612518310547,0.46649278697036956,0.2877157668624036,0.15318091569324482,0.422870957040806,0.35167835571750505,0.28180593295571416,0.0
1776113.25,0.3765687346458435,2.6925113201141357,0.4665481173042135,0.28724461868039186,0.15271307582592858,0.42285332557577526,0.3517832076433956,0.2820980056829564,0.0
1762963.125,0.8503386378288269,9.724472045898438,0.46607428751119173,0.28687542454449866,0.15154106646234095,0.42252591640559517,0.3510727037162236,0.2774600825739316,0.0
1633069.125,1.353729486465454,32.7091064453125,0.4730147396594045,0.2698606001133406,0.18180110800897684,0.41628797658272654,0.33692196501938976,0.2975385971785788,0.0
1758296.125,0.7546377778053284,20.528945922851562,0.4659676002669092,0.2895893319924585,0.1519928712921051,0.42249623023958505,0.35202981646010356,0.2752268214790064,0.0
1729556.75,0.4505387842655182,8.19942569732666,0.46603696455009386,0.288867482705321,0.15129310851721037,0.4224429627874908,0.3489089428015534,0.27672038425626727,0.0
1764800.75,0.44001665711402893,5.421429634094238,0.46614608552394254,0.28821738091275934,0.15168580810794285,0.422313166512951,0.35000234307509526,0.27692014525822417,0.0
1762079.875,0.5741114020347595,13.905579566955566,0.46622479888454355,0.288732923536082,0.15339202484445594,0.42239233239567303,0.35127855556327564,0.28027246600107253,0.0
1733391.375,0.38379669189453125,9.098857879638672,0.4662093544944929,0.2889199577487668,0.15447672463907552,0.4223699151731807,0.3512370722429574,0.28253684464141926,0.0
1739643.0,1.015681505203247,40.21946716308594,0.46605308783411153,0.28858679073402804,0.15378191518105844,0.42224069507300904,0.35142704687391396,0.28002323415909885,0.0
1752746.25,0.594619631767273,8.645129203796387,0.4659250135402191,0.2900072903186646,0.15023098716835903,0.42219283751022924,0.35092744049338326,0.27227691364220385,0.0
1740756.25,0.40398672223091125,5.1400933265686035,0.46598633305339326,0.29231626348620093,0.15125641704518025,0.42217593933992803,0.3508274180787985,0.2720642230095659,0.0
1748717.625,0.5411825776100159,5.963974475860596,0.4660266034871561,0.2921000147734274,0.15037461874189667,0.4222368452318826,0.3509935309422978,0.2724375240806061,0.0
1743168.125,0.5218193531036377,3.162885904312134,0.4662857349905671,0.2906414875853068,0.14898058121297833,0.42229370648191566,0.3502067412324477,0.2711367942840708,0.0
1630535.75,0.6826053857803345,7.749946117401123,0.47321641728144775,0.270475847558818,0.1785351251839944,0.4161722628256577,0.33591960193389936,0.29228440180879406,0.0
1747546.625,0.2501072883605957,0.7638038396835327,0.4663111901580316,0.29027392719105805,0.15228989081420521,0.42226299087960995,0.35062720906366485,0.27713834814708854,0.0
1760881.625,0.5057458281517029,6.234504699707031,0.4659436475934122,0.2899927403602816,0.15300875198878056,0.4221005581476348,0.3503364107021487,0.28017066556669407,0.0
1762964.25,0.2382793426513672,1.0041903257369995,0.46610119546439543,0.29088790362886213,0.15289297320696063,0.4223781854572347,0.35185705115070554,0.28198948492520737,0.0
1756889.0,0.3484182059764862,2.4189274311065674,0.4660909975606937,0.29099232702281064,0.15236377202007545,0.4224182649971295,0.3515299656458917,0.2810030448546361,0.0
1752391.25,0.2528408467769623,0.7220932245254517,0.4660932321352625,0.29172519420590587,0.1531118484769589,0.42245634419159406,0.3515080814015672,0.28064217260728,0.0
1758524.25,0.30919304490089417,1.7035541534423828,0.46608835510351676,0.29168431602008715,0.15251064426637298,0.42243638931908056,0.3517215072485155,0.28060973359402847,0.0
1769887.75,0.3498111069202423,5.290799617767334,0.4661249767441672,0.2908718439488123,0.15394910488483413,0.4224576892661922,0.3517674455369946,0.2818726444282708,0.0
1780239.75,0.21734318137168884,0.8409197330474854,0.4663001026466803,0.29110763702759757,0.15443568168138191,0.4225442653145527,0.353034496713934,0.28250203763402465,0.0
1750202.375,0.7764890789985657,10.723353385925293,0.46645931784859923,0.29188414292729914,0.15629361552300067,0.422583035044565,0.35071174184590004,0.28458665718495363,0.0
1739754.625,0.9065809845924377,12.893921852111816,0.46656222875576314,0.29044031719210206,0.15576821018637385,0.4226149287997739,0.34860990857959184,0.28097273267803274,0.0
1616826.25,0.34069857001304626,1.587855577468872,0.4734537457480487,0.27159121943376735,0.18071452720724734,0.4158567407850524,0.3358425608227888,0.29647564139111493,0.0
1761303.875,1.4109286069869995,48.88328170776367,0.46666618678173394,0.2906441285026534,0.15481892825506668,0.4224182319791441,0.35026839788582304,0.2791430144167686,0.0
1752624.0,0.5727654099464417,7.34801721572876,0.4669967938428271,0.29348999579042234,0.15434722457165162,0.4220486028200972,0.3502186893488242,0.2786343060715179,0.0
1790977.25,0.9467062950134277,19.366119384765625,0.467050340166814,0.29158160985639536,0.15355052240759326,0.421808927287809,0.3499166207543063,0.2775495720832784,0.0
1795193.375,1.0304884910583496,18.48212432861328,0.46675022688188383,0.29116186083735335,0.15411837238241075,0.42152545145066106,0.35087477650139126,0.2778465193323487,0.0
1799674.5,1.05559504032135,24.925411224365234,0.466781157057628,0.2924495278387466,0.1552139921138493,0.4213078133287047,0.35055264056657526,0.27921459755175293,0.0
1776282.375,0.5296105742454529,4.103741645812988,0.4666248258567518,0.29337029278833343,0.15523761908189035,0.4211396931261188,0.3498102694424815,0.2812315588754003,0.0
1786194.875,0.8557672500610352,14.353694915771484,0.4662539150426301,0.29305648277547314,0.1557895199880699,0.4210870672273104,0.35096086426077855,0.28148831782454714,0.0
1773141.0,0.7308619022369385,9.017714500427246,0.46589931102069515,0.2926615324097673,0.15405885300439298,0.4208269498163297,0.35157716262375,0.2795984833466602,0.0
1783673.25,0.4806383550167084,5.318143844604492,0.4657764654371976,0.2921510540524551,0.15587317817111634,0.4207800292921221,0.3515495930641299,0.2826343000237098,0.0
1785198.125,0.5935921669006348,4.909522533416748,0.46563446878467574,0.29038323926636433,0.15517845145168363,0.4209457345194751,0.3515661717103253,0.28282401146376607,0.0
1628421.375,0.8924410939216614,16.180461883544922,0.4738666115456881,0.2703532237926224,0.18188990024295348,0.4155354160434352,0.3344763748964863,0.29843569391325225,0.0
1629420.5,2.324599266052246,138.53555297851562,0.4553339626142754,0.27787033159364327,0.18254683261627155,0.4140123923953417,0.3524450930394204,0.2971596982603093,0.0
1775570.875,0.7914749383926392,10.091034889221191,0.46617441332159143,0.28984938560017764,0.15408086612950692,0.42118011614660594,0.3504644941966,0.27569917973217295,0.0
1796310.0,1.1232631206512451,30.810672760009766,0.4665188994014518,0.28926443751441533,0.15633429334019622,0.4211280401275599,0.3509045112970713,0.27882723680411964,0.0
1793355.5,0.8307392597198486,26.58962059020996,0.46721256661581984,0.29077015945253154,0.15580081702661241,0.4204332079789698,0.35030496463676947,0.2779728981672836,0.0
1807195.0,0.9609411954879761,23.384666442871094,0.4671715258784636,0.2897128456157096,0.15699485125139548,0.42031316242191813,0.35066370509164346,0.28167333770508174,0.0
1791253.75,0.993946373462677,28.026262283325195,0.46578160475292063,0.292036314352928,0.1552649374432012,0.421088479782845,0.3503825723758315,0.280529043939524,0.0
1812717.875,0.9667202830314636,31.241249084472656,0.46485756660073657,0.29052464193338534,0.15596573525916171,0.42105140266278684,0.3514784930561472,0.2800599252574341,0.0
1777611.875,0.8540249466896057,26.360280990600586,0.464526216373943,0.29014172101028585,0.15567120834801965,0.42065147261231584,0.35171500688796936,0.2807707972882307,0.0
1819540.75,1.1233712434768677,56.29289245605469,0.4641776617014424,0.29390769556944507,0.15393076274047965,0.4214433352172853,0.35060279820042667,0.2792304217296788,0.0
1821292.25,1.9594695568084717,198.6157989501953,0.4631486918593612,0.2968328736351476,0.1528941896821319,0.4234162474958345,0.35055756419934003,0.2754808600577329,0.0
1792445.875,1.4789700508117676,127.84632873535156,0.4619711930158539,0.2893136635407007,0.15466865249942366,0.42439513284670666,0.35264836355016993,0.27937629404866,0.0
1624453.125,0.6662473678588867,19.593921661376953,0.4742410668931994,0.26839114046859247,0.18212353118765726,0.4153664225505004,0.33102713773693254,0.2999136402001438,0.0
1777307.625,0.47872477769851685,8.041609764099121,0.4618767280428897,0.2909901982813622,0.15392980712088877,0.42409630183532304,0.3520744244474767,0.28024563141226677,0.0
1752253.375,1.448738932609558,79.61019134521484,0.46159095864488975,0.2918415519228491,0.15631763156681752,0.4247077158761612,0.3528362215785148,0.2840614028543241,0.0
1738958.125,0.7585902810096741,49.21397399902344,0.4614048671264544,0.2909200593409458,0.16079812557617132,0.42484209259197847,0.35438518926042606,0.29141612877424283,0.0
1704900.125,0.937495231628418,93.05348205566406,0.4607871166596886,0.2887519620923441,0.158163834762014,0.4242876007337564,0.35411537494821854,0.2892024296110153,0.0
1791677.125,0.9853702187538147,126.28463745117188,0.459790608059361,0.2886276403523641,0.1587805780204723,0.42443625480694297,0.3537092835528566,0.2877017849593342,0.0
1799772.75,1.0943870544433594,60.62443542480469,0.4596013097229297,0.2887954313448901,0.15739949682168147,0.42445106420409157,0.3526116106652864,0.28462133315658367,0.0
1777495.0,0.819934606552124,15.315033912658691,0.46087833454517135,0.28776117722364936,0.15746446052393237,0.42372274934287485,0.351923165100957,0.2834594151398494,0.0
1822019.625,0.6268593668937683,21.67983055114746,0.4601488833966711,0.2867506105068023,0.15718115526762233,0.4237600490602602,0.3524143561952291,0.28295903160518326,0.0
1770316.5,1.1308680772781372,51.34861755371094,0.46154231139300544,0.28766810031799633,0.15465813195079153,0.422914242865488,0.3528603890307231,0.27997705624100505,0.0
1785080.625,1.5935750007629395,104.60325622558594,0.4624012918949685,0.2876840909184039,0.15271935554790264,0.4223840325727735,0.3525312129811584,0.27419982343992333,0.0
1628328.125,0.25454050302505493,1.2514933347702026,0.4744602796906703,0.26701022228248994,0.17929207291282168,0.41539445513046813,0.328536706637532,0.2969099641691058,0.0
1755671.25,2.997056245803833,482.4130554199219,0.46541224913900275,0.2856561594650459,0.14502796217609418,0.4205741687516084,0.35061545165056784,0.2566496874121879,0.0
1690959.25,1.4888440370559692,128.8457489013672,0.47240512353289527,0.2874210017763189,0.1363453125177313,0.41651905721267235,0.3464265961009411,0.23696343275722437,0.0
1717819.0,1.9633973836898804,141.29953002929688,0.4709789165264225,0.28899121218411433,0.14150851151540522,0.4181612884833176,0.34811282262879745,0.24540363430846523,0.0
1764110.875,1.629873275756836,167.25997924804688,0.46976196245423746,0.2909689469907625,0.1437725422196779,0.4193359696970283,0.3518065163008956,0.25054156981234016,0.0
1779382.125,1.6003334522247314,138.29428100585938,0.4700051255549679,0.2901041858945072,0.1429364264206538,0.4186405985824668,0.35150189561908085,0.2511491442088529,0.0
1773075.875,1.154204249382019,81.64720153808594,0.47056363913989596,0.29125000550867114,0.151770714719778,0.4174852277309418,0.35167288193108737,0.2744414589901447,0.0
1759688.0,1.0351080894470215,48.806396484375,0.4702096833385553,0.29197960530909106,0.15617159978105952,0.41732875892298943,0.35179165188761263,0.28347720163535484,0.0
1759395.75,1.033446192741394,32.941307067871094,0.46933368050036917,0.2917591376959664,0.15569038476438424,0.4181361625977809,0.3526607921989337,0.2824129758165409,0.0
1759828.25,0.5628050565719604,14.72101879119873,0.46869632177033527,0.29211237562874603,0.1556783015595954,0.4187873514860063,0.353313261141936,0.27974597062565076,0.0
1758022.0,1.0627930164337158,22.54045295715332,0.46920351187218573,0.2948415959944212,0.15734095110840549,0.4179126299968098,0.3526159654172096,0.28257807620211517,0.0
1627696.5,0.5011204481124878,5.11712646484375,0.4746304606725093,0.26680314103964725,0.176153563236653,0.4154208968667288,0.3265695063553248,0.2922669986344058,0.0
1760417.75,1.3625251054763794,56.98563766479492,0.46923459717983507,0.29307489276525694,0.15929702800391438,0.41731416275198263,0.34956003673189506,0.2862642699711955,0.0
1775586.25,0.11331585794687271,0.1902061402797699,0.4691543610449966,0.29204717281707027,0.15746597013040897,0.4173230520260941,0.3478606982376682,0.28275220679149854,0.0
1770968.625,0.6781136393547058,9.638774871826172,0.4690892931166909,0.29134777185856664,0.1556308062573608,0.41765580563952404,0.34879682290188313,0.27812245244077477,0.0
1764389.75,1.3064321279525757,90.0592041015625,0.46918701299240745,0.28576894619328747,0.15363926470582226,0.4188567003444387,0.34993278363119557,0.27887827745333943,0.0
1760734.0,0.775587260723114,23.94394874572754,0.4692050975573184,0.2842650243154393,0.15350228646592542,0.4191276464522836,0.34965456369997794,0.2806870998100734,0.0
1746027.0,0.8685554265975952,44.659095764160156,0.46917034775221755,0.2866779708319857,0.1566255373095446,0.4188946950034459,0.34917269658746003,0.282633026578185,0.0
1730162.75,0.8787435293197632,17.673404693603516,0.4699843288371469,0.2870346391991881,0.15991648357438676,0.4187134225318919,0.3495775942415493,0.2878744129201587,0.0
1727072.25,0.8202436566352844,21.86345100402832,0.4708896488377484,0.28847212468727323,0.14959299773516002,0.41808757063336704,0.34713209831967357,0.2686057070742626,0.0
1730565.375,1.2213294506072998,49.73392105102539,0.4710427360543848,0.2898020504331974,0.15007075175681014,0.4174831678884569,0.3454138960272466,0.26652070386995996,0.0
1716752.75,1.3888963460922241,61.49484634399414,0.47067157936576054,0.2870218591905864,0.14424879002664145,0.41716908103190464,0.34434333414507245,0.2569886738852904,0.0
1593368.625,0.8432378768920898,37.658203125,0.47258371441298447,0.2692565786841199,0.1806971387876769,0.41600078469067703,0.33108884518086595,0.29963467755265466,0.0
1710760.875,1.1975139379501343,78.38638305664062,0.4714152209313015,0.29060996760189495,0.15535162726189405,0.4172309890524894,0.3494562864181925,0.2818813929003129,0.0
1688873.625,1.427130103111267,83.78519439697266,0.47173638893741265,0.28853151317101905,0.15370996343071316,0.4163445101632556,0.3529381843220602,0.28515341064038974,0.0
1670035.75,1.6485458612442017,79.03425598144531,0.472271124512162,0.2835248843313733,0.1511093166917427,0.4162073763415335,0.35503929966972675,0.2891871176836228,0.0
1677678.0,1.0075969696044922,39.71076965332031,0.47214730077767225,0.2807276222235327,0.1527093373994856,0.4165036781557519,0.35521792679161557,0.29365395103963476,0.0
1661746.875,0.9560438990592957,22.779436111450195,0.47218032985901975,0.28135575865398754,0.1553108887028848,0.41617902217786373,0.3555409402771429,0.2981597832513896,0.0
1606990.25,1.2005831003189087,81.06278228759766,0.47220293643108285,0.2862847962061142,0.15938647070919593,0.4161026436415516,0.3524936707556179,0.30118075092687324,0.0
1562393.5,1.9065954685211182,82.12971496582031,0.47159641588076906,0.29023274053639786,0.15454107463419492,0.4167825965497006,0.35034075951004673,0.2918913631451694,0.0
1624087.375,1.3490526676177979,69.69913482666016,0.47052275498350454,0.287204695635387,0.15409123064224353,0.4172902251448624,0.35052207679791025,0.2841324845006178,0.0
1661135.25,1.5848255157470703,70.89498901367188,0.4696653380546682,0.29113793135630195,0.15994377370281232,0.41724303051817324,0.3463095073175791,0.2830227987525737,0.0
1660321.125,0.950131356716156,27.029769897460938,0.46872375015922696,0.29019264000477196,0.15978665231101644,0.4177103416893013,0.3433576650726202,0.28292449504936923,0.0
1615390.75,1.5807546377182007,77.56809997558594,0.47246404433406286,0.27427638358958284,0.18535210409510672,0.41622136818765254,0.33579939806075426,0.3001182444599499,0.0
1672283.375,2.151603937149048,164.44090270996094,0.46872814710889577,0.28906016293117476,0.1580119259451125,0.418420494334238,0.34323822486242545,0.2824243025405931,0.0
1750239.75,1.7091008424758911,153.2670440673828,0.46804179988263617,0.28738445377658794,0.16441908097690305,0.41892665031231135,0.34815670389170544,0.2912635804785005,0.0
1735329.75,1.859809398651123,146.1210174560547,0.46699841635723477,0.29279360231992657,0.16353955212368945,0.4205760539088938,0.35168390581329567,0.2922567492291829,0.0
1707860.375,1.2179046869277954,37.566932678222656,0.4669942892784746,0.2930221657204846,0.15999218894967415,0.4216178240302678,0.3515231688578941,0.287437739502269,0.0
1729025.875,0.8835853338241577,26.274965286254883,0.46725255968861085,0.29357253479551115,0.15278632089368666,0.4222184829152983,0.35158786726249514,0.27500060351509725,0.0
1715415.375,0.6279987692832947,10.6607666015625,0.4678142614304052,0.29345198747760953,0.15179209412560757,0.422337694511277,0.35118079110438555,0.2763975707606893,0.0
1723257.625,1.5924879312515259,79.34513092041016,0.46743850197378795,0.2966583078922284,0.15763912029073657,0.42222638067749874,0.3499233079060644,0.28131807759223915,0.0
1735923.625,0.5726544260978699,10.490717887878418,0.4663833195053232,0.30170846847459903,0.15621029551478777,0.4220885515038248,0.3496592683668464,0.2729517879715438,0.0
1757587.5,0.6189809441566467,15.395227432250977,0.4661540604405263,0.3002989930432768,0.15687035855105536,0.42189691700853665,0.34985589873929795,0.27086601931530596,0.0
1746250.25,1.0775940418243408,72.40287017822266,0.4666542689590228,0.30049906238710156,0.14914485122888094,0.42211356951249457,0.34986322693108596,0.2545522290418206,0.0
1626281.125,1.004008412361145,34.734954833984375,0.47311692744839035,0.2780088890682316,0.19078244783078466,0.4159568039283134,0.33519235218649807,0.2998496044907562,0.0
1718450.75,0.4450038969516754,5.228487491607666,0.4669850910733675,0.3003641565787514,0.1483357967782959,0.42230165071565723,0.34880106895188906,0.2531751961724127,0.0
1714283.25,0.6832903027534485,11.115127563476562,0.4666669125902896,0.29833514264074756,0.15075612931781565,0.42213704794275125,0.3488442146619973,0.2606107766529092,0.0
1730993.25,0.7380200624465942,20.748220443725586,0.4669729382379838,0.2966935965275598,0.15297579842122475,0.42197148958421216,0.3484517846775973,0.2645847416019875,0.0
1753361.25,0.9890062808990479,41.831573486328125,0.4672131405170468,0.2988697736610764,0.15320338114248114,0.42197515519145323,0.3492865010631093,0.26811295589250117,0.0
1767215.125,0.8975398540496826,16.143522262573242,0.4668756252309244,0.30388899843435513,0.15340335138025285,0.4219549447207811,0.34890081905261544,0.2648083601094847,0.0
1779884.25,0.6810710430145264,10.068049430847168,0.4667218256189391,0.3043620672417637,0.15544868472923756,0.421978238215975,0.349716841306856,0.268973139496881,0.0
1779331.125,0.4378477931022644,4.553292274475098,0.466744030633141,0.30371579525770287,0.15608019890639513,0.42213583400150645,0.35081348431127,0.2716729349774352,0.0
1783192.5,0.829652726650238,13.659575462341309,0.46672281893727596,0.3040747800645419,0.15329468057074672,0.42213171453905685,0.35088966856585724,0.266567618344175,0.0
1769852.25,0.3715081512928009,1.4545869827270508,0.46632740689458585,0.3058910367268137,0.15867279564692324,0.42200114094700414,0.3514162145206568,0.27579601347876803,0.0
1777286.875,0.5064369440078735,4.876309871673584,0.46614330606454635,0.3057375280342969,0.16077523454355883,0.42187070957995426,0.35135517244254627,0.28030114371897136,0.0
1601489.375,0.8083013296127319,34.68730926513672,0.47463468990053764,0.27937110772751556,0.1879075500429135,0.4157720682148262,0.33262354198752325,0.29734270656193273,0.0
1785513.625,0.3251185417175293,2.2851099967956543,0.46597567931497924,0.305245448769682,0.1608685865190663,0.4218367509904097,0.350884734377514,0.2816357281061001,0.0
1788630.75,0.618126630783081,5.0180182456970215,0.4659116971550169,0.3057533674180243,0.15959780319047429,0.4218041508252028,0.3511099293260836,0.2782164611544473,0.0
1775585.75,0.49816209077835083,5.774839401245117,0.46574222433783685,0.3063858118677037,0.15682936024072525,0.42183697745687315,0.3516028041881826,0.2732131340500939,0.0
1773857.875,0.5504672527313232,19.753265380859375,0.465222552640217,0.304260863881752,0.15621981874252996,0.42164770224953596,0.351345557693544,0.2727307151829093,0.0
1792854.25,0.9045633673667908,39.56085968017578,0.4651079475207874,0.3044051421555257,0.15635220786927354,0.4215282386702747,0.3518440372564705,0.27084857918025307,0.0
1748595.75,0.7527357935905457,12.321480751037598,0.4644630877218,0.30434760367166575,0.14989308496676557,0.42141767702695304,0.348988721672092,0.255393491539077,0.0
1743194.375,0.33729231357574463,5.379894733428955,0.4644779136968099,0.3025424174866751,0.15085884782339654,0.4213993099687903,0.3485154362316102,0.2593871670851035,0.0
1746075.5,0.24013766646385193,0.9149735569953918,0.46461815222229463,0.30242807178363634,0.14984735151163367,0.42142634741334517,0.3485394911871428,0.2582762291551342,0.0
1753779.75,0.45474493503570557,4.265230655670166,0.4646548692768475,0.30277517164063,0.15125678816360388,0.4214568855492455,0.34896465250630115,0.2590815087886768,0.0
1762661.125,0.181939497590065,0.5678898096084595,0.46475634509854763,0.30336503962146966,0.1503960389761631,0.4215089593602689,0.3490326628909152,0.2557252503426598,0.0
1537255.625,1.4013837575912476,73.60752868652344,0.47750466587268925,0.275260248380346,0.18472491772508448,0.4157613953834057,0.3284670190357706,0.2952913896397212,0.0
1742341.875,0.9522406458854675,26.077293395996094,0.4649450079278218,0.2983665991089425,0.15152304284890766,0.4215217235843282,0.3484598662536233,0.2611946227116321,0.0
1741718.625,0.79096919298172,22.273103713989258,0.46521914472926496,0.29944914957580737,0.15647355902937593,0.42141426441094076,0.3491960764358386,0.27463014353641185,0.0
1738069.875,0.8073431849479675,9.93653678894043,0.4654179732340549,0.3019536260045941,0.15666626091585567,0.42123994181434044,0.35082185361246154,0.2744354186961514,0.0
1724255.5,0.6927907466888428,14.660393714904785,0.4654464266480384,0.30003300519521114,0.1635058422871124,0.4212032282062359,0.35138627914799236,0.2871177954872324,0.0
1712866.75,0.8697146773338318,24.710540771484375,0.46594432034914807,0.29962502121715523,0.1601175977981304,0.4212470375330987,0.3508837477879427,0.2852779452808088,0.0
1699782.125,0.9892910718917847,29.47361183166504,0.46665417606774895,0.2970731405149156,0.1601361087267758,0.42139707891990763,0.3512065225941497,0.2858683831511389,0.0
1707393.125,0.7112799286842346,15.380284309387207,0.46705624005145013,0.2995957021117836,0.160090302675251,0.4216166458948344,0.35123802426513195,0.28198104096605636,0.0
1694858.25,0.6844818592071533,8.531944274902344,0.46713574218297593,0.29779479313768464,0.16103270062530822,0.4215547482136559,0.349780177949953,0.28354501194348053,0.0
1670629.25,0.6279665231704712,12.978414535522461,0.46739840411160377,0.2973795799804376,0.16174820281327384,0.4217737853466685,0.3496249674710103,0.2848322155269518,0.0
1662444.75,0.3219480812549591,5.176051139831543,0.46750655750061204,0.2966577893993387,0.16334970911102278,0.4218327941336701,0.35022514321406245,0.28704561044876026,0.0
1545562.25,0.8323758840560913,17.584753036499023,0.47856686642151924,0.27496567276854095,0.18929580571413027,0.4164273419134443,0.33344894171086453,0.2983052032254422,0.0
1675868.875,0.22720934450626373,7.370177268981934,0.46751871635857584,0.2954682410001796,0.16444066012402242,0.4218434986962071,0.34961685600129644,0.2884845254635087,0.0
1699553.625,0.6493257880210876,19.292766571044922,0.46762224922019535,0.2972952670976714,0.16124303523300243,0.4220575865231312,0.3497839811886548,0.2860341578920387,0.0
1685897.875,0.49690601229667664,3.328155279159546,0.46832982684946356,0.3004954220710441,0.15767778404139104,0.42203518921603844,0.35044552569297216,0.27628443791177965,0.0
1725643.125,0.28874003887176514,1.1937940120697021,0.46942386577816675,0.3041711011914352,0.1601911300234677,0.4221134057704228,0.3485892530016802,0.2773235073070368,0.0
1724770.125,0.19521048665046692,4.024698734283447,0.4694038442672249,0.30378762805813325,0.16122893364494578,0.4220606442447522,0.3483262161636312,0.2783245497757163,0.0
1721038.125,0.04010043665766716,0.024742890149354935,0.46940083805759886,0.3033619364738747,0.16149579833056757,0.421992911417237,0.3480698873107013,0.2790733076866676,0.0
1724764.75,0.3347218930721283,1.8672709465026855,0.4694981636730029,0.30285921688621953,0.16217198231427007,0.42201516977285536,0.34741208221437697,0.2785168715080387,0.0
1727292.0,0.7038900256156921,7.306973934173584,0.4696834428432356,0.3021224744957865,0.16568444628471687,0.4220265387402584,0.34735433988684644,0.2853755716499751,0.0
1716517.25,0.6954947113990784,8.980204582214355,0.47015526905696986,0.2998603341612552,0.1675712601073213,0.42184323319799416,0.3476928138029418,0.28764069532828207,0.0
1701927.0,0.8279512524604797,10.982864379882812,0.4704908140677063,0.2978683146386068,0.16825998316996763,0.42194405646810174,0.3474578102086284,0.2901475679844717,0.0
1535118.0,1.2278010845184326,45.41825485229492,0.4784384926003441,0.27367862949946764,0.1881175570802332,0.41625109949384775,0.3289023745482408,0.2976289713013978,0.0
1592149.5,1.5949212312698364,83.16341400146484,0.45556211160603277,0.2695846367015084,0.18314507370675676,0.4144352729019437,0.35080479198022624,0.298776284481821,0.0
1710156.75,0.5365917682647705,8.661687850952148,0.4701984487719071,0.29686473837348415,0.1655848225533633,0.421995968203301,0.34840069321003786,0.28977253009162124,0.0
1732261.0,0.7198610305786133,17.389734268188477,0.46991360848899383,0.2988603975927201,0.1687539172420001,0.42165393760537767,0.34874282340127644,0.29135249109876676,0.0
1727961.25,0.7727775573730469,13.276302337646484,0.4703014661935859,0.29985414412298034,0.16950006023708913,0.42136464611793994,0.3475536731814081,0.2904196544722686,0.0
1691324.0,0.4346875250339508,6.72361946105957,0.47127835520204303,0.29767520490468974,0.1688736372562623,0.4209841927152413,0.3470095512709144,0.28978743987416317,0.0
1708441.375,1.1551029682159424,27.354490280151367,0.47140693032434394,0.299844882069722,0.16770001964717587,0.4208316155266864,0.3470119646916049,0.28545905046900527,0.0
1738983.0,0.5782710313796997,5.524852752685547,0.4715683014334211,0.3033648642877212,0.16846556199496515,0.4209113457877413,0.34565148686075375,0.2824126014324251,0.0
1698422.0,0.7064529657363892,10.579952239990234,0.471848902988233,0.3023553690340308,0.16702134208377303,0.42080779604365876,0.3455928692921759,0.28361003766663456,0.0
1681495.625,0.50611412525177,8.063396453857422,0.4718276307134977,0.3006254435330336,0.16397376944231315,0.4205557580057284,0.3459661734109089,0.2828830750604246,0.0
1710310.75,0.9970059990882874,22.026569366455078,0.47241594357152455,0.3039727638142706,0.16408657992062883,0.420105022339716,0.3464410193914496,0.2797794916493748,0.0
1704549.0,0.8442164659500122,15.419191360473633,0.4730083021340314,0.3043021834636466,0.16091167391773598,0.41980934614873283,0.34786339559333185,0.27460543231784457,0.0
1520221.625,1.2664140462875366,30.19894027709961,0.4787462493957616,0.2722367142499906,0.18946933842641178,0.415594193130299,0.32618475897235766,0.29812854926969823,0.0
1687153.75,1.1793122291564941,66.14422607421875,0.4731411746138344,0.3018068181493951,0.16318863927199057,0.4196771500116774,0.35004444981087113,0.2828936474911355,0.0
1676899.125,0.7920657396316528,34.179412841796875,0.47377436498791486,0.3007469559526689,0.16187147619894435,0.41904168000918557,0.3497933684054588,0.2815259376098673,0.0
1661399.625,0.5136250257492065,5.3281989097595215,0.47390873192757227,0.30113634691289176,0.15999857522056976,0.4189715055023771,0.3501447404468097,0.27827017875871357,0.0
1656894.625,0.7691215872764587,77.7890625,0.4738696327873534,0.3005899456315751,0.15996641973948977,0.41907008858940403,0.3498109178378355,0.27723280642008663,0.0
1648357.25,0.512338399887085,41.28171920776367,0.47401592443371854,0.30007308393776316,0.16057433620057754,0.41901808166068993,0.35006027726311323,0.2773104410249896,0.0
1656314.75,0.32366329431533813,9.398101806640625,0.4741754112105878,0.30057182125801785,0.16125840893159957,0.4188892596331076,0.3496366143219736,0.2780574677052809,0.0
1662802.75,0.7074456810951233,26.393644332885742,0.4740361200764713,0.3004998196616414,0.16345984394607546,0.4189754511221768,0.35023367626371643,0.28059915363100546,0.0
1662669.625,0.7617374658584595,14.644208908081055,0.4740113192703193,0.299721919069682,0.16253812523378308,0.4191616035397307,0.3498938873513589,0.28128267280146446,0.0
1674034.0,1.0671883821487427,45.308937072753906,0.47467565130573675,0.3004628166378975,0.16277068966416142,0.4187804210803332,0.34895182405854935,0.2791390057457245,0.0
1649415.5,0.624098539352417,17.33941078186035,0.47486944777855966,0.2999969296934576,0.1570717814032557,0.41871663319397384,0.34957431656282467,0.2704207207298611,0.0
1513094.0,0.7544964551925659,80.18975067138672,0.47981146678253583,0.2728377683569494,0.18571214246034534,0.4148869186622304,0.3341412810802378,0.2985870786833774,0.0
1658772.875,0.9898747205734253,32.9095344543457,0.47554550459427813,0.30214963838874304,0.15679049814936444,0.4183168273350074,0.3494152870204116,0.2689934598605532,0.0
1638735.75,1.1869792938232422,75.98051452636719,0.4767968798774889,0.2988979298572322,0.15509251457223205,0.41727267095172355,0.35039365571009407,0.26968114133121945,0.0
1605915.5,0.920349657535553,114.05887603759766,0.47846695334180855,0.2995430162404844,0.15091936294435268,0.416143792987889,0.3500032230105758,0.2654960856013136,0.0
1599028.875,1.1811246871948242,137.86146545410156,0.47831347325557744,0.2963381905164499,0.15300754087357177,0.41594143428047825,0.3508239283088383,0.2701603010485834,0.0
1568176.875,1.3873398303985596,99.48902130126953,0.4779520278397675,0.2939536899483081,0.15305605314356557,0.41570027765622153,0.34971958733584524,0.2726910302016779,0.0
1589751.875,0.9307643175125122,32.4532470703125,0.4774649128220011,0.2956131541872916,0.15545284872750334,0.41577901038082643,0.3496782156958712,0.2763262393329313,0.0
1627981.875,1.0129501819610596,54.65694046020508,0.47680891577608164,0.2960842417954894,0.1597740036191058,0.41625227316789243,0.3500130853163283,0.28064741903893264,0.0
1665187.625,1.7086026668548584,158.199951171875,0.4758743046410474,0.299120160579553,0.166916382245535,0.4171246047348717,0.3481278910933366,0.2859750611659191,0.0
1672374.625,1.471948266029358,79.11085510253906,0.4753995484239835,0.300865784736744,0.16996986222377578,0.4175700189492613,0.347316728835018,0.29117173844535,0.0
1697823.125,1.2615216970443726,81.26654815673828,0.474324728010657,0.2982782339745685,0.16934759153646203,0.4180108171276716,0.34887234193343736,0.2955543305398107,0.0
1513158.875,0.8524268269538879,92.93472290039062,0.48017555416579927,0.27417660130219823,0.186085037347696,0.4147720336969383,0.3355022136278391,0.29844442202182525,0.0
1709052.75,0.3797142505645752,5.624622344970703,0.4742745744725893,0.3015140829149958,0.1691160090139246,0.4181912146433123,0.34672942746029556,0.291046128920924,0.0
1696365.125,0.8972437381744385,22.165924072265625,0.4741011117278617,0.3026950897512958,0.1654878513434624,0.4185680736846455,0.3475933155842684,0.282433783035363,0.0
1693967.875,0.6462292075157166,35.94561767578125,0.47394093470795773,0.30029537329489187,0.16320209874428993,0.4187599395062223,0.34856635161921323,0.28118440592294,0.0
1698510.0,0.13787448406219482,1.2689985036849976,0.4740011565836808,0.29830464679845786,0.1630018963906094,0.4188676869955159,0.34916151955152747,0.28221266908279863,0.0
1668581.875,0.9951913952827454,22.350229263305664,0.47453251019863996,0.2983545145715033,0.16344399628238362,0.4184630828750332,0.3502003233981399,0.2865158623325849,0.0
1658948.75,0.8758363127708435,19.64893341064453,0.47497744072372944,0.296151614966989,0.16065120242807895,0.4180262631598343,0.3525013754745076,0.2874200676569062,0.0
1654513.625,0.7777001261711121,12.629267692565918,0.47479093498903013,0.29609551606322815,0.1579082894768144,0.41789516464638565,0.3514804827547444,0.2792947037491327,0.0
1650215.5,0.6050761938095093,12.217046737670898,0.47453963743122135,0.297734416622672,0.15998385745135502,0.41795461394384636,0.35085312115085737,0.28280833258265525,0.0
1665396.875,0.6652644276618958,7.449134826660156,0.4745506027045372,0.2989642526323109,0.16088379506083186,0.41784586286999037,0.3505355541199227,0.2815705196584239,0.0
1680837.0,0.7412668466567993,9.333121299743652,0.47424431346563195,0.2986932747470559,0.16329104706046954,0.4175616815149148,0.34844919850988976,0.2805142492076027,0.0
1521851.25,0.4392036199569702,12.514801979064941,0.48057664207240397,0.2790364705731062,0.19019371018378467,0.4147157101345604,0.3348751607179473,0.2980523007787054,0.0
1682457.0,0.3091760575771332,6.989583969116211,0.47385360489794004,0.29840787281331166,0.16358913507194542,0.41755329759613946,0.3472576644000284,0.279177099655698,0.0
1683569.75,0.2462666630744934,1.2542648315429688,0.47351928273248395,0.29836059946573895,0.1625299899953681,0.41760732218542795,0.3469747351668518,0.2774877107348773,0.0
1676643.125,0.16768106818199158,0.3575840890407562,0.473099555651281,0.2976252731467752,0.16117952208750336,0.41773015418451126,0.3472350937241626,0.27775513318134293,0.0
1666598.125,0.8294301629066467,12.079915046691895,0.47284167344279476,0.2967534911393535,0.15953983357774712,0.4178051570204587,0.34781524360770294,0.27821132873124105,0.0
1655723.5,0.7005781531333923,7.7327880859375,0.4726737342396761,0.29656078395219954,0.16653959174859756,0.41813275447178144,0.34877794133803064,0.2909119769376481,0.0
1663194.875,0.9570693969726562,17.385770797729492,0.47293133438406265,0.29846819219991155,0.166999751065254,0.4180272366449884,0.350408669849092,0.2886626131554037,0.0
1711183.125,1.0342391729354858,27.26154136657715,0.472865976853621,0.30239305636926395,0.17016725218311546,0.4176088469635128,0.3508081323146489,0.2925660166766596,0.0
1746129.5,1.6046545505523682,75.106689453125,0.47268019929551003,0.30334605102371315,0.17003488098679428,0.41722019348315387,0.3502809185360662,0.29318186954364317,0.0
1775726.75,0.8381327986717224,14.969916343688965,0.47288330216566427,0.310920426046321,0.17316070922116436,0.4172840283938933,0.34863140960662503,0.29144040575061153,0.0
1776573.875,0.9326581954956055,23.218677520751953,0.47373479294214643,0.3126069496579736,0.1701550499710468,0.41699661097998925,0.34854220973864153,0.284509321394917,0.0
1505760.125,0.08683193475008011,0.08361619710922241,0.4807728415447449,0.27875579104822107,0.18818213972709763,0.4146722199119554,0.3341570739960918,0.29701372371718515,0.0
1766557.25,1.011135458946228,88.74610900878906,0.47494945553400936,0.31225189947991194,0.16298519382277815,0.41541489343385046,0.34613744888303216,0.2686075472867738,0.0
1803668.875,0.37220966815948486,2.2832508087158203,0.47303864471164636,0.30961253667914224,0.16726103557098723,0.41660401001288144,0.3455748800187121,0.27839050433421203,0.0
1790305.875,0.38489070534706116,2.972259283065796,0.4728614099255012,0.30953499740526136,0.1644128457272385,0.4168185729358935,0.3454732687636945,0.27234347031320505,0.0
1791381.375,1.0947062969207764,32.4018440246582,0.472457335006079,0.3084540972409501,0.16941471616377826,0.4173954677173093,0.34461243712358497,0.27924966461800277,0.0
1779479.5,0.8497138023376465,15.14832592010498,0.4723437421546665,0.30520764453516097,0.1675517525801936,0.4180223481048806,0.34255120135570444,0.2774687537847963,0.0
1747249.375,0.6873055696487427,6.029696464538574,0.4719558661635029,0.30283599357301183,0.16351175643375135,0.41813521283555605,0.34197082435056453,0.2737216486890409,0.0
1771538.875,0.45500120520591736,3.4313151836395264,0.47135793390091,0.3045977001775667,0.15805052402160452,0.4192453295560621,0.3424589678265425,0.263649620738847,0.0
1779993.375,0.7843044996261597,8.992077827453613,0.471067822557202,0.30276629677937333,0.15853110957841687,0.4194718894601355,0.3422868385648001,0.266834559249326,0.0
1774500.5,0.5478167533874512,4.563918590545654,0.47092278782166674,0.30027435045245565,0.15728182329253063,0.4197497304246421,0.3420912063234244,0.2693753755671583,0.0
1769376.875,0.999968409538269,14.878077507019043,0.4700887301657464,0.30048315459179104,0.15944070355916246,0.4199785786477373,0.3422029701510029,0.27126191413409606,0.0
1485725.625,5.471747398376465,1784.8778076171875,0.48107072514076754,0.27196222174000234,0.1873760665774539,0.41484433898502265,0.3316511006343306,0.2979055350328588,0.0
1767300.875,0.401973158121109,3.179241180419922,0.4691968977510953,0.29991065609717427,0.1610760234412637,0.41988750348547355,0.3416650552135669,0.27169944017830805,0.0
1776835.25,0.7259799838066101,9.868301391601562,0.4685116080065188,0.30161106308792257,0.1633063004665941,0.4198215259213634,0.34245545249983844,0.2744383073622133,0.0
1773384.75,1.0826513767242432,36.202999114990234,0.4680337416175802,0.29842964603682653,0.16192272579015646,0.4198905359533026,0.34438054995625833,0.27346189233353635,0.0
1779261.25,0.8766525983810425,47.86252975463867,0.4679108501810519,0.3006899213347168,0.15875967373374616,0.41996668331172,0.34697480452236024,0.2674931903664848,0.0
1826261.625,0.5126338601112366,6.656731605529785,0.4680754821404062,0.30394619444611837,0.16463059475472502,0.4200978722953636,0.3476749214801171,0.2780186100661858,0.0
1826682.875,0.9211905598640442,48.11941909790039,0.46833008245593727,0.3041533633403004,0.16275930583796622,0.4203122328883336,0.3480869106989231,0.27717463815838983,0.0
1795878.625,0.5202966332435608,4.071662902832031,0.4676567894742407,0.303473358824443,0.1581870649497255,0.4202017031494845,0.34922805353703257,0.2755029546993283,0.0
1791738.5,0.12147249281406403,0.21137037873268127,0.4676366629551478,0.3040030268066296,0.15759189483815628,0.42017032074068633,0.349193470989761,0.27374875475928107,0.0
1794368.75,0.13271595537662506,0.18526475131511688,0.4676266788410035,0.3046462171233484,0.1591397842963874,0.4201230093839192,0.34933677248272405,0.27816234917136945,0.0
1793097.625,0.14605803787708282,0.47011032700538635,0.4676346445078349,0.30441009356747156,0.1591522056971346,0.4201308299375578,0.34933020338759724,0.2785106454471706,0.0
1427670.0,1.8553706407546997,217.7684326171875,0.4829123301524831,0.24588056112927442,0.17401030944332993,0.4154181924651106,0.3286441332547089,0.302711527798689,0.0
1790271.5,0.12067355960607529,0.18907581269741058,0.4677678562499526,0.3037539964896573,0.15658029148639852,0.42018789911222065,0.3492710726334886,0.2747743464579674,0.0
1789113.5,0.12020367383956909,0.3850976228713989,0.46777092455523395,0.30359763921290606,0.15708042364782776,0.4201806282485112,0.3492218214957038,0.2764548114535557,0.0
1781057.875,0.5470395684242249,6.451423645019531,0.4677780919795925,0.3020212131449053,0.1599072449903296,0.4203364435804655,0.3495087657173494,0.2818447593545436,0.0
1772582.875,0.723209798336029,8.495837211608887,0.4676733907770737,0.30132556411970646,0.15737433292181224,0.42049158577787366,0.3501650648096166,0.2800023147464285,0.0
1790460.75,0.803612232208252,9.067534446716309,0.46685245382439033,0.30139775170738353,0.16332047607694494,0.42031692144858396,0.35010791003604047,0.2848038981300216,0.0
1802858.5,0.6016678810119629,10.701140403747559,0.46639596436596537,0.2992947071831182,0.16546084006494768,0.4201855581142519,0.3488475023254992,0.28659896298622134,0.0
1799101.75,0.8300395011901855,14.020174980163574,0.46629166683147877,0.30068916211180696,0.16594872920188433,0.41986893509740203,0.34664044190403115,0.2847418411354533,0.0
1808140.875,0.9409737586975098,16.90624237060547,0.4661577091294908,0.3029558653134422,0.1641221136923022,0.41971400681221693,0.34623366833176034,0.2798554092526093,0.0
1824238.25,0.7071342468261719,17.081954956054688,0.46579075938065195,0.30424548997682915,0.16283961118006934,0.41951536408198264,0.35107092297842996,0.280704239937676,0.0
1823062.5,0.887980043888092,15.573988914489746,0.46561236083140867,0.30509480047309534,0.16482751801871204,0.4195770896189645,0.3529836827791007,0.28763473373309734,0.0
1425733.125,0.8857883810997009,39.52664566040039,0.48089769347920863,0.2502767614643198,0.17413483331970336,0.41588403258524503,0.3261372901012453,0.3011773120801024,0.0
1813214.75,0.863370418548584,20.595064163208008,0.46548306214351276,0.30481892482067374,0.1627841058149054,0.4195759433942367,0.3523738280950224,0.2850784573736698,0.0
1822608.375,1.0354279279708862,22.664154052734375,0.46571804145227824,0.30627581189285047,0.16119769160727854,0.4198334931947013,0.3527563037402456,0.2799758059018515,0.0
1823348.25,0.8329191207885742,25.819599151611328,0.46538507773124876,0.302625348995009,0.16132248104423394,0.4198075838856799,0.35212134038933396,0.2821358207367803,0.0
1799027.0,0.8529648780822754,21.40471839904785,0.4652628818883535,0.3015382557300934,0.1600128256053398,0.4197288322672482,0.3521032737945708,0.28038334938258136,0.0
1792435.0,0.7026345729827881,16.81108283996582,0.4653269868917523,0.2999974521110073,0.15833362032815174,0.4197561324631916,0.3525923032223096,0.2753338963064707,0.0
1825361.875,0.6789457201957703,10.462620735168457,0.46579399197319304,0.3006833657193636,0.15862263583413944,0.42008939397357153,0.35312619964563213,0.2745649790374122,0.0
1817859.75,0.5846185088157654,15.261731147766113,0.4661252484409622,0.30457485965984166,0.159323766683477,0.4203992015888115,0.3534234436406988,0.27913213726962743,0.0
1843877.25,0.8200019001960754,15.71025562286377,0.46632325541955827,0.3055099865836844,0.1595903600085094,0.4205093707585846,0.35264128141950285,0.2803120819998213,0.0
1846940.25,0.7908186316490173,16.417329788208008,0.46648048894793676,0.3047702720826972,0.15951080217554967,0.420483475712881,0.352049480422662,0.2791945981505046,0.0
1850959.25,0.5835462808609009,10.708755493164062,0.4667417542262941,0.30369440046883794,0.159670927676067,0.42054187407425864,0.35094897592218155,0.27995135509276287,0.0
1451578.625,0.5724509954452515,22.47940444946289,0.4809319420292206,0.2504606868889143,0.17274261504900876,0.4156172007585832,0.32698887099032964,0.3007932775893427,0.0
1850887.125,0.3684324622154236,2.8082005977630615,0.46681337103165493,0.30424749484101804,0.16150944791122496,0.4205058428218568,0.35091050796255363,0.2820181749377833,0.0
1832782.125,0.815457820892334,25.186105728149414,0.4669934158023456,0.3049270050669733,0.1628205095607462,0.420484250657975,0.3508469910063373,0.2823865843816696,0.0
1821844.375,0.9167038202285767,21.31431007385254,0.4667620944919103,0.3063592745019865,0.16367815092062665,0.42054537446982654,0.35198717927045087,0.2839939389690991,0.0
1804285.625,1.0694891214370728,37.52022171020508,0.4666758724841277,0.3090094326729522,0.16793015184036325,0.4205179138555062,0.3524584922427863,0.29065894606615383,0.0
1804429.75,2.4275312423706055,231.16026306152344,0.46882670242020363,0.3132180260404345,0.16548681204258436,0.41955627595141853,0.3546742677267395,0.2848112574001489,0.0
1771344.25,2.1477344036102295,190.5420379638672,0.4713695917927376,0.31269504064991244,0.15953689355597211,0.41911633692266925,0.3525046313679817,0.2752043305329714,0.0
1790747.25,1.8850786685943604,136.3539276123047,0.4723856805094142,0.31348782603671316,0.15307703110585197,0.4181483376910772,0.3523474905214484,0.2591345304960893,0.0
1834019.125,1.1759244203567505,43.49140548706055,0.47174658241687106,0.3195475135147319,0.15780248333277935,0.4174971779315208,0.35586021428665954,0.25115225127969065,0.0
1750885.375,1.941536545753479,125.42886352539062,0.4729371751353575,0.31910446991421654,0.15414910583803423,0.4178540503270798,0.3605162563331939,0.2503577036739224,0.0
1672188.75,1.8300331830978394,124.1429672241211,0.4742922815961609,0.3094720674831101,0.1495085740189582,0.4189956834081515,0.3602665393325609,0.2544311455414666,0.0
1474753.625,0.44281044602394104,7.880036354064941,0.4810936710203651,0.24885305066464394,0.17126673916117555,0.41538801984891094,0.3304234136715591,0.30234190015614976,0.0
1606953.125,1.4082542657852173,66.28520965576172,0.45567804355316915,0.2718720205000972,0.1814714333670795,0.41504348523386986,0.35065329084835967,0.2982499877029494,0.0
1633920.25,2.209913730621338,128.83956909179688,0.4745659912539629,0.3021101211632809,0.167551911891817,0.41900418406955486,0.3609445907882476,0.29317947597597954,0.0
1627995.75,1.430019497871399,52.44061279296875,0.4742468224719627,0.29822050947615786,0.16649592076135153,0.41871481779754216,0.36237052083520394,0.2961408222297407,0.0
1624225.5,1.6605135202407837,126.92335510253906,0.47282648249366355,0.2913989682997827,0.1705501978431727,0.4185950666180248,0.3673321061380559,0.3117747605841285,0.0
1620417.375,1.324971079826355,61.08689498901367,0.4720480258671608,0.2930905444539117,0.17354900320662453,0.4185017547093331,0.36763395265939774,0.3162478723618892,0.0
1648634.25,0.37497812509536743,3.4052894115448,0.4714628054357916,0.2942535478649907,0.17484940318018508,0.4179365463447068,0.36832005683666375,0.31689437383882013,0.0
1640440.25,0.47688305377960205,7.0268683433532715,0.47119745965657256,0.293699064708353,0.17517930736255444,0.41773388510251774,0.36898036176948973,0.3177491836880809,0.0
1637109.25,0.2816477119922638,3.890643835067749,0.4709446639028899,0.29322542772822485,0.1742335234526827,0.4176459509486989,0.36923153302458567,0.31754412061889825,0.0
1642628.625,0.6674410700798035,18.235754013061523,0.470545134751079,0.2937010558534707,0.17441010627563458,0.41769695067973406,0.3692075704820839,0.3176518551552521,0.0
1646493.0,0.9728138446807861,33.57072448730469,0.4696935557718188,0.2935621779286883,0.17329216688591598,0.41819304491061865,0.3699236196239998,0.31694052861719907,0.0
1666828.5,2.376701831817627,220.66046142578125,0.4675272108299115,0.2956430022417508,0.16999274241077833,0.4201319353435651,0.37385870320299835,0.3162585079040824,0.0
1430004.125,1.215047836303711,69.35237121582031,0.48079127066344474,0.25019073926082475,0.17290526003362602,0.41517478482762865,0.3254792112506367,0.3005150214952261,0.0
1664193.75,2.8515818119049072,216.44903564453125,0.4649243145322425,0.2936923141275109,0.1680014911515804,0.4228494568888051,0.36720729396914725,0.3152251126045912,0.0
1655753.875,2.3845596313476562,141.54710388183594,0.4665409111541923,0.2950552897489799,0.1549261368369976,0.42261060022613434,0.3589138165442849,0.298140752570433,0.0
1658509.625,1.6300585269927979,87.36925506591797,0.4681196082276815,0.29151877023407097,0.1541181383830137,0.4243964313908251,0.3510970602448417,0.29380783316831016,0.0
1659410.375,0.5164686441421509,10.1173734664917,0.4668248738124701,0.28574480360824195,0.1596216803444634,0.4236995168647423,0.34548708274028217,0.2976615590627124,0.0
1664158.875,0.4247948229312897,13.843904495239258,0.4666161235875879,0.2853609784806529,0.160566157215963,0.423452011413924,0.34521045225024277,0.2982208314271211,0.0
1669094.25,0.4309992790222168,5.722537517547607,0.4663730125886629,0.28416334756358325,0.1568155065961986,0.42299948387280306,0.3447435141372787,0.2925417932091837,0.0
1665575.375,0.007190144155174494,0.001687865355052054,0.4664746728659832,0.2841848503057754,0.15563318870016327,0.42301947817986973,0.34483753396024847,0.28845719259632635,0.0
1685445.375,4.329738140106201,1409.0545654296875,0.47147637344335636,0.29093427863245896,0.1723997715973592,0.41889946150216933,0.34831825524280036,0.30332650870609945,0.0
1694854.625,1.2303130626678467,49.563987731933594,0.4745988346705716,0.2887059271735501,0.18106965102944023,0.4168733928871628,0.34810001447350725,0.31041751699990755,0.0
1737359.875,3.183549642562866,241.7931365966797,0.4741080449241546,0.30457137813050217,0.18208694768095565,0.41627280737045974,0.358088271610041,0.30731979510872776,0.0
1412210.375,0.5466447472572327,27.636178970336914,0.48050592141118686,0.2501696810660691,0.17266544223312572,0.41533450569190133,0.3233395202174112,0.299773009356481,0.0
1750926.25,1.1479742527008057,66.884033203125,0.4742958570180717,0.31688129148213673,0.17433833475059457,0.4181296899660019,0.366720299219571,0.29225281851079715,0.0
1749972.375,2.8351147174835205,206.2076873779297,0.4780498593608865,0.320319662829984,0.17440256845454244,0.41981496076490615,0.36939209201855894,0.28352386935345997,0.0
1744588.875,2.675241470336914,186.76718139648438,0.48053054872423023,0.3192357841018648,0.17893890995789485,0.4186956400493213,0.3607387210542275,0.2757187189175066,0.0
1737456.375,2.474546194076538,412.1790771484375,0.4717458365839381,0.30673204567331047,0.19315397603877826,0.41799666250829554,0.35008598019774534,0.28735302953363867,0.0
1824388.375,2.2960028648376465,162.03317260742188,0.45989363618870593,0.3007330829920086,0.1925305242826966,0.42081504804718745,0.34531831852826617,0.29119861514776363,0.0
1736367.0,1.8330059051513672,96.39759826660156,0.4577419161912283,0.2912296583912737,0.18257492081771406,0.420425597586227,0.3395573804714016,0.2861314369942448,0.0
1733852.25,1.6796232461929321,107.05567932128906,0.45897731951826504,0.29270871326633385,0.18753733694817715,0.42174293307347904,0.34552934153821774,0.29239517049042396,0.0
1787515.375,1.4136772155761719,117.34123992919922,0.4614052185534933,0.3004461994757144,0.19247754738442097,0.4227688943652265,0.356074596873585,0.29804182458584694,0.0
1833890.125,1.3148945569992065,35.996986389160156,0.459641772043557,0.30444358076376926,0.19235830484855976,0.4240659016107301,0.3636646333203261,0.295952752149164,0.0
1867678.375,1.3457521200180054,62.799560546875,0.4556649960373048,0.3019946046029669,0.20020973170781867,0.4240656861538368,0.3614271962646638,0.3046732909689008,0.0
1392955.625,1.3128870725631714,88.14177703857422,0.480236122962417,0.24714388316143165,0.16973973312395685,0.4158674189212608,0.3253796377162805,0.30081051452896906,0.0
1794210.0,1.4709227085113525,245.6662139892578,0.4573287643496897,0.3040927081742075,0.20120012439087712,0.42457788320916595,0.36198288295581194,0.30502302597188574,0.0
1722292.75,0.8535403609275818,29.808666229248047,0.4602126029674559,0.30511038147475344,0.1967260076625472,0.4257558957853318,0.3626916957252636,0.30324696675010704,0.0
1755173.625,1.1534912586212158,19.014055252075195,0.46176958592876355,0.3042584141808723,0.199289245115167,0.42697087145512963,0.36074860485252436,0.3050925659763134,0.0
1770418.5,1.4764949083328247,74.078125,0.4636851593976679,0.30815759460156994,0.20228487131797493,0.42700527235470487,0.36062381309557984,0.30463100220554323,0.0
1783021.75,1.349678874015808,72.3013916015625,0.46322948880593084,0.3096487041315085,0.19911988805148148,0.4265075240246302,0.35951773504467116,0.30178788363749354,0.0
1795938.625,1.3609492778778076,112.30538177490234,0.4612776263197327,0.3122405779974029,0.1966924701983395,0.42566598398578753,0.35918006056180013,0.2988570593174244,0.0
1829098.0,0.877914309501648,73.04705810546875,0.4603366989599072,0.3187314079161638,0.1972582364696662,0.4248162456390059,0.36081866171852833,0.2993879982428911,0.0
1861603.375,0.8558109998703003,44.5256462097168,0.4600301458068078,0.32304157774084297,0.1980470386720364,0.4240591357678943,0.36229041291373554,0.2984496357507539,0.0
1879830.125,0.4511953890323639,10.89484977722168,0.4595435628575941,0.3245245672885344,0.20232666040065123,0.42329991452424665,0.36196074603190176,0.30040534071940217,0.0
1869788.0,0.8662564754486084,21.91408348083496,0.45916409611759545,0.3226177371783291,0.20439144003410037,0.4226887830956425,0.36100446766090294,0.3027235245136209,0.0
1415227.375,1.7990022897720337,102.64891052246094,0.48049520597478135,0.2472252179568911,0.1704085179093123,0.4165547088340199,0.32132748464137223,0.3000468561509875,0.0
1823076.0,1.2931981086730957,42.441864013671875,0.4603642434014112,0.3155818805905107,0.20630435816025175,0.42199229368436025,0.35748215946079637,0.30663423044611265,0.0
1822110.75,0.9269028902053833,22.02657699584961,0.4626022481331462,0.3146600483729203,0.20101066199066953,0.42248940220305226,0.3563160784887163,0.30208129603232453,0.0
1832675.875,1.4507246017456055,80.03470611572266,0.46546066787244234,0.3158852753113802,0.1959734017539466,0.4230756849936591,0.35843441780335883,0.2976931998976596,0.0
1826203.375,0.9639450907707214,18.5963077545166,0.46783170231414745,0.3134457924434277,0.1910376791241226,0.42252238227303274,0.3580681240522757,0.29371540142973857,0.0
1809652.5,0.584214448928833,6.407496929168701,0.4694999142414377,0.3151597182346833,0.18704554380268587,0.42275571506707055,0.3568568727098859,0.2898377019413289,0.0
1802653.875,0.6649876236915588,12.644792556762695,0.4702915881252564,0.31396758182654194,0.18398292273206374,0.4231502121299852,0.3574208372326169,0.28744030820898575,0.0
1807005.125,0.5135475397109985,7.3650946617126465,0.46952323657084827,0.31306560102402875,0.18889316111244972,0.4232794175452655,0.35850544185401456,0.2938344049435172,0.0
1802444.0,1.2683262825012207,28.193675994873047,0.4673792420636753,0.30820620224020884,0.19445503402778477,0.4225315740967337,0.3593358388647493,0.2972537354424365,0.0
1807473.5,0.7978960871696472,10.806249618530273,0.4666656971972586,0.3085729087609198,0.19844008550641373,0.4225126287221732,0.35943742628888176,0.30001232057611205,0.0
1787023.75,1.2848484516143799,146.76329040527344,0.4668539733416357,0.3110677122071829,0.19991769738071014,0.4224489766668204,0.36204690186304833,0.30443616193348033,0.0
1394629.625,2.0529661178588867,95.82634735107422,0.48055753784469535,0.25183266783839925,0.1738955714528252,0.4171147633531494,0.3195654637172181,0.29915333035879926,0.0
1753301.75,1.159139633178711,25.960981369018555,0.4684583195982912,0.3200924465678324,0.2002309992348929,0.42280566458246016,0.3683540509540757,0.3082957455022251,0.0
1771876.625,0.6492844820022583,10.580193519592285,0.46998524196156594,0.3220173546317315,0.19759092285286353,0.423343590664966,0.36985955682342003,0.3027811336367775,0.0
1762061.375,1.0239886045455933,25.26074981689453,0.470245603826424,0.32295406243555386,0.1953624212349446,0.4235634765498309,0.37042396171246744,0.3010953130444553,0.0
1779684.125,0.6692643165588379,23.52742576599121,0.4704183289532952,0.3249323625992139,0.18740904566404368,0.42367261610004486,0.3702758789727423,0.28973237170983757,0.0
1797129.5,0.9340721368789673,14.834235191345215,0.47084315096474916,0.32925299017001025,0.18837796327932468,0.4236845851654206,0.36778483286742253,0.2878916748772747,0.0
1830261.625,1.1175518035888672,29.626266479492188,0.4705252730963793,0.3322819098966725,0.191890737330824,0.42350347258714116,0.36791187089747085,0.29102662901397736,0.0
1841742.5,0.8005771040916443,20.152956008911133,0.46889966806752137,0.32767043564509324,0.1932612014507545,0.42303113158490807,0.3702162527249222,0.3001196050179748,0.0
1854344.75,0.8361380696296692,16.91889762878418,0.4643522370717929,0.329295829966769,0.18914743652852511,0.4212812469637515,0.36736282444460494,0.29296155097703486,0.0
1879488.375,1.2312519550323486,58.792144775390625,0.4539104109658354,0.3274833354364722,0.17240073076467816,0.4158857341675276,0.35814480160335005,0.26418819603729105,0.0
1898449.125,0.8063017725944519,19.928916931152344,0.447635037738617,0.32888603202569694,0.16819955783484392,0.41174042986149084,0.3542503002032905,0.25680362923904426,0.0
1416054.875,1.4002162218093872,64.15312194824219,0.48114683661016944,0.25424753527423455,0.17420252520711785,0.41725923014993704,0.31990987468555054,0.2967180481475741,0.0
1914285.625,0.8823977708816528,17.907217025756836,0.45230932434938037,0.33162214666553896,0.178252782638516,0.41495261880443496,0.35881304787572843,0.27198683835183846,0.0
1917698.375,0.9706247448921204,56.11854934692383,0.46077755928473046,0.3395728010496004,0.19502202323045148,0.42023451083715563,0.36587320251978234,0.29214248980568425,0.0
1890052.75,0.7759377360343933,13.135998725891113,0.4702597260094592,0.34260249931671827,0.20692155807455556,0.4241459564438121,0.3684452208565391,0.30145838476198916,0.0
1876910.0,0.36006757616996765,3.741691827774048,0.4709234354762803,0.34378071844780045,0.19932060405082608,0.4242075501348723,0.3693204640837558,0.29549510315151106,0.0
1876063.5,0.7439627647399902,22.340843200683594,0.47132838947594713,0.34097602786756803,0.19555447056917055,0.42426481911714964,0.3690193346425973,0.291194180121263,0.0
1851608.625,0.3256354331970215,2.7462947368621826,0.4711908211251233,0.33498634476593475,0.19090444239643578,0.42410831524211273,0.3679994467822409,0.28791132040460554,0.0
1860765.125,0.973705530166626,23.731765747070312,0.4707002548280378,0.33952824356639816,0.20452340546290843,0.423829737819919,0.36864303296442646,0.29875701379482456,0.0
1851564.125,1.4477226734161377,42.24310302734375,0.46867951364397814,0.33354412524398663,0.21498020534935441,0.4235437757858829,0.36602461918924745,0.30866620307512554,0.0
1860022.0,1.4592047929763794,112.47329711914062,0.4667814655794673,0.3281604506716917,0.2046023836040883,0.42463856153667767,0.3667956167017861,0.3051898108506979,0.0
1808105.0,2.2587194442749023,118.50164794921875,0.45622720089872487,0.3204417708237008,0.20832213984335865,0.4234935920765982,0.3585459176805438,0.3101547678641205,0.0
1446701.625,1.9684993028640747,115.71602630615234,0.481566520427365,0.25138924342496966,0.1686743625390238,0.41755344058641375,0.3234008469527216,0.2961594493316931,0.0
1758800.75,1.3330827951431274,55.89772415161133,0.45522533622114913,0.3116228052368827,0.19387541908797332,0.4273738313638714,0.352064567415278,0.3056171950382547,0.0
1744437.5,0.9917749762535095,29.97743797302246,0.45656413945274243,0.3138643282615481,0.19275541608686664,0.42945732964115096,0.3527117898617468,0.30641988326492525,0.0
1720847.75,0.8962305784225464,42.54246139526367,0.45847852278039375,0.31913962699739806,0.18751416459120818,0.4311101089996623,0.357662754951681,0.30240381302277086,0.0
1650823.625,2.395489454269409,384.09979248046875,0.44989016938784276,0.30050085093510726,0.18339759106336528,0.4294095582808286,0.3487124437386283,0.3024873436926398,0.0
1644043.875,1.0925642251968384,41.56980895996094,0.44461532743658244,0.2954669650894997,0.18362577358942167,0.4273335716179438,0.34558953659556385,0.3025460423768261,0.0
1644422.5,1.427761435508728,45.11430740356445,0.44106988397214236,0.290599297904181,0.178861440038242,0.42535452886297326,0.34372069277901285,0.29922011217513306,0.0
1635661.0,1.5259594917297363,165.56460571289062,0.4380111034577981,0.28544629098773255,0.17791573827089702,0.42287869886155494,0.3393470384824822,0.29819310531766774,0.0
1628644.875,1.7572314739227295,205.82135009765625,0.43681938801023273,0.29319378397222035,0.18313252465823499,0.4200425173298145,0.34199367552028614,0.29703794377979403,0.0
1602182.5,2.651221752166748,211.73179626464844,0.44477031406481077,0.29175217397307535,0.1713076451354302,0.421377599335353,0.33898281889692444,0.29006403799997793,0.0
1671818.875,2.909762144088745,234.1733856201172,0.45436230465494243,0.3076728113680894,0.1724360133793371,0.42174362114381303,0.35117566818787016,0.2915142417156009,0.0
1462320.5,1.6528888940811157,101.21927642822266,0.4811595191657726,0.25085278030368163,0.16690939643308705,0.41874260512031986,0.32543457439204965,0.29533217759409197,0.0
1669836.5,1.4656105041503906,86.26520538330078,0.4599591263050622,0.3231695975762123,0.17477478666253965,0.4211412253721983,0.36167800321512733,0.29425560020087926,0.0
1757001.875,1.3779798746109009,77.99640655517578,0.46209505739039375,0.33044059623902855,0.17591956339581757,0.42255419867834276,0.3664572089722625,0.29650438715527583,0.0
1776305.875,0.28102657198905945,0.7700010538101196,0.4621840936176636,0.33328931349195995,0.17429830034652746,0.4228989526259141,0.3687489464341604,0.29425106181101796,0.0
1774961.25,0.33182770013809204,4.560760498046875,0.4629380935036837,0.33322780763117305,0.17353070126062348,0.4232572416599075,0.3679220248836479,0.2927644587747499,0.0
1774768.25,0.06725762039422989,0.04395506531000137,0.46362334807419026,0.33279887406880215,0.17349521093128434,0.4236229545567481,0.36725414744190715,0.29322177488196255,0.0
1781506.75,1.1775823831558228,54.82147979736328,0.46436880172050804,0.3333524924139267,0.17178378884815518,0.4238029570661221,0.3671787392222897,0.2913232938704864,0.0
1787524.625,1.464571475982666,159.08616638183594,0.4692430093484245,0.33733911264131544,0.1687179383122775,0.4248738339738269,0.36899546130778077,0.2857898408692651,0.0
1794799.25,0.1578175127506256,0.36591774225234985,0.4709222032730881,0.3383233843065229,0.17238652377152247,0.4250560912652824,0.36996479365936463,0.2868871546582035,0.0
1792739.875,0.14329127967357635,0.21290525794029236,0.4709098201529889,0.3387119972980868,0.17162346158073039,0.42471244730498037,0.3711775761240795,0.2878042604239925,0.0
1791308.25,0.31671008467674255,1.5765478610992432,0.47084210241697605,0.33873412961283017,0.1732270136217049,0.4247494706101585,0.3709216239771068,0.2893739403462484,0.0
1468199.875,0.7103789448738098,30.176555633544922,0.48137655913874,0.2511448840671058,0.16870406964897985,0.41895155185588173,0.3260202641788195,0.29574200804226985,0.0
1791961.25,0.11103830486536026,0.1436612457036972,0.4708060407969989,0.338649314291022,0.17445175577421326,0.4247678759940569,0.3707655320914673,0.29058717211874896,0.0
1791102.375,0.05169132724404335,0.0357721783220768,0.4708426987946175,0.3383890757201422,0.17456347813729775,0.424767965256863,0.3707328291454245,0.29097892304629847,0.0
1790643.375,0.02219315804541111,0.006764265242964029,0.4708526811710496,0.33834329289988097,0.1741449489476314,0.4247719082372486,0.3707196428748074,0.29070530828435925,0.0
1790695.25,0.016162507236003876,0.004304838832467794,0.4708531229478514,0.33835313822505614,0.17402766369444614,0.424772863654992,0.37073295073166657,0.2905250228345028,0.0
1790716.5,0.011092177592217922,0.002494104905053973,0.4708480314862853,0.33836147048792486,0.17407530210765146,0.4247683783474452,0.37073683322779505,0.29058559220121977,0.0
1790809.625,0.008270883932709694,0.002619692590087652,0.470840363303788,0.33837329754537,0.17408612534101509,0.42476799511660207,0.3707477950282247,0.29053033266363326,0.0
1792511.5,0.6356096267700195,72.11293029785156,0.4708190684700772,0.3383220184139728,0.17423220441590226,0.42474815356189083,0.37078960945537054,0.2907933583041957,0.0
1801048.125,1.291289210319519,92.06721496582031,0.4708502417839353,0.33565892499105054,0.1759924468839611,0.42408869086491674,0.37093475358215405,0.2948681922163426,0.0
1760818.75,0.48190629482269287,11.369294166564941,0.4716325842455719,0.33602860835308324,0.17991716883417957,0.42282917745997306,0.370986974074632,0.29999455156515886,0.0
1789239.5,2.368110179901123,466.7246398925781,0.47098138645297394,0.33673692808608957,0.18422335788184763,0.4231780114977777,0.369518374448128,0.30353598248402747,0.0
1474826.125,1.9766135215759277,289.7190856933594,0.4810364714397897,0.25189554248870744,0.1728199626153491,0.41878584768591554,0.32845213723133143,0.29929629308617345,0.0
1612173.25,0.8533965945243835,46.98740768432617,0.4554252026720237,0.27267618953969597,0.1780719990361591,0.41526007421730454,0.3484526591244657,0.2969337623315581,0.0
1828924.125,0.3164720833301544,2.904680013656616,0.46994467202152984,0.3314330406495564,0.1868206987296531,0.4214205674013698,0.36385137651140576,0.30678358900668756,0.0
1816588.5,0.46411046385765076,3.301732063293457,0.4700890560097669,0.3297322594233688,0.1856750732669023,0.42145432272638605,0.36330207769856687,0.3053403940843614,0.0
1794043.0,0.28986629843711853,1.3871263265609741,0.4704499705975089,0.32801953450311405,0.18296651511283699,0.421763304907309,0.36257899371794017,0.30348508748503117,0.0
1799739.625,0.5936434864997864,4.4762282371521,0.47084764582365773,0.3261356468741786,0.18204051994447198,0.4220813651644645,0.3623638280077649,0.30469557079831655,0.0
1788442.375,0.44620147347450256,7.6354265213012695,0.47069564707600475,0.32549067017464733,0.18090000286827532,0.4220174507191736,0.36210277328754514,0.30523195338656134,0.0
1790777.5,0.5589423775672913,8.389263153076172,0.4704543897389489,0.325361254938436,0.17739554267504087,0.4218383389200406,0.36264890529651184,0.3037075247204239,0.0
1794838.125,0.3922232687473297,6.837227821350098,0.4702283628000723,0.32505702142297344,0.1758900135074747,0.4216180214885318,0.3633719853609524,0.3036120368917079,0.0
1792280.375,0.2451062947511673,0.6931356191635132,0.47017870110429083,0.3241058077467953,0.1727451808132225,0.4215873203312541,0.3650153095390488,0.3022818859941242,0.0
1793721.625,0.44773542881011963,3.3564701080322266,0.470166814531958,0.3252016997974937,0.17497949000379512,0.42146674508673254,0.36458388219100857,0.30295384281884147,0.0
1800043.25,0.7081968188285828,9.45959186553955,0.4703853871266781,0.32654416602455605,0.17683700651103637,0.4214446602350562,0.36469957758180227,0.303913302630443,0.0
1461995.75,0.22850972414016724,0.6625375747680664,0.4803158820332405,0.2533813555074218,0.1743876525245708,0.4183709043950281,0.3277455472288599,0.2978457749797607,0.0
1781899.5,0.6102253794670105,7.468920707702637,0.47057168542676114,0.3262550669016256,0.17546023520012308,0.42136646638300684,0.36305565516009186,0.3004193309496503,0.0
1781294.75,1.2952641248703003,39.626304626464844,0.47122992513120987,0.32617571651586486,0.1746228768581443,0.42166029452334136,0.3616824003861015,0.2988538017387632,0.0
1790062.75,0.3125101923942566,4.585139751434326,0.4711946487356736,0.32917439689675226,0.17526342865618316,0.42185360155490126,0.36159553440449477,0.29898584740293216,0.0
1811463.25,0.26861557364463806,2.710336685180664,0.47115240236438444,0.3304844363077841,0.17351584714645907,0.4219690727333547,0.3618962211239638,0.2976022356095929,0.0
1808373.5,0.317802757024765,2.589252471923828,0.4714403951238568,0.33268170594641294,0.17389431095372476,0.4219753245765001,0.36285238338407333,0.2974647320288437,0.0
1813881.75,0.30381372570991516,3.3729965686798096,0.47133766812067435,0.3323203463240645,0.17565529253368406,0.4219962137836018,0.3627480761334799,0.2988120157796849,0.0
1825689.0,0.3987981975078583,5.711925506591797,0.4711040700246395,0.33202251270583094,0.17528284915441594,0.4219541259114852,0.3630150611960438,0.29818222370316994,0.0
1814403.375,0.38050350546836853,3.355752468109131,0.47095952955248094,0.3296653099916187,0.176685376053486,0.4219929017291045,0.36346787572081146,0.3015823724695393,0.0
1813285.5,1.2593351602554321,54.61045455932617,0.47069612158438684,0.3291616511586767,0.17955246757072912,0.42207671236212835,0.3634634876904862,0.3030071529928366,0.0
1838978.5,0.35992327332496643,1.3391507863998413,0.47034645107230433,0.32805410435936017,0.17405774690849918,0.4224094046094762,0.36394942985404,0.29448269564658963,0.0
1463911.5,1.1496174335479736,49.70507049560547,0.479958273800819,0.25372692596847135,0.17539544285009878,0.4180711743474729,0.328420896490168,0.29984485606230377,0.0
1838746.0,0.3920307159423828,4.686894416809082,0.4704626569753854,0.3280498798110186,0.17599496896043998,0.4223842673448798,0.3643744829986205,0.2964747270857824,0.0
1814049.5,0.514187753200531,4.1012043952941895,0.4707100170852086,0.328747704229094,0.17712477957564998,0.42228203278978665,0.3645065538420826,0.29789968982228887,0.0
1796229.25,0.5517586469650269,6.491604328155518,0.4707247083359923,0.32686050736497246,0.17993686137601325,0.4220424247810817,0.3645545079584222,0.30245847792939157,0.0
1808667.625,0.945338249206543,22.49993324279785,0.4710285491049281,0.32423124186171143,0.18179121047444713,0.42183648707195404,0.36390928836378933,0.3041089625556887,0.0
1802749.25,0.6943525075912476,12.826327323913574,0.4710438117870846,0.32592001361917544,0.18212354434479724,0.4216766130417414,0.3648317482408709,0.30405791911970365,0.0
1821984.0,0.695544421672821,11.355768203735352,0.471215836049829,0.32665393404474785,0.18138805666281718,0.4216999442043442,0.36554304115397845,0.30452437851169795,0.0
1846408.75,0.9083486199378967,17.840295791625977,0.47160995039515946,0.32864231801715454,0.1826863619322579,0.42195016840419586,0.3664460276198403,0.30655189314314424,0.0
1847226.0,0.5300925374031067,4.040529727935791,0.47150797950877654,0.32926055114906366,0.18243375282039914,0.4221498826001514,0.36651990406051693,0.3077135515246839,0.0
1832620.0,0.2797977030277252,1.7680439949035645,0.47127606534399685,0.3292923329980003,0.18297634916870253,0.4220559525496001,0.3663576943833997,0.3084788547816237,0.0
1844787.125,0.5399277806282043,5.785123825073242,0.47130047813274967,0.33079797155870766,0.18545736453449355,0.4220692758872596,0.366498545841401,0.31035086682475843,0.0
1525247.5,1.1525168418884277,97.31864166259766,0.47930006870644926,0.25531684381058944,0.1742797222513917,0.4173751486069185,0.329392242404347,0.30022542447243256,0.0
1860620.75,0.5640769004821777,7.927756309509277,0.47121907917640543,0.3303355314169905,0.1850439350486694,0.42217434866430914,0.3660043509901906,0.31001758047283157,0.0
1833488.875,0.7517073154449463,13.839943885803223,0.47133838552630825,0.3303204245219926,0.1808084561396493,0.42259413391116685,0.3666253011221641,0.3045828411372299,0.0
1794620.625,0.6120346784591675,10.717035293579102,0.4721347873000645,0.3298061045234002,0.18132304646483377,0.42276457269520856,0.36729390210714646,0.30742553384146365,0.0
1757646.875,0.9083814024925232,20.248371124267578,0.47182273187666696,0.32819540401132885,0.18148097947692637,0.4226584650371237,0.36656953467134107,0.30705819983993216,0.0
1723739.125,1.1865980625152588,36.0661506652832,0.47138501784408204,0.32424074181346374,0.17662503804824695,0.4225048141681627,0.3648407368112157,0.3034868171302053,0.0
1689727.5,1.2726237773895264,36.80730438232422,0.4719268459642049,0.3192019149742578,0.1659588112109326,0.42266849863609546,0.3646449203467699,0.2902744152610797,0.0
1688824.25,0.7356290817260742,17.958600997924805,0.47354814376530247,0.3159717362152127,0.15956141392567555,0.4233439383847852,0.3646217747951869,0.27743827631205104,0.0
1691730.75,1.2665083408355713,29.194229125976562,0.47461341853577566,0.31688434217099287,0.17830020937032867,0.42445669124756763,0.36712402279878315,0.30178314372136733,0.0
1711263.5,0.9055324196815491,17.622121810913086,0.4740508300301213,0.31826012274447896,0.18142197093552817,0.4248651340884261,0.36760828444107796,0.30599656429081945,0.0
1701782.5,0.8353816270828247,20.175498962402344,0.4741543677912383,0.3184051768802566,0.18234991389820282,0.4254265582444029,0.3677724487883433,0.3058766867794221,0.0
1529655.0,1.4894663095474243,55.842041015625,0.47719271466850544,0.25379042097677945,0.1705263149261898,0.41825292581715806,0.32868870840218534,0.2982912557638608,0.0
1698931.25,0.13116449117660522,0.25472089648246765,0.4742292698013778,0.3184028293992676,0.1810958277781039,0.4256187291207793,0.3676685025414849,0.3028851174975914,0.0
1696742.25,0.17295876145362854,2.329322338104248,0.4741996437630247,0.3185781724959674,0.18162722561559702,0.4256567641791193,0.3676723252475589,0.3040650991157157,0.0
1701540.375,0.7640419006347656,8.773937225341797,0.4746911696019398,0.3191071985685713,0.18779547435136976,0.42580387468883485,0.368415977310801,0.3136955517190971,0.0
1714172.75,0.6373805403709412,27.660659790039062,0.4750613833106787,0.31655933036519546,0.18987604690074109,0.42590797802136426,0.36805714254236804,0.3161072929686276,0.0
1728747.25,0.6403942704200745,10.096224784851074,0.47505860244427256,0.31416301341958636,0.19168306454390482,0.42610363539538554,0.3675697583875397,0.3191800298168533,0.0
1718702.0,1.1616536378860474,38.88579559326172,0.4748133839198923,0.31620925051781656,0.18698153631919906,0.42616742557309323,0.3674620655005897,0.3086543327924323,0.0
1714181.625,0.837412416934967,17.732622146606445,0.4745407454596313,0.31910811975735065,0.18255527947083697,0.42612848928621877,0.36752896668924606,0.294252039942941,0.0
1734328.5,0.6070625185966492,9.89063549041748,0.4744559044174154,0.3177416388121573,0.18223012686092147,0.4260760471052623,0.36714184559483093,0.2905348744125617,0.0
1718177.125,0.7207282185554504,12.38160228729248,0.4747268079121518,0.31890682761959427,0.18373593554325568,0.42597452127534713,0.3667994559907823,0.2938196718811577,0.0
1723440.0,0.44713854789733887,4.318980693817139,0.4750480124816012,0.31761517756881824,0.18355934263691248,0.42572625069603154,0.36529636583529285,0.2944347355384552,0.0
1543805.0,1.268678903579712,45.04925537109375,0.47539984801694946,0.25378828063971604,0.17058820624103768,0.41933530270894626,0.32736008795996535,0.29739421958447193,0.0
1728195.25,0.533302903175354,7.974728107452393,0.47530140306351926,0.3167270021181164,0.18065629802142313,0.4255503655380685,0.364644188727151,0.28866729143000724,0.0
1677471.0,1.6448066234588623,551.6240844726562,0.47739307036549494,0.3151213424924776,0.1802181639968286,0.42456504536830525,0.3647947224816486,0.28764340829825646,0.0
1640416.25,0.4114163815975189,4.360383033752441,0.47930973822931977,0.3129808134897567,0.18468434239593665,0.4236196049394269,0.3659376325066024,0.29989751445011176,0.0
1611900.375,1.2062227725982666,75.69263458251953,0.4793022684296371,0.31316344816172026,0.18504002040664366,0.4231861210929254,0.36619228499043943,0.3055743217648059,0.0
1633012.75,1.1682498455047607,54.65716552734375,0.47936748667061707,0.3153973464923165,0.17638889248036532,0.4230102969367545,0.36448671219840095,0.2850721332016186,0.0
1608544.875,0.9269278645515442,45.38588333129883,0.4795188879903823,0.31495893048872625,0.17101472158292144,0.42286060892476385,0.3615733162774812,0.2755089423115032,0.0
1608912.25,1.689278244972229,126.8411865234375,0.4803041239980742,0.31363168750082393,0.17054384377536663,0.42212543264040175,0.36108812927264633,0.2750763583984539,0.0
1631678.25,1.4593549966812134,49.56454086303711,0.48166514993716436,0.3166756593934289,0.16743070288639111,0.4206880246742059,0.3589574834019751,0.26386395168685955,0.0
1631487.125,0.7408888936042786,16.303770065307617,0.48205148631163613,0.31492925297001007,0.16069704528087708,0.41981358705423644,0.3580263793585224,0.2501561507392908,0.0
1636426.25,0.8940150141716003,13.388530731201172,0.4821401130100228,0.31534859801403237,0.16011216118947186,0.41965316304742645,0.3579935464965735,0.250014179339356,0.0
1586558.5,0.5541552305221558,23.02353286743164,0.4746040896883691,0.2529083740999226,0.1691318118608089,0.4197388123032328,0.32661229003734954,0.2958845368506417,0.0
1653245.75,0.7101844549179077,14.742091178894043,0.48217583943097814,0.3155319185424822,0.16476725566429962,0.41975372308340153,0.36037866998112267,0.25847373726504624,0.0
1668452.875,0.8129542469978333,37.4556770324707,0.4822900738221919,0.31524460635503093,0.16601748807868832,0.419648306476557,0.359531935236863,0.25803461631732344,0.0
1670483.5,0.7421503067016602,18.30370330810547,0.4820676902276423,0.314602616295076,0.16330843810937432,0.4194396432685108,0.3587857430209804,0.2535757269323379,0.0
1616319.625,2.157942533493042,401.0162353515625,0.48263097608683386,0.31943775728440754,0.16657888828468775,0.4189055420184679,0.35836996794669956,0.258647819033745,0.0
1610280.25,1.1790132522583008,61.13056564331055,0.4828096821801901,0.3213782009783767,0.1693589526872227,0.4187102625153543,0.3597373449102202,0.26456216014265255,0.0
1626854.5,1.2052801847457886,59.770809173583984,0.4825078501995916,0.31857653079230375,0.1691249525081536,0.41901866745745264,0.3597386007065932,0.26698166724589445,0.0
1632240.0,1.5159766674041748,88.1968765258789,0.4823520950382964,0.31984715584539547,0.17526844958761933,0.4189780589518878,0.35949931344372255,0.2767392011277259,0.0
1641656.375,1.2693897485733032,38.005889892578125,0.48266213999033686,0.32119669171267573,0.1702840845429076,0.41880210461743866,0.35771463017860405,0.26118401512261985,0.0
1637245.5,1.6327019929885864,63.84915542602539,0.4821858364643127,0.3189861974741598,0.16860177878519736,0.41949052728720015,0.35730876988741395,0.2567914406178211,0.0
1636556.875,1.3971178531646729,66.623046875,0.48218853444698495,0.3165493284346375,0.16407892390877465,0.4205029192877051,0.35673090357294446,0.24770311277303514,0.0
1590987.375,0.07066629827022552,0.05911139026284218,0.47454609239774503,0.25261671842738537,0.16887386806948124,0.41977116101047734,0.3265253304025678,0.29618970016506574,0.0
1645133.625,1.600077748298645,138.5543975830078,0.48352491985786183,0.31614716480622795,0.16033221574077022,0.419848179995648,0.3557179557641227,0.23814591527756002,0.0
1661683.0,1.1433976888656616,42.19417953491211,0.48572499741635783,0.3174074261681968,0.1590887458453333,0.4177657748483877,0.35294622770934647,0.2311577870272973,0.0
1661080.625,0.813291072845459,27.376815795898438,0.4862119212731046,0.31830930815043385,0.16144735698840135,0.41713758095490483,0.353706572472847,0.23551905041241225,0.0
1649886.25,1.4512442350387573,74.75831604003906,0.48543409962453343,0.31799190336226274,0.16601735382609267,0.4170042954840938,0.3560151807852856,0.24696233013252106,0.0
1725529.125,2.616638660430908,312.58251953125,0.4812588561951852,0.3173904166033227,0.17105203792855916,0.41973535012791574,0.3563528537680821,0.2600009929797168,0.0
1752599.625,1.6098432540893555,121.18282318115234,0.48099398186755704,0.3197472306429598,0.17676529780621636,0.42032928087014304,0.3557843212198424,0.27225147444827297,0.0
1746742.5,1.338235855102539,94.76031494140625,0.48089805079019265,0.3194683889154597,0.17293236954949043,0.42110013019483855,0.35669582099853075,0.26273214401586736,0.0
1702095.0,1.3366706371307373,129.45887756347656,0.4796904138700054,0.31889658025421347,0.16825574728640286,0.4217779035366568,0.3562795035091384,0.25785576914365504,0.0
1755382.75,0.7979080080986023,21.641748428344727,0.47889194439042493,0.31920172160468946,0.16826188162870484,0.4222560788834226,0.35663437816869015,0.2591574704395677,0.0
1722141.0,0.6574570536613464,20.84732437133789,0.4793002816132939,0.31977574731178104,0.16966283907816226,0.4222175982055165,0.35681079946335087,0.2608850179407616,0.0
1592111.75,0.05656258016824722,0.044696249067783356,0.47454564373144004,0.25260338116757747,0.1690938446884728,0.4197824382191739,0.32654301788886186,0.2960870733603561,0.0
1738355.0,1.4146723747253418,55.066123962402344,0.4798248265138265,0.32101821910637446,0.1738278964694888,0.4222589838769212,0.3564828514553682,0.2652613358473913,0.0
1719461.75,0.7613554000854492,45.96583938598633,0.47819021125527006,0.31937834563572004,0.1730109530774312,0.4229735466447335,0.357007824770393,0.2667606110770603,0.0
1778937.25,1.1292660236358643,48.91994094848633,0.47438438298338476,0.31540854814028524,0.17114342850862818,0.42441484895934556,0.35848974437150916,0.2648667250415189,0.0
1755243.875,1.6272022724151611,79.27052307128906,0.47202168879154993,0.31372450529267726,0.17001625713819243,0.4253129701224766,0.35781329026687375,0.2658114161484983,0.0
1750323.875,1.805342435836792,51.315826416015625,0.46928815331521245,0.3124232078028446,0.16235205197298705,0.4259805091138885,0.35910109264801937,0.2517722833365384,0.0
1716846.5,0.6315190196037292,18.490785598754883,0.46829193911171463,0.3133992523610319,0.16329330055507962,0.4266654175021515,0.3581334009500106,0.2552880870066036,0.0
1735020.375,1.2901051044464111,63.25446319580078,0.4660713822604926,0.3090109388514246,0.16288613536681354,0.42775246944424894,0.35838471857737886,0.2591340295413221,0.0
1736566.25,1.178444504737854,35.45273208618164,0.46541530804840947,0.31012740690960566,0.1645077897285892,0.42851170579306375,0.3582925861182416,0.2614286362840699,0.0
1693769.0,0.8603330850601196,31.488319396972656,0.46539698894716397,0.31086663378170143,0.1659086699698851,0.4287794149966829,0.35870948610655945,0.2637566199430175,0.0
1656699.875,0.876613199710846,19.171167373657227,0.46625330799738174,0.3115795714585024,0.16458087124867857,0.4288650034364124,0.3580389568981179,0.2635346891634333,0.0
1592253.375,0.2658223509788513,2.207730770111084,0.47457008130208567,0.25300513775692063,0.1692613688543455,0.41976290606071426,0.32619065158489613,0.29557504162371623,0.0
1699889.625,0.9447551369667053,22.562747955322266,0.46725994404027993,0.31363055850467025,0.1676203599084835,0.42819380940408475,0.3578827491279,0.26797453599500676,0.0
1677064.25,0.8824173808097839,9.375262260437012,0.46898343497049977,0.3137050239930226,0.16457874172819423,0.42726708397962404,0.3573709382056801,0.26103576042035853,0.0
1704368.75,1.082821011543274,34.0068359375,0.47072963541004026,0.3138979871887845,0.16611546609485783,0.4259126857445892,0.3576469169928686,0.2624405693978379,0.0
1766536.5,1.9599522352218628,146.45594787597656,0.47255111710578784,0.31414556998527476,0.17324455795648805,0.4247891380962995,0.35968983460099785,0.27399071959332144,0.0
1757547.125,1.6310291290283203,134.2600860595703,0.4757717422520224,0.31981459739890356,0.1821546910488553,0.4238149601845018,0.3645851922593263,0.29104805145468504,0.0
1697101.75,1.161513328552246,20.147640228271484,0.47765888094274134,0.3242815733752172,0.18319542285050436,0.4234473759967792,0.36666886507770363,0.2922067671400761,0.0
1657198.5,0.9264564514160156,21.02748680114746,0.47684320905611655,0.3199542167131509,0.18410039810055073,0.42339530178958645,0.3678024876183362,0.2987159886319159,0.0
1617009.0,1.5908324718475342,110.54492950439453,0.47635900791374375,0.31915022253039027,0.1924264253754101,0.42323550688859835,0.36796495390631956,0.31528426844185176,0.0
1568107.125,1.319195032119751,24.391584396362305,0.4756978770640893,0.3194135629326259,0.19324993350197592,0.423523443808581,0.367920716381159,0.31474374994832377,0.0
1574711.875,0.9555577039718628,16.01812171936035,0.4754008690307312,0.3193438755736811,0.18880869750623694,0.42374048598790154,0.3678839802100198,0.3087496198637291,0.0
1591974.75,0.002355306874960661,0.00031977813341654837,0.47457530710050166,0.25321243250669817,0.16946150469506105,0.4197477129400192,0.32594551622924417,0.29525658453568987,0.0
1600015.5,0.907525897026062,32.73420715332031,0.45586470674187335,0.2716810374183694,0.1800049314965334,0.4154509119602016,0.34523947602549476,0.2987848445824121,0.0
,0.3029249608516693,1.5735502243041992,0.603501862925384,0.35965045226353604,0.29159136345380327,0.36647293325264785,0.3082812001106753,0.26940798369158914,0.0
406325.625,0.20766332745552063,0.4344994127750397,0.5872664786634474,0.30195081292244264,0.23402220143991959,0.3722251821882935,0.319755938196868,0.2588504059146389,0.0
406085.59375,0.28031113743782043,0.7786821722984314,0.5873716487074805,0.3023016758308135,0.2340513847776102,0.37223321296163786,0.3191750078504511,0.2580919004513833,0.0
405116.0,0.35130441188812256,1.1976032257080078,0.5877681695685136,0.30225331430019686,0.23370800345312318,0.37213775456286907,0.3188998503954566,0.2574279764590271,0.0
401063.53125,0.25915491580963135,0.6649142503738403,0.5877454627856856,0.30103845224334325,0.23319422601175321,0.37214049626167106,0.3179415625864377,0.2565885158885109,0.0
402055.1875,0.24456855654716492,0.7102228403091431,0.5876284172656455,0.29984108752186445,0.2329026675855812,0.3721664322569625,0.31795425024022356,0.2574643908480451,0.0
400378.8125,0.2564605176448822,1.2256474494934082,0.5877748708397628,0.30036132502273444,0.23337173209242437,0.3722478947491236,0.31622407715526074,0.25610904241477267,0.0
398286.5625,0.3864750564098358,1.81905996799469,0.5879940853765182,0.3005243115172735,0.2325271381492277,0.3719248206290095,0.3144754321357606,0.2531174153107851,0.0
395675.8125,0.2431662380695343,0.7333040237426758,0.5882873726478303,0.3000681085939887,0.23057574344762397,0.37172348437225916,0.31372242932373784,0.2497975715660297,0.0
395208.375,0.27491164207458496,0.9762471914291382,0.5878991170585358,0.29980439863921987,0.22909368762583474,0.3717114570275749,0.31271557040942033,0.24712346823492026,0.0
391446.375,0.19742794334888458,0.5332437753677368,0.5877559715655781,0.2999418700221439,0.22887358446078793,0.37159374232246023,0.3130670158748607,0.24673493557847997,0.0
629440.4375,0.2280881404876709,0.6514434814453125,0.6079911764451169,0.3716405923545967,0.307029878112978,0.36563323002394643,0.31080453242927114,0.2792922553367515,0.0
386478.96875,0.39173775911331177,1.9347389936447144,0.5890588955665289,0.2989084173303008,0.2258783354272843,0.37115241722065656,0.31284820737280783,0.24366100048190362,0.0
384829.8125,0.1261100023984909,0.2598576545715332,0.5896032054676665,0.29861398356430147,0.2243215493152793,0.3710966901299696,0.31280614408028334,0.24165068264362838,0.0
382475.0,0.3743233382701874,3.940110206604004,0.5903726308579983,0.301025883932557,0.22420754050017383,0.37106856062280863,0.31152807619226136,0.23755620766353108,0.0
379952.125,0.21973854303359985,0.5677561163902283,0.5908858337741525,0.3016488860731074,0.2240643765317367,0.37100423702541346,0.3109389018804048,0.23602294089291134,0.0
383476.84375,0.3316194713115692,1.0068025588989258,0.5914063889826693,0.3011790470023072,0.22562630632356231,0.37074456890574464,0.30924813573062826,0.23687969677019466,0.0
382836.40625,0.24369670450687408,0.8001274466514587,0.5915760979794127,0.3005360572626872,0.22446048664305238,0.370679550326274,0.308701847642614,0.2356409018847438,0.0
382523.4375,0.2702714502811432,0.902686357498169,0.5917985222445539,0.30085906450649175,0.22442133374790743,0.3706014888234131,0.3087494841671506,0.23540793723589554,0.0
383894.53125,0.31346848607063293,1.0055465698242188,0.5924512018396269,0.3012420523742895,0.22473615872597397,0.3706085188983401,0.3078070082387067,0.23451971689396042,0.0
390980.59375,0.3003649115562439,1.02360999584198,0.5937329480461991,0.3014953206661308,0.2272874469409622,0.37075103462954,0.3071505690602941,0.23662976999769905,0.0
394626.59375,0.28334012627601624,0.8901007771492004,0.5939513359410576,0.3024653355137432,0.22805250452283338,0.37082837915985056,0.30809723287490903,0.23740924418122697,0.0
623744.8125,0.4739757478237152,3.160872220993042,0.6083451195583838,0.3717292458587072,0.3070313514303943,0.36552217221298205,0.31088036058284024,0.27916661111517804,0.0
396841.46875,0.23608234524726868,0.6617909669876099,0.5941166470474658,0.3038159845979676,0.22873139586430263,0.37082103099698577,0.3069764221287918,0.23649408562446642,0.0
397189.9375,0.2815715968608856,0.8124437928199768,0.5942649354669943,0.30502563993703713,0.23012399473711148,0.37069223848537386,0.30666781374233887,0.2366438650445628,0.0
396519.84375,0.23660509288311005,0.7557199597358704,0.5946450612658221,0.3048780389548098,0.2292747796987799,0.3705882828359886,0.3078540248155985,0.23636891543795494,0.0
395633.25,0.25662437081336975,0.8319380879402161,0.594697190001777,0.3048423655776425,0.22879889436821887,0.3705898358562983,0.30924258889603773,0.23670751600706771,0.0
397826.4375,0.1975754201412201,0.47701236605644226,0.5946302827361716,0.3061969418461637,0.22987026504343308,0.3705684737347328,0.30912124185853446,0.23689825704944772,0.0
405514.3125,0.4585098326206207,2.230944871902466,0.5954046272277864,0.30817237820455146,0.2339886209080612,0.3704557689009424,0.3085823693097308,0.239869998639143,0.0
413211.46875,0.26113298535346985,0.7714236378669739,0.5954506310422425,0.3100665026512207,0.23664356263328037,0.370375310345053,0.30700335063030043,0.24059011230871297,0.0
413920.125,0.28310102224349976,1.5183095932006836,0.5956217371587893,0.30931067837891774,0.23658494728068813,0.37034987174685513,0.30731985922254296,0.24162596399195072,0.0
413499.25,0.22535115480422974,1.20523202419281,0.596609321402971,0.3077901463805838,0.23559405252895915,0.37042819968198915,0.30778546106519106,0.24208554565215296,0.0
414161.1875,0.25334563851356506,0.6709973216056824,0.5972157008514791,0.30745093390805545,0.23460102040068967,0.37010503556702673,0.30836687330334833,0.24139783076824436,0.0
623725.625,0.28997868299484253,1.503747820854187,0.6082631683319935,0.3745891116968685,0.30804163069286145,0.3655778963923436,0.3094611800083781,0.2770661327191737,0.0
414584.28125,0.10657500475645065,0.31567737460136414,0.5970049236971519,0.3075087812531772,0.23507109351946487,0.3700563962943379,0.30901072917825856,0.24253938818450851,0.0
414841.71875,0.35216838121414185,2.9963550567626953,0.5968946300214494,0.31090194921959924,0.237506815244933,0.369930748210224,0.307807786855746,0.24221479264749826,0.0
414431.3125,0.2780221998691559,0.8636546730995178,0.5971094782952625,0.31167186363577776,0.23843637767870682,0.36989638516630935,0.30748837208787144,0.2421144898107366,0.0
419898.625,0.2959880232810974,0.9710155129432678,0.5979366646245562,0.31232740589336366,0.24081310757002003,0.36983278624654636,0.30655570901960866,0.24338144934177047,0.0
422881.78125,0.3057158291339874,1.7272824048995972,0.5977249015074926,0.3137745199797973,0.24241262540378705,0.3697540126338031,0.30586257649937454,0.24392657514474356,0.0
423537.90625,0.2158093899488449,0.6219672560691833,0.5977720147875607,0.3154566319630369,0.24293657295662194,0.3696875669531145,0.30553140780048704,0.24313187987733714,0.0
423623.125,0.38695669174194336,2.308962345123291,0.5986051219960211,0.31728339906048786,0.2435333475329877,0.36950658459195307,0.3059622619171755,0.24224172344955944,0.0
423486.125,0.2869914174079895,1.24606454372406,0.5991427624702084,0.3174569038244058,0.24304631564817322,0.3694074211009223,0.306329769436917,0.24160222840669923,0.0
424329.71875,0.3139379024505615,1.1327953338623047,0.5985667524189439,0.3181843368518694,0.24370716843231044,0.3693064032484307,0.306239117149497,0.242212072036307,0.0
425932.40625,0.21085618436336517,0.4721020758152008,0.5987892311090481,0.3188421805593088,0.2444918614852209,0.3692901957257152,0.3065055436053209,0.2429349583172472,0.0
626073.875,0.2711507976055145,1.3880352973937988,0.6079843704538787,0.37693179646577035,0.3092541759549788,0.36559290298167596,0.30871664070608645,0.2756314360849439,0.0
427348.125,0.3695468306541443,1.3391963243484497,0.5997182436782277,0.321417803354928,0.24573814426254134,0.3691380178524709,0.3070074628271764,0.2414922682329794,0.0
428139.9375,0.2122872769832611,0.5224093794822693,0.6000524036810222,0.3220295714463755,0.24586114400612738,0.36900860786064227,0.3078021234441501,0.24102196040113943,0.0
426703.40625,0.2704245150089264,0.9593671560287476,0.6003892494278378,0.3212807612507455,0.2459856045213862,0.3690068653730363,0.3078812878163739,0.2415612123825595,0.0
427108.3125,0.26208364963531494,1.097510814666748,0.6006343291373518,0.32219342792003214,0.24681891430062444,0.3689591910159954,0.3072694708084236,0.24099054886451757,0.0
435484.78125,0.352523535490036,1.3963128328323364,0.60144548124428,0.32702317938639464,0.2512695524213963,0.36874631656914375,0.30571968073451883,0.2407352278031044,0.0
436465.28125,0.19946569204330444,0.4535897374153137,0.6015974569063043,0.32857584655188593,0.2531892895676305,0.3686717503447217,0.30565719955914145,0.24165223621565257,0.0
437648.9375,0.2658371031284332,0.9657546877861023,0.6015213994129407,0.3299007531841284,0.2546822873874593,0.36863897976690413,0.30571887682264715,0.24243509859766865,0.0
437579.53125,0.2241193652153015,0.626646101474762,0.601725351237759,0.329585433926933,0.2544413909686804,0.36852571569699527,0.3052703940123932,0.24198793221645698,0.0
443028.40625,0.22183531522750854,0.6968647837638855,0.6024874190510946,0.33211108821307056,0.2571437945279091,0.3682921215689691,0.30628453070214323,0.24353435865765666,0.0
446405.5625,0.36958518624305725,4.302761554718018,0.6026347286571417,0.33361034346396673,0.2587111701485111,0.3682716272796316,0.30521898187567936,0.24310200648033184,0.0
631582.625,0.3210090398788452,1.5993634462356567,0.6079709068253457,0.37763612547272085,0.31002217014646777,0.3655781930934436,0.30849723980330485,0.2759261014370459,0.0
457724.9375,0.20021715760231018,0.5384262204170227,0.6035774923647359,0.3352561517693894,0.2608147904430418,0.36794544368770493,0.3029398874843511,0.2432316379387075,0.0
466338.9375,0.4078475832939148,2.168346405029297,0.60484077495019,0.33797914532490836,0.2656367383020055,0.36773982624803575,0.30228082283513424,0.24608016529133425,0.0
470279.15625,0.26118993759155273,0.8364161252975464,0.6055699887540452,0.3385002151895064,0.26777877094271835,0.3674649408562473,0.30312348765794483,0.24914953660905,0.0
476318.6875,0.330193430185318,1.4010071754455566,0.605811348928421,0.34192917087859714,0.2708005604608014,0.3675137377343544,0.30391987153992095,0.2503567644512686,0.0
487219.0625,0.2561287581920624,1.6804841756820679,0.6057988638609502,0.34591223007937816,0.27442336117695726,0.36749923948124397,0.3027619748926995,0.2503827250371468,0.0
496777.1875,0.49373936653137207,3.486980676651001,0.6055625722818838,0.34887692520210134,0.2774115783411466,0.36720218984144115,0.3014882014083637,0.25093234508749196,0.0
501589.28125,0.30734238028526306,1.072514295578003,0.6055874482536433,0.3505267495214685,0.2785526706925681,0.36702930418153656,0.29962448439927936,0.2499004528812323,0.0
498714.53125,0.3215090334415436,1.2241158485412598,0.6058285216488855,0.3493027165148261,0.2791446555557496,0.3670533253010474,0.30088687541030495,0.2519506349420229,0.0
500853.09375,0.3970697820186615,2.6401755809783936,0.6062547582073425,0.3496926954271976,0.2795810952504826,0.36714135850922813,0.3005646111245912,0.251987305271743,0.0
514251.0625,0.2889293432235718,1.2026175260543823,0.606924610091679,0.35103111885567173,0.2813280134609935,0.3671954397046701,0.30198021553426246,0.2548886752537207,0.0
634563.375,0.3218896687030792,1.2660045623779297,0.6086740362032456,0.3772956516881184,0.3101930164975208,0.3652887080042631,0.3081494146412502,0.27780831156548536,0.0
518763.0625,0.29993486404418945,0.8020092844963074,0.607252695683972,0.35153663081859016,0.28207698199836045,0.36717442961610985,0.30248128018163306,0.25647452740009735,0.0
522851.0625,0.24175982177257538,0.545867919921875,0.6072661170381977,0.3524451966737359,0.2844412555800866,0.3671433883169493,0.30150795162582295,0.25745730822404933,0.0
523990.40625,0.16871169209480286,0.36545899510383606,0.6072456628846191,0.3528846906026173,0.28512459206975344,0.36717142181200557,0.3012890251144246,0.2576537916528983,0.0
525134.125,0.15708725154399872,0.3358091115951538,0.6071408732489154,0.3525726206991245,0.28447104956658037,0.36716970625180695,0.30166317384339475,0.25761117716557397,0.0
528138.3125,0.2930169701576233,0.8362399935722351,0.6070672294875009,0.353352415692968,0.28483846065217855,0.3672558958907235,0.30181116014880593,0.25753701028754306,0.0
531172.4375,0.24124900996685028,0.5818696618080139,0.6069888768072321,0.3560323035266902,0.2878499405713358,0.3673556689123237,0.30185667171706604,0.2586238584312803,0.0
532775.25,0.1759558916091919,0.4915131628513336,0.6069859317618331,0.35741746222220505,0.28947802992625493,0.367410997151276,0.3020618359066869,0.2591906971052164,0.0
534682.3125,0.17457513511180878,0.6022303700447083,0.6069436646900249,0.3578147548306394,0.2896699300633713,0.36747403662985434,0.30170568168433215,0.25891645805787505,0.0
539893.375,0.34042611718177795,2.758594512939453,0.6070226932732945,0.3582024743934561,0.29058673198762086,0.3678084635347459,0.3020742436632083,0.26037957358227837,0.0
543005.5,0.22384367883205414,0.8488705158233643,0.6074810845745284,0.3573689979522139,0.2912764883671075,0.36796934247331375,0.30281732476431317,0.2631205033244788,0.0
636903.375,0.16745616495609283,0.7932710647583008,0.6086972968533846,0.3774264724388974,0.31074113327395203,0.3652156896598056,0.3078174320293709,0.27818457396236296,0.0
545091.4375,0.1817275881767273,0.4585038423538208,0.6075665631829207,0.35752216586562413,0.29159314740582576,0.368102112077563,0.3031594447663495,0.26387045074359844,0.0
549082.6875,0.33098235726356506,1.4173444509506226,0.6074777331106924,0.3584101114805372,0.2929529962433391,0.368255244113933,0.30366529211403537,0.26523245207409135,0.0
555712.5,0.37334439158439636,2.3341684341430664,0.6072081096729476,0.3594424822445517,0.29542163393149345,0.3685886171713629,0.3058750718440989,0.26975715811212314,0.0
556858.25,0.1927832067012787,0.43322572112083435,0.6072760859220643,0.3599119098513423,0.2964856047112016,0.36858836775307113,0.30690935341732684,0.2712828729083311,0.0
555696.75,0.21319755911827087,0.6629341244697571,0.607266006491818,0.35879574872616293,0.29533760085931793,0.3685782763485302,0.3076161405891686,0.27146733871246426,0.0
557119.375,0.2935265898704529,0.7948909401893616,0.6068339962822148,0.35896164834868904,0.29447902416903354,0.368569732321896,0.30794827823801346,0.27051087384038297,0.0
556380.875,0.2819911539554596,0.7979913949966431,0.6063533355813028,0.3590114048331277,0.2940365829922826,0.3686884791371859,0.30719809567689665,0.26877763426829687,0.0
553137.9375,0.2186279296875,0.5511855483055115,0.6060300405240941,0.35817247995316637,0.29254834192514145,0.3687318093601786,0.3071329025724687,0.2674020593464911,0.0
554392.375,0.23294906318187714,0.5709543228149414,0.6060611126818385,0.3581973678903727,0.2928834188243151,0.36875845493635,0.3069027781678659,0.26780654100563656,0.0
556583.6875,0.35178104043006897,1.4936283826828003,0.6055852797276492,0.35796370537789357,0.29272263665581244,0.3689830740521231,0.30814312092814206,0.2683461146244649,0.0
634428.0,0.13419410586357117,0.30620506405830383,0.6093860061579691,0.3766134132599135,0.3102786359207696,0.3653227261155708,0.30834236667986487,0.27900528827376697,0.0
558532.5,0.26712432503700256,0.7394378185272217,0.6054179293904127,0.35972912373766774,0.2941621307434108,0.36907745498000416,0.3079478559399498,0.26876073901718217,0.0
557052.5,0.20730584859848022,0.4974190294742584,0.6050981477697298,0.35928590364930096,0.29373252807942574,0.36901483747254105,0.3071334201982422,0.2682002238376096,0.0
554616.8125,0.22649693489074707,0.5625367760658264,0.6050329334170623,0.3584154917592869,0.2933547648981782,0.3689509950019657,0.30806891854517104,0.26937643065714345,0.0
549175.625,0.2816678583621979,0.7896291613578796,0.6047784759218613,0.3563942750283652,0.29036534951833626,0.36894546531979655,0.30873997888303684,0.26815190636723407,0.0
546018.1875,0.20295733213424683,0.479302316904068,0.6046141167799788,0.3549413263825154,0.2882557281197687,0.3690172756618445,0.3085817262081379,0.26698333984230094,0.0
543375.75,0.13421322405338287,0.2504645884037018,0.6047790614272461,0.3538191785157692,0.2877783716197285,0.3690209685648887,0.3083506911387594,0.2672213663985271,0.0
544702.0625,0.12965495884418488,0.3128279447555542,0.6044378702877501,0.3540298910419119,0.28823342297627885,0.3689538189069636,0.30812219876516417,0.2675455686630165,0.0
544657.625,0.4280067980289459,3.555828094482422,0.6037477414383523,0.35375751653115906,0.28756068365665105,0.369056633015336,0.30703766311602,0.2657638462286658,0.0
544631.6875,0.23679503798484802,0.8220414519309998,0.6034036651302686,0.35344905290321393,0.28793361413403584,0.3691501158883982,0.3057770292826388,0.265254144057563,0.0
542906.1875,0.2591986656188965,1.045838713645935,0.603102375129135,0.35222640093795204,0.2864725061370652,0.3690784007859397,0.3057600559776353,0.26438112652691187,0.0
628905.125,0.41581955552101135,4.255622386932373,0.6096646919522741,0.375924483570561,0.3103669010765443,0.36524144583885115,0.30793677753386134,0.27935698565839784,0.0
535617.5,0.38638702034950256,1.4026423692703247,0.6024413119310118,0.34948730715995924,0.283481235270567,0.3690031560614839,0.30610110933982904,0.26363064366256966,0.0
528356.625,0.30440258979797363,0.9391161203384399,0.6019692769786014,0.3482073504751646,0.2813707621730915,0.3689894779557151,0.30597816818712775,0.26268050990872915,0.0
524586.75,0.21578985452651978,0.510624349117279,0.6020246901324067,0.3470878903956982,0.28030858967933026,0.36910888569722156,0.3064465481837652,0.262531457581336,0.0
524939.625,0.17703811824321747,0.3787156641483307,0.6018884444639625,0.3468824665696775,0.2810305306932977,0.36915371296411575,0.30671967197582545,0.2639063628708447,0.0
524429.0625,0.3085862696170807,0.8618661165237427,0.6019348599949212,0.3470368248114898,0.2819577192164676,0.36924664301394744,0.3071444444285602,0.2653791550605257,0.0
519509.46875,0.23183920979499817,0.58360356092453,0.6021942156835437,0.34471250251368585,0.28027465537599405,0.36934250837643534,0.3065864204008734,0.26438822959360975,0.0
518324.40625,0.2039203643798828,0.4846053123474121,0.6022015067693034,0.3433906816627343,0.2793855205200573,0.36937307896906874,0.3060793948215291,0.2641901045361818,0.0
521179.1875,0.2994087338447571,1.0972646474838257,0.6021839029251059,0.34376112135259695,0.27958245097153855,0.3694238297369838,0.3061423578361835,0.2640118105944109,0.0
526248.0625,0.28285422921180725,0.8129155039787292,0.601887524328466,0.3464452824321984,0.2809252698507723,0.3697063262604416,0.30879930085467444,0.26628617796478665,0.0
526774.625,0.22585393488407135,0.5639289021492004,0.6017476429564845,0.3465199198942456,0.2808108794959603,0.36970004694940917,0.3088441643160116,0.2663962225578302,0.0
620315.9375,0.24324975907802582,0.6466984152793884,0.6097557571309687,0.37393005921091216,0.30964157013619675,0.36500485573075825,0.3073147258602077,0.2797750072460755,0.0
590539.625,0.6708292961120605,4.061308860778809,0.6036581228804984,0.3605564585891523,0.2927352401661946,0.36643837327243767,0.31040744791490127,0.271049015394499,0.0
526515.75,0.17418736219406128,0.3902839124202728,0.601712052286978,0.34633944755439733,0.28075438212021425,0.36970946969403257,0.3097469301033442,0.2673317663878535,0.0
528141.625,0.242298886179924,0.761770486831665,0.6017044073048884,0.34717433512622525,0.2815125073505513,0.3697597793415339,0.30943411961467276,0.267368961728151,0.0
533733.8125,0.3125816583633423,1.0082423686981201,0.6020968218676449,0.3494517303237314,0.28361023911562794,0.36993450093992325,0.30954028821874174,0.2678254164929906,0.0
536150.6875,0.19843298196792603,0.5257561802864075,0.6021340572951601,0.34992058487286104,0.28439372217261405,0.369961335224213,0.3096650904054689,0.26832733788606766,0.0
537249.125,0.1372745782136917,0.39451903104782104,0.6021601220002405,0.34930623961728535,0.28417715754355544,0.3699275063367943,0.31051729294263586,0.26938413414728285,0.0
537564.5,0.12080759555101395,0.26180601119995117,0.6020200225364054,0.34937697255566774,0.28403451297137705,0.37001244481416257,0.31091588078936333,0.2693648957775425,0.0
524916.0,0.44214504957199097,4.799378395080566,0.6012002096026547,0.3461140022186276,0.28127395888001583,0.3701707959149054,0.3085687783002714,0.26688481700890576,0.0
525243.375,0.30313917994499207,2.1987080574035645,0.6014520352288719,0.34491099486328963,0.280224864505124,0.3702027017090371,0.3083479006709249,0.26693674912038645,0.0
523015.90625,0.19279812276363373,0.41003596782684326,0.6019198062426067,0.34350843935243264,0.27924371395351827,0.3702834139258073,0.3096225905384174,0.2680600735957218,0.0
518697.84375,0.38377973437309265,1.8537747859954834,0.601073547774617,0.3406762949316463,0.2759028804748529,0.37036645835839715,0.3095216221773274,0.2667553228428134,0.0
616802.0,0.1945500522851944,0.4859555959701538,0.6095587171680035,0.3729370689655657,0.3084744360997606,0.3649462551172233,0.306845490386077,0.2788667569884603,0.0
514573.59375,0.2738341689109802,0.7571032643318176,0.6008526421706794,0.34067653009243165,0.27574799085594626,0.3705210740055319,0.31148373158410664,0.26840253120007934,0.0
512144.53125,0.2003932148218155,0.432493656873703,0.6007818654912971,0.33900540666424017,0.27459190732036376,0.3705199565456515,0.3108900747122032,0.2681741543343959,0.0
511579.5625,0.22783911228179932,0.5727087259292603,0.6004698849338627,0.337822003790038,0.273137863617617,0.3704840579298787,0.31141007332813897,0.26746789111935765,0.0
510955.40625,0.28604933619499207,0.7940832376480103,0.599375505096406,0.33686172580120344,0.27187087239751206,0.3708185453391857,0.3121645313376031,0.2668889376074284,0.0
509144.28125,0.2738914489746094,1.1248116493225098,0.5990103127190226,0.33631604579234975,0.2707738219164201,0.3708837040462584,0.3131672386584038,0.2669756147208413,0.0
506963.5625,0.3131137490272522,2.514890432357788,0.5988362349965942,0.3357524634287687,0.27016747701611127,0.3709059337842277,0.31273134572009453,0.26647019136424704,0.0
506380.65625,0.4124324321746826,3.7220101356506348,0.598615321910336,0.33779948412397703,0.2711941695689562,0.3711160382545842,0.3111663308036403,0.26519950078603566,0.0
501963.09375,0.4990884065628052,5.134838104248047,0.5974821767759902,0.3345367273059238,0.2672176191847417,0.37133403855504177,0.3135757876370876,0.2661025102313195,0.0
497492.25,0.567805290222168,6.924510955810547,0.5974421253882096,0.3349622285358784,0.26694881627072614,0.3715764595170299,0.31642326237526747,0.2676868487868859,0.0
488528.78125,0.6391080617904663,20.45693016052246,0.5978165872839366,0.33024063942527043,0.26305409634596233,0.37172476511056685,0.3199068041889465,0.269563164637893,0.0
617026.9375,0.3199159801006317,5.104731559753418,0.6091892062765007,0.3740598329995277,0.3092891680223695,0.3648655453787109,0.3053960083349847,0.2767511558653528,0.0
490408.15625,0.5835384726524353,17.226411819458008,0.5977323899301477,0.3342875080326087,0.2649629200107977,0.3717562179783522,0.3162416544330334,0.26561042779395416,0.0
483823.84375,0.6799670457839966,12.873411178588867,0.5954432214587047,0.33006144611605354,0.2627082060690561,0.3713378312439883,0.31529820245011164,0.26654047648724394,0.0
478149.65625,0.2888476848602295,2.492539882659912,0.5957177185329217,0.3235794819385522,0.2581252274174027,0.3714226462241028,0.31689076425897234,0.2685256189077513,0.0
477693.71875,0.18432117998600006,0.6212526559829712,0.5961404784785173,0.32334540057022865,0.25770642173145253,0.37147256387915484,0.3165626625768504,0.26793064051173876,0.0
474031.96875,0.42820149660110474,6.0450334548950195,0.5966548759450859,0.3227651461716048,0.25716260738788793,0.37159444491950555,0.3172976033791936,0.26798404412481447,0.0
458524.9375,0.39657825231552124,1.6606770753860474,0.595767192187839,0.31915520964369776,0.2538303186216083,0.37213512345045,0.3179310524314559,0.2677654753398806,0.0
458005.0,0.21618203818798065,0.5371055006980896,0.5959020007475105,0.3180651825824487,0.2525874032447312,0.37238547113220377,0.3194752850116452,0.2688410087518423,0.0
457948.46875,0.3564063012599945,4.750018119812012,0.5949126266102702,0.31922312331556996,0.2532003229423942,0.3722581664087159,0.31700177900449555,0.2659482847223518,0.0
453677.15625,0.39109331369400024,1.7261842489242554,0.5937552766494345,0.31625707438191863,0.2515504303460783,0.372110754938166,0.3155477330042476,0.26506544172434987,0.0
441212.1875,0.3140116035938263,1.3094745874404907,0.591930252463916,0.31292782266396113,0.24530173760915283,0.3721275795924703,0.315994602611622,0.26077905983538985,0.0
619085.0625,0.3576412796974182,1.7253862619400024,0.6096309990354526,0.37569022354873505,0.3103007180282482,0.3649003455759552,0.3063559955426951,0.2773237552339159,0.0
439302.78125,0.28270769119262695,1.1925103664398193,0.5912956569880795,0.31284162526793247,0.2453815472783755,0.37207606067034743,0.31623986775726715,0.26124729779866185,0.0
437454.75,0.24646396934986115,0.6976442337036133,0.5908728327484465,0.31218111045837377,0.24514114422718636,0.37201790837372084,0.31650362011728,0.2617112844933084,0.0
433094.03125,0.42099326848983765,3.2921669483184814,0.591444804134539,0.3101506393613804,0.24238470102145165,0.3721325368952536,0.3168147052672235,0.2604258790494277,0.0
428018.15625,0.3312690854072571,1.6259955167770386,0.5923738152305119,0.30802195439205976,0.24012058636823724,0.3722983911284223,0.3170962629630965,0.25922868889752443,0.0
427665.875,0.3918170928955078,2.8273255825042725,0.5924552875195824,0.3063363508575659,0.23888012405988798,0.37223750618783474,0.31749925582027294,0.259884792703056,0.0
426259.15625,0.3325498104095459,1.6866592168807983,0.5929660549380877,0.30503104657953223,0.23782411913668014,0.37219391380158356,0.31781875711179736,0.25990513010743327,0.0
420786.46875,0.5723307728767395,5.908452987670898,0.5920246958747541,0.3048375341119417,0.23637044947794755,0.3722929281228877,0.31859262511153763,0.25845514670176867,0.0
416128.71875,0.5078933835029602,10.563665390014648,0.5912614297601573,0.3022377916658464,0.23395663103095443,0.3724716819547423,0.31928507149550783,0.25824828131400507,0.0
413758.28125,0.3504820466041565,3.4124295711517334,0.590175759746433,0.3008848996335554,0.2329339294649475,0.3724976154190065,0.3190996608190051,0.25787549580897573,0.0
414742.5,0.38723328709602356,3.740924596786499,0.5891829545792164,0.3010714627480003,0.2326401352364738,0.3724100897405928,0.31968145115147234,0.25764304178935943,0.0
619024.1875,0.3476903736591339,3.8525779247283936,0.609807741905762,0.37649007907274,0.3105238352915433,0.3647511732307361,0.3068600392549673,0.27755911405151223,0.0
411661.25,0.2944917380809784,1.2052503824234009,0.5899089537347573,0.30094619061922784,0.23179172674308607,0.3726246010755101,0.3195369853090121,0.25656151294989116,0.0
410811.5,0.31338614225387573,2.8789420127868652,0.5902235133426492,0.29989678910239775,0.23074834998377558,0.37272231642979226,0.31899967248148436,0.2558140716030651,0.0
409925.75,0.25396403670310974,2.4565019607543945,0.5894396780479075,0.29813091359705,0.22937204188988772,0.37268323581273893,0.31730795487844926,0.2544836903618432,0.0
403831.90625,0.639028787612915,15.013068199157715,0.5894844554378365,0.2965215198497272,0.22668705115527948,0.37267268357519695,0.3160680606825516,0.25140927800793783,0.0
391997.90625,0.2889529764652252,1.7762311697006226,0.5894701393445018,0.2922713323269919,0.2212566628403742,0.3727153945036367,0.31467194391369596,0.24652703465149628,0.0
391204.8125,0.18003727495670319,0.41359996795654297,0.5890653801777437,0.29179136573849596,0.2206618034788256,0.37275694111921537,0.3153380000906862,0.2467645924088163,0.0
392907.90625,0.25330209732055664,1.0677627325057983,0.5888215856487363,0.291633833430651,0.22020813709226952,0.372812629846641,0.31555663622853014,0.24599672795249514,0.0
390786.40625,0.36665284633636475,1.4525225162506104,0.5888558567135058,0.2915138828016508,0.22015110282991024,0.3729099653132517,0.3159186630345253,0.24627926512098897,0.0
387839.25,0.30327534675598145,1.2126044034957886,0.5890581848146665,0.2891210672842133,0.2188640604066564,0.3730492064584814,0.31512173669780097,0.24613143845408214,0.0
387490.75,0.24051278829574585,0.9243231415748596,0.5891966458644239,0.2884605759887684,0.21877231074335296,0.3730727482978964,0.31509600416893446,0.24678570902267313,0.0
614709.1875,0.27171891927719116,1.4633013010025024,0.6086892261327809,0.3770048757529124,0.31092611237469886,0.36458822454401574,0.3059101353187664,0.2768034628998138,0.0
385920.5625,0.379383385181427,5.136902809143066,0.5889492458554122,0.28819675999333577,0.21834030203899046,0.3730144607511564,0.3152225018805443,0.2467100962440261,0.0
386440.65625,0.5071488618850708,6.403722286224365,0.5885219224599985,0.2892214689417102,0.22058727665118763,0.37286296128059077,0.31666548278128454,0.25046962985150445,0.0
385198.5625,0.4933982789516449,10.121856689453125,0.5873155614890307,0.28899649252632836,0.2207599348640077,0.3725378523924387,0.31616205648977447,0.2506483789645594,0.0
384971.15625,0.5355913043022156,11.724946022033691,0.5879438605325195,0.28997690538243037,0.22120897756505753,0.3725140775505237,0.31657258766683455,0.25064502800021765,0.0
384623.84375,0.5052745938301086,7.871736526489258,0.5890600051510585,0.29027651385578906,0.22111165214093467,0.37268253841164817,0.3169966457904606,0.2506196191349472,0.0
379366.4375,0.439474493265152,3.9436278343200684,0.5879266987325424,0.2880390010361272,0.2174636146664265,0.37318460277690085,0.3159136332029451,0.24764641830092157,0.0
377955.6875,0.47405722737312317,7.207149028778076,0.5871079640723403,0.28674646192927616,0.2162870183834745,0.37338284697476337,0.3158340879607934,0.24691107722879788,0.0
377197.1875,0.6617903709411621,26.335674285888672,0.5869087727732097,0.2879417905917836,0.2170707682640574,0.37380851383467273,0.3148741499301124,0.24632793759371757,0.0
378590.6875,0.6111741065979004,13.29508113861084,0.5862737811523504,0.2875195953386229,0.21655388457211106,0.3740413465219867,0.3141649103425327,0.24630229400892126,0.0
376548.1875,0.4269349277019501,11.949464797973633,0.5876418722547052,0.2868579069901704,0.2156714574151832,0.3740169300796343,0.315171259310421,0.24649817890055023,0.0
613785.625,0.26194339990615845,1.7990548610687256,0.6091220365625849,0.37582925591467237,0.309452263711386,0.36472290077815833,0.3061990385784452,0.2763706552163394,0.0
375101.59375,0.35470837354660034,5.987320899963379,0.5897745671693203,0.2902207253706669,0.21818442683150469,0.37365197508066206,0.31464550212467857,0.24653160397818932,0.0
373851.96875,0.39466190338134766,14.056730270385742,0.5905949855229861,0.2910076792250479,0.21894325363675515,0.37326606543874064,0.3155936008116193,0.24695463868450185,0.0
370009.75,0.6613914370536804,14.777897834777832,0.589136205720485,0.2889807793938731,0.2164609983283795,0.3731945977959813,0.3123165758621565,0.24265196423752464,0.0
370226.65625,0.29499369859695435,2.275263786315918,0.5878955325124949,0.2888261794320225,0.2152661072413562,0.3731099933402247,0.30874371817876467,0.23809449546758385,0.0
370632.21875,0.30332908034324646,2.4262356758117676,0.5878053012173433,0.2888716466841655,0.21541815673556827,0.3731567113411018,0.3082074168396448,0.23788594535369523,0.0
370650.84375,0.5011247396469116,11.251635551452637,0.5885536320337214,0.2883835737309015,0.2150448325356289,0.37335510079042405,0.3102223558526547,0.23942321124041535,0.0
374250.59375,0.5482053756713867,4.038984298706055,0.5888677918585005,0.28785259189600804,0.2155525554385377,0.3739006985472453,0.31121711907051786,0.24193364257839642,0.0
374347.40625,0.5332446694374084,14.939011573791504,0.5880436380586642,0.284664458281886,0.21416158173185373,0.37431645295611093,0.3126247861021995,0.2439487956794526,0.0
375709.21875,0.47974690794944763,7.7853522300720215,0.5865762866578016,0.28381516914089533,0.21311327634975435,0.37451837225777446,0.31270199703536655,0.24327804675896644,0.0
374729.53125,0.673496663570404,19.945343017578125,0.5846643081511355,0.2835701161406119,0.21315246938714683,0.37435287165085557,0.31208823072055203,0.243267969626062,0.0
607599.0,0.4811765253543854,4.005345821380615,0.6099234209854523,0.37622885931243794,0.310078712725812,0.3649346468321408,0.3057228710305498,0.2760711331883685,0.0
375560.03125,0.4046705961227417,4.497993469238281,0.5861713290867597,0.28600424429080323,0.21487953516084957,0.37458094824862187,0.31522126459829414,0.2452755237487159,0.0
379090.15625,0.7680429816246033,50.83876419067383,0.5852154828289879,0.2894892732179516,0.21820306969317232,0.37440580143846375,0.31488981606564337,0.24686488418384595,0.0
381236.5,0.9171116352081299,67.83342742919922,0.584688886750721,0.2848412010787357,0.2146505173048233,0.37488239398680767,0.3175376353546738,0.2473912176731549,0.0
384794.09375,0.7295287847518921,27.879375457763672,0.5851497389788385,0.287181106692397,0.2163493394034479,0.3755630640006364,0.3130372811226925,0.2451163194647556,0.0
375032.78125,1.0797252655029297,81.31451416015625,0.5866937906883929,0.2816567352785023,0.2120868957957975,0.3759049351099306,0.3137401651452345,0.2436636147315742,0.0
373066.34375,0.43814539909362793,11.07509994506836,0.5858367621720136,0.28451855490564437,0.21339745364294394,0.37528519782526726,0.31199490794537804,0.24183687000387047,0.0
366482.09375,0.45710787177085876,7.677009582519531,0.5850302324486983,0.2831725572471085,0.21165589301313525,0.374716326751212,0.3092443313904273,0.23844854290213044,0.0
363640.5625,0.4480532109737396,4.848313808441162,0.5851408746919546,0.284193641597448,0.21168982631231997,0.3741127091398344,0.30789302809759467,0.23592880578213438,0.0
368025.84375,0.5565919280052185,12.469151496887207,0.5850705201452042,0.2867383773181847,0.21394503745686536,0.3734109377540643,0.30598507529756785,0.23513191567973368,0.0
365643.40625,0.3592389225959778,7.106464862823486,0.5845353129459591,0.2860055734126657,0.21331333931257235,0.37316085803352494,0.30544361502754047,0.23458348777081117,0.0
614298.25,0.25116756558418274,1.1574461460113525,0.610264577036442,0.3779057827530306,0.3133102511037417,0.36505195485707176,0.3056511896167164,0.27820583574152175,0.0
363786.625,0.3094140589237213,7.454576015472412,0.5846162130843527,0.2835781300716071,0.21102415979561928,0.37327271391777306,0.3046768906828892,0.23313059974540565,0.0
358694.75,0.7798779010772705,25.418498992919922,0.584558660539326,0.2809688148745482,0.20956509577958227,0.37334846940332705,0.3034010961925235,0.23251965843820135,0.0
358404.6875,0.2607129216194153,0.9191486835479736,0.5848849740260161,0.2789932846742936,0.2085595656620602,0.37362857087837936,0.3057305427403134,0.23441710349875702,0.0
359887.5625,0.23329876363277435,1.0195870399475098,0.5847601966318237,0.27975826693945227,0.20888853820087472,0.3736544224058405,0.3057896847698208,0.23437315499362094,0.0
363503.0625,0.24829387664794922,1.214726448059082,0.5842985893990891,0.2810847021416167,0.20959019748920327,0.37361857241363633,0.30716917507099223,0.23506006435461102,0.0
361856.96875,0.3072967529296875,1.0805392265319824,0.5837325514337209,0.2814617199406353,0.2093460290464051,0.3735021538296732,0.3073485506638233,0.23465790688103913,0.0
361039.34375,0.2833895683288574,0.9085055589675903,0.5831420311074363,0.280988006166823,0.20861229942738135,0.3734600437182904,0.3073892637057912,0.23405209988320785,0.0
364101.5,0.1926698386669159,0.4071120619773865,0.5827210028103446,0.28133092555455474,0.20929585167068507,0.37345172598693244,0.30780553748059214,0.2349217815540978,0.0
364266.96875,0.231150820851326,0.6647179126739502,0.5830097132298326,0.2819432787139712,0.20997270861128678,0.37348366510919934,0.3084992692271745,0.23609568905987025,0.0
364656.15625,0.3151960074901581,0.8736239671707153,0.5833780832754737,0.28244102537692184,0.2103249171880118,0.3735840420004185,0.31014675487333515,0.2372711507538321,0.0
611365.875,0.22358469665050507,0.8264896869659424,0.610647348773831,0.3781651211649408,0.3142395643487636,0.3650980663045209,0.3058087561418951,0.2793517254314548,0.0
368033.875,0.23095299303531647,0.6271241307258606,0.583219529742873,0.28294496677504327,0.21061691017742304,0.3736398057517766,0.3106164711424252,0.23695672391039244,0.0
369695.625,0.2511180341243744,0.7378398180007935,0.5830870274703738,0.283395952139072,0.21065451033314367,0.37373474784170685,0.31065855476530707,0.2366476533680686,0.0
367420.59375,0.3429330289363861,1.4987006187438965,0.583278713080208,0.2836897946943169,0.21186024389006172,0.3738618175957246,0.31160174625393705,0.23881946113208655,0.0
371202.40625,0.4233943819999695,3.7069919109344482,0.583442667770332,0.28485886953499956,0.21210959107950234,0.37392978422789414,0.30999022865447473,0.23720744707187733,0.0
374524.1875,0.3446582853794098,2.816371440887451,0.5832924762664163,0.28764142881190014,0.21399830292455485,0.37373561228620134,0.3091232567807113,0.23698984167335316,0.0
375996.84375,0.3840029239654541,7.870395183563232,0.5827909312063811,0.28968591545294636,0.2157357432285365,0.3735834709305341,0.30875219735780157,0.23687532712237325,0.0
376433.65625,0.5049610137939453,6.077115535736084,0.581592173373435,0.28988942313566574,0.21583696277955264,0.37357913335910814,0.3075300440640922,0.2356441773390702,0.0
377562.3125,0.3244551420211792,5.121147632598877,0.5807704660738975,0.28885442337128403,0.21553396828233107,0.3737441363687941,0.3084210866389414,0.2362522671536165,0.0
377955.875,0.17250530421733856,0.7941427826881409,0.5808376987205769,0.2882869664658031,0.21537468400083679,0.3740827335411509,0.3105587304874882,0.23851862240010197,0.0
379455.875,0.29574695229530334,1.9326014518737793,0.5807159156942604,0.2886482825890243,0.21572001705504584,0.37413165129578807,0.3110364430245822,0.23884429723152872,0.0
607019.9375,0.3017781972885132,1.190017819404602,0.6110426252053691,0.3779645849515404,0.31369813970002647,0.3652080075546196,0.3062552199851142,0.2790272472783316,0.0
595950.625,0.339419424533844,1.207706332206726,0.6039406780831609,0.3620541634648138,0.2950881617398778,0.3662925516351285,0.31071174168579185,0.27198247420880867,0.0
379663.71875,0.32296252250671387,1.2504963874816895,0.5803034972722981,0.286991490266809,0.21527509847265128,0.3739932384424918,0.30901772426477786,0.2389139056813516,0.0
376992.0625,0.31106898188591003,1.5184285640716553,0.5805061796081583,0.2862244317682956,0.2151788336186975,0.37414173484386004,0.30921021286317124,0.23994651647814758,0.0
373838.0,0.2634442150592804,1.0198116302490234,0.5807441158269185,0.28565810762435395,0.21401273498488074,0.3742121986187757,0.3094725578226836,0.23873027610123443,0.0
373785.75,0.37655219435691833,2.897883892059326,0.5797672919385599,0.2865586828845197,0.21502936914878248,0.3739659216208335,0.3077174138826951,0.23777935527032018,0.0
372095.0625,0.45100167393684387,3.3125827312469482,0.5797727496592461,0.2874630520088467,0.2140963578631105,0.3742418815782005,0.3064706020407007,0.23431645561665942,0.0
368691.125,0.38736554980278015,4.684698581695557,0.5802655449860823,0.2868515863198227,0.2124417042173819,0.3744445772418758,0.3076830749245144,0.23317512269904464,0.0
366742.8125,0.40491151809692383,6.308764457702637,0.5807054870892729,0.28398768105316197,0.2108961468049303,0.3745939270065008,0.30897889683936286,0.23479609620326924,0.0
366669.09375,0.4022376537322998,2.097536325454712,0.5806992332997092,0.2818064691439136,0.2102238209098529,0.3748024040068274,0.31080245449615107,0.23705761165609668,0.0
366081.5625,0.35174527764320374,1.2712382078170776,0.5793606193152401,0.2801482353374134,0.20923312077545805,0.3747737980756972,0.30999851811705104,0.23675287769384212,0.0
365878.25,0.20254625380039215,0.4837650954723358,0.5785243701094634,0.2784063580415664,0.20821345630589932,0.3746695428734618,0.3077706243192002,0.23543330988810862,0.0
604893.4375,0.3227725028991699,1.0446025133132935,0.6112179940586377,0.3762684655369392,0.3115851997198742,0.36535917763718345,0.3070465798865124,0.27958845966108903,0.0
366723.15625,0.2584669291973114,0.9207374453544617,0.5782640567707669,0.2779917155367284,0.20820150293666256,0.3746104048622924,0.3076210707378874,0.23561047614445194,0.0
365365.46875,0.34871557354927063,1.1029492616653442,0.5783723932332103,0.27844382465526496,0.20884706889703233,0.3746796630961352,0.3087827668577369,0.23672140654254958,0.0
365732.875,0.3367924392223358,1.0098097324371338,0.5780759643293019,0.2777695523882705,0.20879979543146382,0.3746960458782552,0.307644042553151,0.23775192664474426,0.0
364207.09375,0.2138240486383438,0.5813652276992798,0.5779525882011184,0.2773706771395309,0.2089566297266643,0.37471900535082264,0.3067704677654322,0.23752758958696663,0.0
365208.9375,0.23080956935882568,0.6666666269302368,0.5777646633274752,0.2776833193323429,0.2095444491270378,0.374739695166181,0.30753589542180704,0.2386356468086285,0.0
366599.1875,0.2612101435661316,0.6319530010223389,0.5776045033059845,0.2783976596564189,0.21025925509820462,0.37497483380872393,0.30925131636074965,0.24034203723532807,0.0
368809.34375,0.18964289128780365,0.3649791181087494,0.5777528123639855,0.2786875972168884,0.20985483101381977,0.37504341314420375,0.3099566781103157,0.24009246753230068,0.0
370226.34375,0.11193950474262238,0.23186351358890533,0.5779326985513169,0.27876217904619505,0.20979308591032636,0.37506580501795056,0.3101809219907945,0.24027556093358324,0.0
366783.71875,0.29804179072380066,2.616495132446289,0.5778152392366084,0.2767327683161826,0.20824907018407318,0.375104884651875,0.3072496024704645,0.23790972068580488,0.0
363465.0,0.3100365698337555,0.8994855880737305,0.5777343688153789,0.27403846904026813,0.20580690168913196,0.3750058793284541,0.3040532747769825,0.23434082780125137,0.0
605625.8125,0.29220837354660034,0.9746453166007996,0.6109482354768051,0.3743104119881098,0.3105296661288645,0.3653021642741606,0.3078104763534162,0.28134497147260934,0.0
361373.125,0.30367156863212585,1.0485211610794067,0.5774389788631815,0.2727103163390793,0.2045372516804742,0.3749579992484726,0.302278872104249,0.2325254096974952,0.0
360712.1875,0.2880825102329254,1.6157665252685547,0.5775816303664428,0.27278224533002204,0.20452959649221453,0.37500895409867385,0.30191350197165473,0.23203017188092304,0.0
360693.03125,0.3848203420639038,1.7364590167999268,0.5775154637033033,0.27347954146791464,0.20558415449725878,0.3750520490405856,0.30215883684343364,0.23282953271350323,0.0
359465.125,0.335038423538208,1.5317927598953247,0.5775773817055151,0.2744211786799696,0.20796341809682675,0.37505446252200575,0.3040515003888442,0.23672449865557024,0.0
360324.6875,0.23162071406841278,0.7266671061515808,0.5774602934120923,0.2746986246273291,0.2086165316100106,0.3749589421454669,0.30603047641285014,0.23927300917249233,0.0
359261.4375,0.24974346160888672,1.1492640972137451,0.5774376139865661,0.2736843596951959,0.20719673116560355,0.3749289677559393,0.3046114512881179,0.23686746882057189,0.0
359629.40625,0.3885660767555237,1.5364822149276733,0.5778152070367834,0.2751343781075058,0.20804264495212876,0.37476007195056155,0.30519339784912286,0.23702318192188307,0.0
359177.34375,0.3011317849159241,1.8389478921890259,0.5784731924740593,0.2769539227920197,0.2091834556014882,0.374408762144684,0.3054996011083396,0.23716316853565325,0.0
358009.875,0.2656776010990143,1.075411081314087,0.5785382746987842,0.2766882050953946,0.20984924326366924,0.37436307425393456,0.3073201055809602,0.23970425852068397,0.0
359731.375,0.2944177985191345,1.4291255474090576,0.5789376074261157,0.2775964356236381,0.21025913248607048,0.3743539666948878,0.30866128396867276,0.24051822551506372,0.0
610078.3125,0.214798703789711,0.7250156998634338,0.6114053885584724,0.3742724243141107,0.3102665002810192,0.36540501514803003,0.30920734863851945,0.2822949225740393,0.0
360085.40625,0.3932478725910187,1.996360182762146,0.5793690378458265,0.277082723623638,0.20955961969518583,0.37424248832952883,0.30823021265780115,0.24028079588149753,0.0
360628.09375,0.35415828227996826,1.825830101966858,0.5799004454909461,0.27667670270792355,0.2090868046751348,0.3742196954661033,0.30864644038293065,0.240136952206712,0.0
365840.96875,0.2563951313495636,0.8805094361305237,0.5800010661738059,0.2781124472719426,0.2101727236499538,0.37426671186727245,0.31111229416223746,0.24193499161807352,0.0
366584.0,0.20803244411945343,0.6360868811607361,0.5800059084932627,0.27882082291587656,0.21019618042601124,0.3742189913762837,0.3117115085666714,0.24166067237960298,0.0
367501.96875,0.2481677234172821,1.0257984399795532,0.5800618038442518,0.27956515609760463,0.210121046814164,0.37407327173094745,0.31365478968250826,0.2423706713855588,0.0
366338.96875,0.23400405049324036,0.6362611055374146,0.5806752245235177,0.2796555761090028,0.21081811421886537,0.3739356344343133,0.3137989255126248,0.24324719011984824,0.0
366201.0,0.15971365571022034,0.4992893636226654,0.5811482825613921,0.28091719308538066,0.21224212107768253,0.37406207018990884,0.31469616984798493,0.2447922356078039,0.0
362911.34375,0.3579987585544586,2.4534034729003906,0.5812873331852265,0.2808996799569341,0.21124379396426107,0.37394455760694767,0.3143328883152313,0.24313944435893647,0.0
359500.1875,0.3513947129249573,2.358534097671509,0.5811451549836062,0.2797769966358132,0.20983374739452354,0.3737299538623652,0.31206719581264086,0.24031854526424307,0.0
359625.125,0.27374982833862305,0.8625746965408325,0.5816804187694559,0.2791866519059393,0.2098953100070746,0.37386055231818033,0.30982911034973676,0.2389475016428436,0.0
609939.375,0.306439608335495,1.5689172744750977,0.6116227937893477,0.3738518658289628,0.3098227513835706,0.3654057509566084,0.30958447634235187,0.28240437630786674,0.0
358571.21875,0.2817959189414978,2.0530154705047607,0.5819483709509192,0.2789900087542303,0.20932201011940232,0.3738419096026522,0.3116115749529062,0.23937171702202653,0.0
359558.21875,0.29338374733924866,1.2771542072296143,0.5821397877210188,0.2819168814408501,0.21136615919935786,0.37375630780702884,0.3133012173979305,0.24076108181089473,0.0
357688.3125,0.36270710825920105,1.465339183807373,0.5825349944084398,0.28274196634564414,0.21113420941194394,0.3735587916132266,0.3120912542686597,0.23886307217676,0.0
358382.59375,0.3737533688545227,1.3887200355529785,0.5828215151384826,0.2834025007717925,0.21067018486291375,0.37332424632060357,0.31152589562826677,0.23751236587805477,0.0
354894.875,0.35008105635643005,1.9699820280075073,0.5834671693195586,0.28292297903676517,0.21060998572119569,0.3733295893237391,0.3107882927033205,0.23712665483924242,0.0
351996.96875,0.32885488867759705,1.4884803295135498,0.5843434035518454,0.2823196230783963,0.20910160835189148,0.3733810260298009,0.3093327159242972,0.2346268406588029,0.0
350232.5,0.44282540678977966,3.158034086227417,0.5853270786889896,0.28138345927685854,0.20815670699822741,0.3734263114062059,0.30891869113864306,0.2342997328679603,0.0
350750.65625,0.30643749237060547,1.3691295385360718,0.5858248903069877,0.2819576706092523,0.20849659859327951,0.3735671406250343,0.3112587448388626,0.23550449959907233,0.0
349617.1875,0.3086664378643036,2.4860997200012207,0.5862912092523251,0.28138766391060754,0.20827922622245018,0.3737226512028151,0.3129559331791802,0.2370640455439531,0.0
348074.25,0.47532522678375244,6.7198052406311035,0.5864902099233064,0.279987052824701,0.20707886444126933,0.37385670295586576,0.3131885245942134,0.23699606892788486,0.0
617715.625,0.23700878024101257,0.6537033915519714,0.6118016168182774,0.3740995386823361,0.31034342313425556,0.3655349618956564,0.31043337998288384,0.28342838279053817,0.0
346097.9375,0.49950742721557617,5.6849365234375,0.5876953624835,0.278809062552281,0.20454407567197827,0.37399271009588503,0.31465710932752355,0.2338713332387599,0.0
345087.625,0.7509291768074036,43.18559265136719,0.5888862117102862,0.27945759815708526,0.2046634739761452,0.3738890669742587,0.31502531204154854,0.2334621389437137,0.0
342012.9375,0.7734882831573486,30.762699127197266,0.5882537486271152,0.27862692702471986,0.20307938790802182,0.37331882351925255,0.31325430803894805,0.23069462557202422,0.0
340086.15625,0.6255012154579163,31.679645538330078,0.5884408181027297,0.2806210778800299,0.20382713422464588,0.37288167991795107,0.3123451842342969,0.2290138628273162,0.0
339871.21875,0.5432336330413818,25.041217803955078,0.5890934403877238,0.28531148662893485,0.20836361080534616,0.37271416425352855,0.3107234122851377,0.22970155595739214,0.0
342993.40625,0.30011728405952454,4.189981937408447,0.5890597087642832,0.292598931079377,0.21397816231782837,0.37268789531317165,0.3078811081399264,0.22876571889542688,0.0
341700.9375,0.7277430891990662,22.795108795166016,0.5896521233758281,0.29136723456472297,0.21082740356121893,0.37268958346623987,0.3068054690967807,0.22387191413041946,0.0
344297.625,0.43945595622062683,3.869769334793091,0.5902055736374928,0.296172558233624,0.2141455473229416,0.3722742405994536,0.30589041260842775,0.22364629856594753,0.0
346060.65625,0.488341748714447,8.992490768432617,0.5897703187506156,0.29540395406391134,0.2142226991568916,0.37204029669244476,0.30690841551714515,0.22493963438686626,0.0
342128.53125,0.39418837428092957,3.8834586143493652,0.5900901658054784,0.29285575859818425,0.2124919662730155,0.37236674296884203,0.309696590932658,0.22685494463480113,0.0
617904.0625,0.17077088356018066,0.5516538619995117,0.6114478093684987,0.3744743059198727,0.3108812073938316,0.36551616555180405,0.3099194102612026,0.2829529894191472,0.0
342133.09375,0.2855231761932373,2.8364920616149902,0.5905173947358221,0.29562374551914905,0.21453466006034755,0.37267887550853657,0.3103399765508394,0.22794743084295713,0.0
345793.59375,0.6204540729522705,10.511839866638184,0.5911803560531771,0.29576922431561237,0.21484023407961483,0.37264305554784094,0.30945119249290504,0.2274029196320389,0.0
347484.65625,0.39924681186676025,4.877525806427002,0.5915632538789796,0.2946406672416433,0.21465558274696842,0.3726356392684492,0.31054772907705913,0.22809004973375915,0.0
349301.1875,0.500213086605072,7.478524208068848,0.5914466273231954,0.29807010935136374,0.21690628102448403,0.3723832403668754,0.3104005809222301,0.2279220521994892,0.0
346912.78125,0.4308115243911743,16.918996810913086,0.59164061502664,0.2989073543839178,0.21716033920763583,0.37216740621288674,0.3105374582602177,0.227347418025223,0.0
345068.6875,0.5952708125114441,12.7089262008667,0.5931045145857926,0.29815510211789015,0.21625671553803688,0.37181279609996276,0.3118109413275413,0.22715516259916935,0.0
347277.53125,0.5388984084129333,11.390609741210938,0.5939997016920877,0.3005633248702723,0.21782305003605845,0.37194345329713885,0.31063034260299777,0.22624488728128397,0.0
352120.25,0.5085307359695435,9.244959831237793,0.5932085553529017,0.301001241173467,0.2181659534047496,0.37213429666531134,0.3084084460394124,0.22497681439990092,0.0
356276.875,0.5964024662971497,19.14947509765625,0.5919243868259931,0.3017066291076298,0.21862138573274,0.372114157115269,0.30648546327579523,0.22390831906769373,0.0
360240.65625,0.4191737473011017,3.55029559135437,0.5930061729655464,0.3015492008655738,0.22019559688396187,0.372038218966827,0.3070633535483357,0.22687772073839718,0.0
618280.3125,0.19162355363368988,1.1389907598495483,0.6110089353874413,0.37534889807756217,0.3113611951960884,0.3654534731054461,0.30888488922604057,0.28151224216017084,0.0
360671.375,0.6682957410812378,28.395090103149414,0.5926931425805677,0.30293972068844816,0.2209764456287046,0.3718927983337758,0.30711653896429286,0.22670225277989658,0.0
360742.28125,0.4568594694137573,7.458528518676758,0.5941313128037268,0.30520995020477676,0.2240837394630405,0.3716817212052688,0.3083338821676181,0.22905183546863117,0.0
360724.125,0.33139339089393616,1.5714411735534668,0.5938650512872257,0.30439995949418447,0.22394084681570475,0.37136371318780276,0.3072701381318516,0.22883009696808396,0.0
361297.28125,0.25322389602661133,1.551525592803955,0.5942628124540954,0.3039741630970977,0.22432185750105282,0.3711507870074778,0.3075722095812517,0.22968483619066724,0.0
363611.71875,0.646049976348877,15.106687545776367,0.5940441093988649,0.30638577470690487,0.22602039803523272,0.37092308750898934,0.30577561327758795,0.22840405231515146,0.0
370917.125,0.2304617464542389,1.509400486946106,0.595166996316694,0.3070555673970927,0.22834761822886684,0.37072864257447635,0.30665229772183555,0.23150688640984002,0.0
374469.21875,0.3694530725479126,1.8243024349212646,0.5957398515472181,0.308550477725813,0.23003884745050016,0.3705030672397382,0.3071070162874449,0.23307169698206112,0.0
378864.375,0.3206220269203186,3.117588996887207,0.5957390140428311,0.3104967496223502,0.2317900020851605,0.37041769656426,0.3075874042380336,0.2343502531460751,0.0
381269.28125,0.36093246936798096,2.507150888442993,0.5953760401342844,0.3112320227040329,0.23241826505090885,0.3703533789552928,0.30717767797880263,0.23408695786224892,0.0
385413.59375,0.31434956192970276,1.2221627235412598,0.5954121583468683,0.3125223977893916,0.2340673874405837,0.37019369959705284,0.3070286751597052,0.23493041973536263,0.0
624344.0625,0.5319494009017944,6.83101749420166,0.6106401635201546,0.378070191538716,0.3135226993607909,0.36567813489724255,0.30857125185070516,0.2811472898884358,0.0
388098.34375,0.29007285833358765,0.9680395722389221,0.5962508751753124,0.31363569917269973,0.23641029824459367,0.36971390633604156,0.3063266292287887,0.23670640585453223,0.0
391081.09375,0.34647712111473083,2.8123364448547363,0.596317414469059,0.3146387422601953,0.23772905212834483,0.3696965785746415,0.30721610427268714,0.23792925336494172,0.0
393997.15625,0.40131619572639465,2.4233715534210205,0.5969397657260544,0.31557392395963146,0.23915418845662234,0.3697953051776215,0.30673225305585633,0.23895410733477254,0.0
394648.5,0.5381781458854675,7.975805759429932,0.5980332257137055,0.3150146233252181,0.23906207912272748,0.36982162155352677,0.30697732402243477,0.23913337340577173,0.0
396981.90625,0.3728550374507904,3.4443695545196533,0.5996875594263659,0.3138188508084837,0.23981191468888385,0.3695892340993408,0.3082279165630509,0.24149301630218206,0.0
400200.0625,0.2727462351322174,1.3559662103652954,0.5991902977446338,0.3145131853295248,0.24018984706455054,0.3694454494014565,0.3078481767517584,0.24148097523375078,0.0
401056.375,0.31274187564849854,1.861204743385315,0.598420760035717,0.3145658233274156,0.24145840352950215,0.3693022444966553,0.3081611412407234,0.24342122696636062,0.0
406840.375,0.5037930011749268,4.366034030914307,0.5986168607318528,0.3165632538282077,0.24345601784096824,0.3689521459757328,0.30752964557231105,0.24383708573795385,0.0
413068.96875,0.2721095383167267,0.9312833547592163,0.5996232516843356,0.31847915701051155,0.2465420552766615,0.36857906858944695,0.3080288426458867,0.2461600322536445,0.0
414582.625,0.19783420860767365,0.4908970892429352,0.5999048448596236,0.31931123057117694,0.24680372514278073,0.3686475739842157,0.3091222298090482,0.24608939605249866,0.0
629271.75,0.29523178935050964,1.9402905702590942,0.6108496046846688,0.37771406411669395,0.31364569857791996,0.3658900197502497,0.3102916710138429,0.2834941149367544,0.0
415713.59375,0.23006367683410645,0.7617924213409424,0.5999234589368513,0.3196158230534648,0.24815638273433907,0.36868445844170633,0.3084423330612513,0.24687537191517886,0.0
416210.84375,0.28406158089637756,1.216729760169983,0.6003733818517109,0.32025864244237684,0.2484503259332489,0.3685124640936906,0.3074372429456184,0.24580833586031023,0.0
417430.90625,0.2097795158624649,0.5369212627410889,0.6019968596708666,0.3221543962283403,0.25051809938769554,0.3681512163557534,0.30851153919898017,0.24719378493403607,0.0
420252.0625,0.37877926230430603,3.6221539974212646,0.6022730811146524,0.3223913492929063,0.25141920135601564,0.3681661762308124,0.30741493410856874,0.24723622959371164,0.0
424876.3125,0.39810988306999207,5.918676853179932,0.6027202802871049,0.3230644083066231,0.2530230097102943,0.3683335748568812,0.30758457457860167,0.24918649140797727,0.0
429277.125,0.34259527921676636,1.5546811819076538,0.6037090774975132,0.3237555410700879,0.2544069329398273,0.3684602137325651,0.3087397087917573,0.25156127821281254,0.0
436193.90625,0.3737723231315613,2.6585915088653564,0.6036598333336434,0.325935006481337,0.2581456980477455,0.3682515539515948,0.3082844200090042,0.2536910341888625,0.0
444446.59375,0.513704240322113,5.2830095291137695,0.6032112190852641,0.3296110800000411,0.2616147842902122,0.3681414207912865,0.3095645858937903,0.255469868720697,0.0
446373.0,0.35016149282455444,2.624084234237671,0.6031842259710616,0.3294657353975562,0.26169684311847896,0.36814103247604546,0.31122493064387297,0.2570017792273868,0.0
458776.5625,0.6312512159347534,7.932283401489258,0.6051879588301322,0.3368862580982566,0.2695246844721604,0.36789773174385104,0.313079865740228,0.26217217924268266,0.0
634357.25,0.23073261976242065,0.5938668251037598,0.6109431232294855,0.37845189213368297,0.31477439364520293,0.3659330914835435,0.3102459231454759,0.28404337017290965,0.0
593743.875,0.4604298770427704,2.9524497985839844,0.6047780322519657,0.36228999854586375,0.296411126153946,0.36625368923148655,0.31146669940841715,0.2739127366148717,0.0
463226.90625,0.30467939376831055,1.3140065670013428,0.6057671385901378,0.33814995071974,0.2707959006703361,0.36794818399302376,0.31429296711800475,0.26326570196871285,0.0
468489.25,0.58758145570755,12.505208969116211,0.6062367574207639,0.33887519959221357,0.27235794904320787,0.36801844074230833,0.3147357962691708,0.26510986461408353,0.0
471914.625,0.5857528448104858,9.369417190551758,0.6069000139111382,0.33837147523910327,0.27242370004997846,0.36775150098736004,0.3130490909074312,0.2644195524741415,0.0
480884.28125,0.5922874212265015,11.696916580200195,0.6058950706646258,0.34040143779968446,0.2746122951801977,0.3673950155673791,0.30983455164507656,0.26278457636929786,0.0
485697.5,0.5215356945991516,8.965632438659668,0.6050467138864831,0.3406771810875651,0.27531188396662143,0.36739555813724106,0.3082157045350904,0.26223178285386284,0.0
487089.53125,0.3889600932598114,4.004993915557861,0.6042672191695031,0.3401061341778532,0.27440719372331196,0.36729800828469084,0.3091796386021741,0.26261048384762953,0.0
487822.3125,0.6782272458076477,9.496070861816406,0.6036244660883681,0.3394774928707186,0.27468312216269775,0.3671545239006228,0.31117268450926805,0.2646489357546521,0.0
485280.1875,0.6359989047050476,12.617761611938477,0.6057993010301287,0.33914136511249265,0.27435810446768955,0.36776269367534925,0.3110245128379255,0.2646810366753188,0.0
491210.0625,0.8694391250610352,52.85389709472656,0.6069706375347357,0.3433274563403625,0.27738994199239103,0.367849610672687,0.30965689104281224,0.2634744643997778,0.0
491187.34375,0.3368573784828186,2.273878335952759,0.6083402677866285,0.3457574024274997,0.28016523971721713,0.36792642265970216,0.3103224515617449,0.26498029743690144,0.0
636533.1875,0.21575941145420074,0.5221157670021057,0.6110723977168316,0.3774582677032699,0.3132761791402605,0.36602283452249124,0.3100131581006164,0.2831633206698238,0.0
493495.625,0.3999631106853485,3.9096596240997314,0.6087933410289125,0.34578905721887226,0.2796164650569295,0.36750145053355,0.30972228141711694,0.26414034143266457,0.0
490490.78125,0.22936567664146423,1.9866470098495483,0.6087702509193643,0.3444300971291993,0.2785675973146906,0.36728214713519713,0.3086138460160564,0.26321970734305766,0.0
493261.71875,0.4583800137042999,5.177675724029541,0.6097945431955936,0.3479700987501824,0.2822749584936739,0.3672519681756095,0.30881834503985034,0.2648194633379804,0.0
498204.34375,0.3297545909881592,2.633258819580078,0.610914909791016,0.3508481546249058,0.2846661160793215,0.3672755536625976,0.30851825450030756,0.2652605374114549,0.0
506784.8125,0.5035337209701538,5.301290512084961,0.6100606308548114,0.3496117509686728,0.28207652743857514,0.36700593748844657,0.3044942810404795,0.26041650266745126,0.0
510862.5625,0.5702888369560242,18.245624542236328,0.6067872132320893,0.35107883515312327,0.2833418160066989,0.36658155243475393,0.3030932089420403,0.25917695589797063,0.0
509220.96875,0.46043285727500916,6.045420169830322,0.6064061892955637,0.34772554521884547,0.28145167500262386,0.36617123140752084,0.30610600989889414,0.2622141697452571,0.0
512295.28125,0.6027133464813232,11.376212120056152,0.6082801696314167,0.34821018307602564,0.2816684419640419,0.36608077266620637,0.3097045052570512,0.2658703817017556,0.0
521789.6875,0.5060843825340271,6.953609466552734,0.6100599617646818,0.3514989031281103,0.28495671422924973,0.36580879738294114,0.30899517357633016,0.2662150410329968,0.0
526444.0,0.4576193690299988,6.130961894989014,0.6084443111364051,0.35249728454746776,0.2848767287763147,0.365365656418204,0.305148213617948,0.2626340209233434,0.0
641436.5625,0.44879084825515747,2.2033612728118896,0.6112504500210408,0.3789308619823667,0.3150313913762697,0.3666669536119523,0.3107857398980184,0.28526305661824375,0.0
523540.59375,0.35642847418785095,5.261542797088623,0.6088607053030514,0.3524172074035859,0.28602311676009806,0.36525829168321156,0.3062193891942275,0.2644005814994586,0.0
527371.5,0.4807901084423065,3.7701563835144043,0.6094439163051656,0.3529807087126611,0.28656872544837253,0.3652835096391116,0.309391267479643,0.2673946356602479,0.0
535788.25,0.35891032218933105,2.4409000873565674,0.6112860795729231,0.35575663034224214,0.2895154022848117,0.365612078637501,0.31098985357103476,0.2709472547825214,0.0
540992.0,0.5657873153686523,11.291688919067383,0.6117679450871679,0.3595970869727285,0.29370695554271864,0.36569231277456826,0.3102766739701912,0.2722247901105045,0.0
544066.0625,0.8144763708114624,23.26310157775879,0.6123822253151407,0.3608336033301573,0.294536929826206,0.36588630437767594,0.31149346585122545,0.2730911237978902,0.0
547132.0625,0.8633496165275574,44.558624267578125,0.6127137179749718,0.3613501150986555,0.29549189089339994,0.36606726365086645,0.3154223094319652,0.27617153232868824,0.0
550764.75,0.47938427329063416,18.241079330444336,0.6122706195535633,0.3629632013755866,0.29699265553108395,0.36646638563411355,0.3145772489424798,0.27579287812403086,0.0
552090.3125,0.3411230444908142,3.8935952186584473,0.6117916300046451,0.3629203689262075,0.29836593851261817,0.36644629734378875,0.31492738075121035,0.27736607650837297,0.0
556065.25,0.36196964979171753,3.0832509994506836,0.6127700453753001,0.36361940749947175,0.2988845952268495,0.36664109298595265,0.31597337366494366,0.2784806318661232,0.0
560394.0,0.3982595205307007,2.4561989307403564,0.6131878579306868,0.3647026972152031,0.3017416740338812,0.3667152015043355,0.316389969680391,0.28193970401343993,0.0
645637.6875,0.26916807889938354,1.037024974822998,0.6106142891169112,0.3813676891739446,0.31709454942459825,0.36683697828210926,0.3096554064371546,0.28448949298030307,0.0
561637.625,0.19804489612579346,1.8754266500473022,0.6132987186219969,0.3649003750802364,0.30227017078027957,0.3666592371498688,0.3163269673087482,0.28280083317565574,0.0
566185.1875,0.45312485098838806,3.5739858150482178,0.6129779106586354,0.3636370258890461,0.30179645592997184,0.3665005248026265,0.31630120317186755,0.28233051052834096,0.0
568079.75,0.4774736762046814,7.839972972869873,0.6134654279763346,0.3646126632355805,0.3027296889282497,0.36673080947483405,0.31633339084791273,0.28279189157359347,0.0
571589.875,0.5200374126434326,5.891941547393799,0.6121132459390706,0.3619868664718373,0.3009621927535565,0.36677726704015473,0.31577296057994664,0.2824617390256767,0.0
569930.9375,0.489701509475708,12.766627311706543,0.61100445629992,0.36144107443851603,0.3005876843021178,0.3666143363569927,0.31614532929658684,0.28271236112577314,0.0
570303.6875,0.4902266263961792,9.515705108642578,0.6095670722501881,0.36087332703529823,0.3007766718665251,0.3668421053163168,0.3141187570535903,0.281405909360528,0.0
572094.0625,0.5071837306022644,6.448937892913818,0.6094288746160516,0.36083236794440465,0.30122935572814724,0.36763523773705925,0.3129018119630214,0.2813112667721621,0.0
579719.8125,0.5439783334732056,6.897253513336182,0.6086324293318068,0.36150995068025066,0.3015621634417051,0.36813204490026863,0.31143963030571553,0.28121359493351306,0.0
582631.375,0.5634958148002625,8.640665054321289,0.6102057609587858,0.3631504312949225,0.3034056969027799,0.36852751939826117,0.31283045872956383,0.2831463723961327,0.0
585925.1875,0.3226257264614105,2.249433994293213,0.6114193480598428,0.36312692694448234,0.3041404508471845,0.36857660165759665,0.3134431789568321,0.2841292381709974,0.0
649841.5625,0.44181028008461,6.630211353302002,0.6100580322320919,0.38021713367559556,0.31591902597183213,0.36692753942809014,0.3092934124699504,0.28482725687667554,0.0
577029.8125,0.4471568465232849,3.473864793777466,0.6101548721122915,0.3573873699316979,0.29894706178779445,0.3690113680005468,0.31421780158166485,0.284027359324595,0.0
576847.5625,0.5116662979125977,9.282328605651855,0.6099656399679328,0.35562546069665923,0.2980637938968825,0.36908633813621666,0.31508866940886493,0.2853083729636288,0.0
575352.375,0.5400927066802979,10.838692665100098,0.6095327302173069,0.3554071112812709,0.29816587695454755,0.3690371057597342,0.31558347994063435,0.286169229157136,0.0
570079.4375,0.35263028740882874,2.334712505340576,0.6093437292769996,0.35338517720454565,0.2963752252733155,0.3690886511014324,0.3164826105766908,0.2858042740657449,0.0
562937.0625,0.3807488679885864,2.095609188079834,0.6081688566360051,0.35191431651302063,0.29416162876676455,0.3693155567991006,0.3165217559274938,0.2845640705933804,0.0
560102.25,0.4324797987937927,6.473207950592041,0.607429481029752,0.35046119760883176,0.29352296331456185,0.3693898601079975,0.31686882306394815,0.28512035433974636,0.0
556919.3125,0.33918559551239014,1.8792027235031128,0.6077316585216852,0.3496378411941493,0.2931844810211652,0.3694368647357126,0.3179865095488311,0.2865560300981917,0.0
559263.5,0.28801074624061584,2.6873857975006104,0.6072183011285518,0.3505611506631043,0.2934773773138014,0.3691444181648406,0.3161940351996109,0.2848537720903848,0.0
555380.875,0.39161571860313416,3.7528014183044434,0.6072243986164898,0.35139685733560205,0.29260570678397474,0.36962484399119155,0.3151905279202961,0.28218063711830016,0.0
550197.125,0.43985190987586975,5.351422309875488,0.6066826550016743,0.3494535748249195,0.29094511747751894,0.36960256538704167,0.3156205316502398,0.2819881422059674,0.0
651499.125,0.4430682361125946,5.095214366912842,0.6117074328757435,0.3812103155669924,0.31717587981445516,0.3672652831460563,0.3109409035986928,0.28611814255726203,0.0
537645.125,0.36126136779785156,3.491478681564331,0.6045082669175548,0.3467517853035988,0.28718555904942505,0.36952571880143037,0.3143898941857609,0.2788795240765025,0.0
537616.3125,0.498261958360672,6.273843288421631,0.6036242919466499,0.34627156514193025,0.28704210289982085,0.36940702756023835,0.3146908420668286,0.27952269120455864,0.0
538790.75,0.4869777262210846,8.007838249206543,0.6017011969202686,0.34704776412183913,0.28832834770208393,0.36953169264596364,0.313128742429964,0.2793570795637041,0.0
539034.9375,0.4391615390777588,3.085596799850464,0.599930178955827,0.3453551220996582,0.28758962499676083,0.3695468081360367,0.31286449225753266,0.2796748066740352,0.0
536988.8125,0.44955310225486755,5.218917369842529,0.5987189161826592,0.3430194168302645,0.2847099769108411,0.36936412407088604,0.3132230797645553,0.278649279613108,0.0
528452.0,0.5745250582695007,7.414273738861084,0.6004140022382379,0.3408565402475421,0.28189437893691655,0.3693492442001182,0.3159456345361471,0.27924731692496896,0.0
525776.125,0.4782301187515259,5.822466850280762,0.5999088613324124,0.340451469850832,0.2812957084309108,0.36925501243685177,0.3178765548388564,0.27998917280721175,0.0
524450.5,0.37216970324516296,3.2171452045440674,0.5995181965827016,0.33989065424391973,0.2810569299945685,0.3694342864332487,0.317774403743785,0.28059378608689944,0.0
529019.625,0.45937952399253845,6.31926155090332,0.5990574628639358,0.33933062083740884,0.2795878439498072,0.3695077422829004,0.31885345028649204,0.2807951124915759,0.0
523859.0625,0.39840224385261536,3.930286407470703,0.5979811234377047,0.3371950496554665,0.27899993194898554,0.3694452179866407,0.31839363547426713,0.28128893082775397,0.0
650412.4375,0.403982013463974,1.7139976024627686,0.6110316410289663,0.38213912851655324,0.3191964201149361,0.3675325405746755,0.31016498246131585,0.28625513899587585,0.0
526622.625,0.4612545073032379,10.088414192199707,0.5966567634573288,0.3363015153802536,0.2794036022442465,0.36944962512283996,0.31844821766589154,0.2826581282533805,0.0
507449.15625,0.31897905468940735,2.1481199264526367,0.5957208396872203,0.3322268414959029,0.2753396454218259,0.36945202096161156,0.31488052669685174,0.2788033573441578,0.0
510178.0,0.3842565715312958,3.835160255432129,0.5955293163793042,0.3316615385961912,0.27482671871079545,0.36947004812960627,0.3151482409809179,0.2785309849722206,0.0
514935.625,0.4940250515937805,2.953752040863037,0.5945759085947047,0.33245575691041046,0.276448942937098,0.3697558361102905,0.31314793981395256,0.2788609033448439,0.0
518969.21875,0.27254432439804077,1.1830757856369019,0.5940904087794878,0.33360719143288403,0.2772286302522695,0.36985671601076614,0.3139891821980137,0.2797233529991144,0.0
518266.21875,0.4222091734409332,4.979569435119629,0.593398809401953,0.33295107073006625,0.2776964785861775,0.36982144082148827,0.3154852418602801,0.2815941236617727,0.0
514123.375,0.42805740237236023,7.755115509033203,0.5929073600347771,0.3324417429524316,0.27709863544227786,0.3697432995631954,0.31539983424166357,0.2807048076237242,0.0
515708.0625,0.4016019105911255,3.2153029441833496,0.5923780099847858,0.3323875689510511,0.27582089857075587,0.37001321195766435,0.3170215051321134,0.28056568902581924,0.0
517891.25,0.5839734673500061,8.303935050964355,0.5912752070551253,0.33169568831849355,0.27474485360266365,0.37062784400368454,0.316036597911021,0.2793956409069065,0.0
516306.5,0.33246612548828125,5.351138114929199,0.5887110409922782,0.329174650073429,0.271803015097727,0.3709351341348319,0.3142614724009221,0.27711514054265096,0.0
651546.1875,0.2663261294364929,0.9050664901733398,0.6101250029835213,0.38116872104207483,0.31824926038030404,0.36769441890030125,0.3108807345439795,0.28730015108682455,0.0
515361.0625,0.48473280668258667,4.631688117980957,0.5888024210937123,0.3256069979978481,0.26861464918584815,0.37166251823720725,0.316426505964289,0.2783603462483696,0.0
516300.0625,0.4450489580631256,4.625099182128906,0.5882079865511266,0.32239980178937977,0.26519221665323667,0.37240070130743524,0.31797051105326835,0.2786292636778053,0.0
517338.71875,0.4488803446292877,4.621864318847656,0.5876663366181055,0.3251428115887761,0.2676474714500441,0.37242989172569707,0.31909615130695673,0.28030515391606436,0.0
516500.0,0.31914377212524414,1.8504620790481567,0.5870751221263298,0.32441173503076365,0.26691507531609376,0.37227734523613387,0.32087550440669127,0.2813882850099803,0.0
510827.84375,0.47985443472862244,3.9928977489471436,0.5855019096154168,0.322501559585251,0.26559215084929777,0.3722368803890107,0.3211985501753647,0.2812670231078993,0.0
507284.3125,0.3846835792064667,2.0213727951049805,0.5859849018082014,0.321811392583013,0.264987102728795,0.37273510628911805,0.32327912821183397,0.282747946543427,0.0
508569.0625,0.3952901065349579,3.0239241123199463,0.5883028088361316,0.3227319753662995,0.2659535343423364,0.3731326903945387,0.3260931942872405,0.2855430507174098,0.0
513088.25,0.3264998197555542,1.409250020980835,0.5884955525685948,0.32345865801021806,0.2665034057330658,0.3732648228839665,0.32665140338766885,0.28647972048383524,0.0
519039.53125,0.5174075365066528,4.867539882659912,0.5859566907912511,0.3246966047807592,0.2688382767506856,0.3737486020175088,0.3256703093694216,0.2880949579843667,0.0
517094.75,0.45664045214653015,4.693026542663574,0.5838373076518121,0.32207831802060827,0.2672241913255987,0.3735634193368218,0.32597363953098535,0.28920143829252687,0.0
652484.5625,0.22429892420768738,0.5331887602806091,0.6096162972098149,0.3805177349668431,0.3183122312352068,0.3675991655926238,0.3110861224669558,0.28815631555039534,0.0
518687.125,0.4649568796157837,6.964961528778076,0.5845765141084955,0.321943685508469,0.2663584374278715,0.3731333419210406,0.3266730672443541,0.2893679978922035,0.0
515497.15625,0.4760279059410095,11.046468734741211,0.5865972495443547,0.32523841179746277,0.2681814388930948,0.37274065777309157,0.327456522814096,0.289531106990183,0.0
505145.46875,0.47187358140945435,3.663595199584961,0.5851936599652103,0.32328221940327917,0.2655773427460689,0.3729004111884115,0.3279731320399951,0.288189592783103,0.0
500319.96875,0.4432203769683838,5.129824638366699,0.5845452091973733,0.3234408004525802,0.2651778186958646,0.37273707355974356,0.3271546790337875,0.28753859788146346,0.0
495810.65625,0.3634897470474243,3.2040958404541016,0.583457647832027,0.3216699166802348,0.26325939162575307,0.37261521803079906,0.3268235478412848,0.28653872228115596,0.0
495161.09375,0.2587631046772003,0.8827537894248962,0.5826764214831186,0.320964556696943,0.26186364094001846,0.37241457244226484,0.32659143505876154,0.28555529952162173,0.0
490930.5,0.27925801277160645,1.5566506385803223,0.5823977226336339,0.31923673271459674,0.2591886245758062,0.3724967730954735,0.3259210572737488,0.2834076735530227,0.0
481866.4375,0.5262870788574219,6.483686447143555,0.5821167437169544,0.3169955910792805,0.2563232176769713,0.37245251171867416,0.325845411458849,0.28175502326876456,0.0
475832.90625,0.22947300970554352,1.1455135345458984,0.5823333025382964,0.31516305948187034,0.25474750494736537,0.37250829296683347,0.32578769292544557,0.2815677774338998,0.0
473117.4375,0.4324575662612915,1.970268726348877,0.5822400711837679,0.31382274631719614,0.2522885889228688,0.3727684601550544,0.3265913786584574,0.2796240525418091,0.0
650877.0,0.2953890562057495,1.3921988010406494,0.6095914271173702,0.3787236562726629,0.31720964963164505,0.3675959220105627,0.3114951857450377,0.28840910485695914,0.0
469178.6875,0.3232726454734802,2.2641258239746094,0.5817667179600067,0.3123962215919667,0.24937211981236151,0.3730356659795102,0.32571360282385603,0.27645558023672684,0.0
467747.90625,0.3578170835971832,3.091233968734741,0.5806849295683126,0.31091099590637755,0.24664260755012274,0.37304028665482075,0.3253637443092219,0.2741995824379172,0.0
466413.8125,0.2698099911212921,0.9760861992835999,0.5798441322666873,0.30921319159266164,0.24480231072993688,0.37289067658270153,0.3252627857691704,0.27312976310333165,0.0
460258.46875,0.44391927123069763,2.5624523162841797,0.5790889209336026,0.30764650101695384,0.24309603959142595,0.3732414615229415,0.3246192131474347,0.27144969341058267,0.0
456697.4375,0.3379577398300171,1.4306771755218506,0.5791429915616703,0.30603286150446646,0.24201211600426792,0.3734819133660687,0.3242353317184062,0.27105870881655175,0.0
451312.5625,0.2898537516593933,0.9672562479972839,0.5793768833877188,0.3045594770934169,0.23958362665523192,0.3735120397398579,0.32385799257445724,0.2684298747965988,0.0
445643.46875,0.4641936123371124,2.5149245262145996,0.5797225920106918,0.30167436419758553,0.23635646995952211,0.37359365902500496,0.32352337172645945,0.266185901472139,0.0
437420.5625,0.33563968539237976,1.4625670909881592,0.5794768461345116,0.30119078695893414,0.23174480251725155,0.37407415658736953,0.32365538368805796,0.25917577708557915,0.0
434584.625,0.32015523314476013,1.7457633018493652,0.5791417814504961,0.30107700463145215,0.23097786897004005,0.37421521374530203,0.32320267257498997,0.2571360411275776,0.0
432105.09375,0.26964810490608215,1.1797348260879517,0.5789163543845436,0.3007943435092875,0.2308090677705063,0.3742419806003228,0.3226611771602087,0.256125252144975,0.0
648444.75,0.45113125443458557,4.22439432144165,0.6090945708152289,0.37517839652081136,0.3139923260402779,0.36792522860490545,0.3123378406270604,0.2874800713668261,0.0
596201.4375,0.29216739535331726,0.8844044804573059,0.6062007657775952,0.3640503468039505,0.29878284919456494,0.3662096016196996,0.3120306093885997,0.27537547274717544,0.0
429857.5,0.39166808128356934,2.1021995544433594,0.5788540205414572,0.30083319620665977,0.22962620152158697,0.37424150834198433,0.3221504760378729,0.2537873648829237,0.0
424611.0,0.4370821714401245,5.032167911529541,0.578992080741356,0.2984971852626264,0.22791641845367067,0.3744107297200078,0.3231006982366579,0.2543668813284326,0.0
424407.5,0.32984495162963867,1.462827444076538,0.5789869630282691,0.29762773934930414,0.22719866058438126,0.3744703454699773,0.32348447196755925,0.2539394261627569,0.0
421281.4375,0.27985909581184387,2.2289862632751465,0.5787374829973424,0.29724023373565245,0.22587666334353154,0.37450443586239984,0.32307319641864485,0.2514211781895472,0.0
418736.5625,0.38869231939315796,7.373836994171143,0.579324911018866,0.29658586490566197,0.22444315452760902,0.3747907399157284,0.32240574559352586,0.24893410855989037,0.0
415445.15625,0.37558725476264954,4.490911483764648,0.5792857355783535,0.29479475541614697,0.22370963172781838,0.3753222767541465,0.32001933726590337,0.24837521023446957,0.0
412986.75,0.5807892084121704,9.497581481933594,0.57930255665535,0.29145871009321095,0.22108776290492865,0.3753872938178499,0.3171090480054486,0.24656689671175144,0.0
410318.1875,0.436777263879776,9.561177253723145,0.5797113211610359,0.2910883095027193,0.2212345699203403,0.37535706228572324,0.3173328942468373,0.24751318264942818,0.0
407841.96875,0.5839662551879883,8.649417877197266,0.5802683398418169,0.29450308667623043,0.22461186664237567,0.3752209198285315,0.31647411317658597,0.24944971886965722,0.0
402378.0,0.46572548151016235,4.567770957946777,0.5809644093418608,0.2943489470924801,0.22581256377701053,0.3748481996361649,0.3169394235282329,0.25206319888145234,0.0
643311.25,0.4624403715133667,7.319656848907471,0.6088345601752974,0.36804555539328637,0.30791138745839736,0.3685081563317286,0.31583973974707935,0.28906273848265457,0.0
401772.1875,0.37118449807167053,2.9469850063323975,0.5816347940624681,0.2958144477857386,0.22664510008876373,0.37448913182193483,0.3176962506040448,0.2521042187700886,0.0
400513.625,0.2339828461408615,0.9787809252738953,0.5821670908924305,0.2962272968163058,0.22739806855800895,0.37433412940117555,0.3172799259526308,0.2527217712503059,0.0
402600.3125,0.3593864142894745,2.1909382343292236,0.5822130249069456,0.2975048825578773,0.22830149153139617,0.37440478115025977,0.318015080716891,0.2535202108963141,0.0
405531.625,0.4189644455909729,3.165879249572754,0.5810612235599281,0.2984548593907715,0.2284073971239786,0.3744245079349985,0.31900520656724185,0.2538544590386972,0.0
404096.53125,0.2864307463169098,0.9645877480506897,0.580473226585778,0.2970073874760491,0.22659436342844003,0.3743993270547628,0.3198045288923987,0.2533938398297021,0.0
400659.15625,0.20422805845737457,0.4313651919364929,0.5803141783420538,0.29649166040455055,0.227042855319509,0.374372184805379,0.3200136120630424,0.2547967094518717,0.0
399810.5,0.5857380628585815,5.277410507202148,0.5803529345141857,0.29720644582454675,0.2257007399600273,0.37460045527567204,0.31977819770137267,0.25217112307958867,0.0
395313.03125,0.3473888635635376,2.543433904647827,0.5797078840993529,0.29609712673492966,0.22390278889771886,0.37466662859531796,0.31893989266741435,0.250048286012977,0.0
395017.28125,0.2623268663883209,1.6942013502120972,0.5795127747424047,0.2968096996535484,0.22463453658906093,0.37472930304377994,0.31894185542659476,0.2503931191447798,0.0
394070.6875,0.2678689658641815,0.8570200204849243,0.5796405259005095,0.2966139263939861,0.22435398702268192,0.37474433075551383,0.31853080197216505,0.24978240945975952,0.0
646026.0,0.5274142026901245,11.782062530517578,0.6075183620699202,0.3686381487272532,0.30791657117503163,0.36850281003404667,0.3139152935746572,0.28787686105046845,0.0
393577.0,0.2990860939025879,0.9082791209220886,0.5801258140608083,0.2957417632958049,0.2243754179811768,0.37466251013022933,0.31735247828666696,0.24962285542800322,0.0
393241.21875,0.2370620220899582,0.8397375345230103,0.5799836455665142,0.2951058436554531,0.22374170593284626,0.3746633231131973,0.3166956788213792,0.24891665982971536,0.0
395418.40625,0.1440744400024414,0.4012335240840912,0.5797502899460254,0.2944935610273131,0.22312616806266825,0.37471668132998703,0.31726628071176394,0.24906057037395185,0.0
396522.0625,0.21380601823329926,0.7629613280296326,0.5796430825141181,0.2950007131956803,0.22333654567852468,0.3747488075445523,0.3178412777747902,0.24965008168801214,0.0
396772.78125,0.3321347236633301,2.9417800903320312,0.5793303498750967,0.29534213557458466,0.22265081622182703,0.37473899122568444,0.31816826213254157,0.24900186488243772,0.0
390742.71875,0.1767304539680481,0.5111873149871826,0.5795761932342175,0.2953128876489259,0.22138940296575607,0.3746286320312511,0.31772411931953287,0.24611766490421347,0.0
392022.3125,0.1907569319009781,0.5034149289131165,0.5795151083129135,0.29508664814817287,0.22082169039220853,0.37464218285574974,0.3176826512524451,0.24530727949890385,0.0
393814.34375,0.2931845486164093,0.7498787045478821,0.5793740752023502,0.29467457029388855,0.2208891588974527,0.37471103088184965,0.318524208144425,0.24585501316522498,0.0
392656.40625,0.2874996066093445,1.0036365985870361,0.5792722410652409,0.2937019483278868,0.22022194369373793,0.3747263505393495,0.31965865628885426,0.24652083939612227,0.0
392940.78125,0.24176591634750366,0.6091096997261047,0.5789972649602957,0.2938585748353571,0.22034160019250354,0.37464454464982866,0.3194555515151671,0.2468587927985435,0.0
650220.9375,0.2899891436100006,1.3584825992584229,0.6072695392607691,0.3702205508110211,0.30911616975162004,0.36837060459816945,0.3126816901986313,0.2864943020118054,0.0
391096.25,0.25398969650268555,0.8284726738929749,0.5791201551240455,0.2932799395597816,0.2204039686291981,0.37468684222864224,0.3192375528036546,0.24703015291529687,0.0
388412.59375,0.44787123799324036,2.2230782508850098,0.5788560102911569,0.29271781324284185,0.21844261230345513,0.3747120271130874,0.31785265928664896,0.24365567693856063,0.0
389623.25,0.3102118670940399,1.3366121053695679,0.5787248840393368,0.29168503179476224,0.2173624533715478,0.37474128662359507,0.31676899259120395,0.2422659986562213,0.0
391856.71875,0.256630539894104,0.8124165534973145,0.5786501181075193,0.29206122451782324,0.21769658450003684,0.37470669449351185,0.3170803038863705,0.24254596959028937,0.0
393666.6875,0.28162887692451477,1.089288592338562,0.5784420367846251,0.2919360862475693,0.21747935117541958,0.3746740317776346,0.3170431988232504,0.24225442465956143,0.0
391509.15625,0.37092506885528564,2.4174439907073975,0.5790096438505845,0.2906916514248525,0.21714992724655413,0.3746541285262428,0.3162686885507457,0.2422104716684944,0.0
388845.875,0.2581671476364136,1.2869939804077148,0.5789004016000144,0.28906984386013457,0.21585951234899126,0.3745076195141309,0.3148052920736458,0.24133033224151618,0.0
389430.40625,0.19752900302410126,0.5627389550209045,0.5788882954834331,0.2886359224050764,0.2161698755769802,0.37444411009380724,0.31450332271167347,0.24173887333307734,0.0
386493.875,0.3753695487976074,1.9650944471359253,0.5787298260307852,0.28833595943295826,0.21574694330812086,0.3743867066783374,0.3137303595418715,0.24076269064013803,0.0
384837.40625,0.21708454191684723,0.5224696397781372,0.579072207464489,0.28907807204195596,0.2164722164435994,0.3743129478795958,0.3139360551363025,0.24096626716883734,0.0
645998.375,0.4461047351360321,3.803920269012451,0.6072387297104698,0.367955212210744,0.30671547808980515,0.3687931207913567,0.3146922923400016,0.28651121411238506,0.0
383081.59375,0.24353070557117462,0.6420322060585022,0.579379117808869,0.2891104690892299,0.21707260279405072,0.3741799809792281,0.31401337443456306,0.2414907252345392,0.0
382441.0625,0.171829491853714,0.5867006778717041,0.5792696481691517,0.28814118224716256,0.2168461476622794,0.3741011673806096,0.31368417022280604,0.2417492268479001,0.0
382760.21875,0.18936185538768768,0.6501625776290894,0.5794434594350157,0.28921019030467887,0.21730777871181417,0.3740845929274387,0.31340803167161746,0.24112167417928865,0.0
383867.4375,0.4068444073200226,4.571285724639893,0.5796737319446638,0.2879801933648784,0.21569300772889438,0.3740372332334174,0.3115122891454227,0.2379084859301901,0.0
383429.3125,0.23653019964694977,0.8781495094299316,0.5798507702988489,0.2870481639794572,0.2147000487985969,0.3738866277899062,0.3083153443784458,0.23467885493432938,0.0
392125.34375,0.28185591101646423,4.307801723480225,0.5799343328135882,0.2901026659483401,0.2171962429719115,0.373848330432982,0.31222848970081296,0.2380314108593558,0.0
391409.25,0.44320034980773926,3.0812149047851562,0.5799527371568027,0.290376558177407,0.21768130580118764,0.3741482593187108,0.3122603861447278,0.23966215510713093,0.0
389106.03125,0.3484247624874115,1.719230055809021,0.5799916403698893,0.29095479662249396,0.21851396765330583,0.37416826467220793,0.31285214735562655,0.2413498365822,0.0
387000.25,0.22246089577674866,0.7766643762588501,0.5800553252764904,0.29140523685531355,0.21853724624828152,0.37408620351775757,0.3128506846893532,0.24106685305890677,0.0
385830.5,0.23545131087303162,1.036118507385254,0.580044085200697,0.29119930401855715,0.21810642876642486,0.37397041107695367,0.3130735320901568,0.2408740733142761,0.0
643213.375,0.25879913568496704,1.8770525455474854,0.606619341961635,0.3659130992525709,0.30477263861901527,0.3689422030042762,0.31533585262456637,0.2866336065213414,0.0
385550.1875,0.2922031879425049,1.2925070524215698,0.5799374534007903,0.29092094829092174,0.21760179800632776,0.37399730720598023,0.31235436281288126,0.23971169476700382,0.0
384728.3125,0.24263730645179749,0.6879456639289856,0.5798437602752214,0.2896750839317277,0.21656294085295266,0.3740489716610294,0.3108912383537465,0.23860629469924474,0.0
383907.0,0.1995740681886673,1.627432942390442,0.5801370927982317,0.2892396579020756,0.2167055261058008,0.37397982506242156,0.310672315721157,0.23944367790584747,0.0
640010.5625,0.32366621494293213,4.145212650299072,0.6062480800949311,0.36497706770794497,0.30393666890139975,0.36889966799812174,0.31635057469822336,0.286607108616935,0.0
623722.125,0.6181735396385193,8.121761322021484,0.6050453579365664,0.3619927834999815,0.3017808279830373,0.3689318746165448,0.31497732755934144,0.28485098329820363,0.0
616640.6875,0.5011191964149475,9.082402229309082,0.605324268962238,0.3602933269732918,0.3006838415106215,0.3689629100900245,0.3177545758079972,0.2860564157911355,0.0
616448.9375,0.4446057379245758,6.791386127471924,0.6059353793305954,0.3588478655880439,0.3001803812726629,0.3687329340730638,0.3195346915703723,0.2879130491725786,0.0
612548.1875,0.42443984746932983,4.173052787780762,0.6050279697288238,0.3582250967734817,0.29932694205475996,0.36835674541017743,0.3200644243172995,0.2880073277740453,0.0
601718.25,0.37363457679748535,2.2478106021881104,0.6067134335681783,0.36590995565142664,0.30026266386783956,0.36626574768508324,0.3115254553004618,0.2759183420404631,0.0
607269.5625,0.5303648710250854,6.8496246337890625,0.6040723709298212,0.3584185497108592,0.29950749522699094,0.3686298433476925,0.3206348906045238,0.2885918157700338,0.0
600018.125,0.34224799275398254,1.7845486402511597,0.6022019524513806,0.3584313939140598,0.2993801921287682,0.3688805726271842,0.32158056090826664,0.2901497632403608,0.0
597457.125,0.4316215515136719,3.6875216960906982,0.6018436108679712,0.3583033117017405,0.29916277842809164,0.36915600335583226,0.32073592723187205,0.28897706043480886,0.0
597750.5,0.5151477456092834,12.57211685180664,0.6009768556281113,0.35860178409093496,0.29973816050961893,0.3698004384052902,0.3175828047214572,0.2869539729071223,0.0
591506.5,0.673213541507721,11.762402534484863,0.599226207716421,0.3556964809304292,0.298317394635102,0.37033920243152596,0.3164575382953775,0.28786815043003283,0.0
575254.875,0.4226026237010956,3.9041669368743896,0.5992771508067372,0.3498570244215225,0.29323827267650876,0.3709125665695818,0.3186456467168301,0.2886251001723679,0.0
571146.875,0.4246194064617157,8.357942581176758,0.5995895654193399,0.3476985995985976,0.2908134414935039,0.37082464319657876,0.3201601250179019,0.2889229886941066,0.0
567771.1875,0.4579581618309021,5.9968085289001465,0.599936580125423,0.3455840921751992,0.2893948343075972,0.37064712121079313,0.3209254326369677,0.2895009257330359,0.0
564020.75,0.4761331379413605,2.7704074382781982,0.5989778971954242,0.34580344238167066,0.28993945421462947,0.37060327917599345,0.3199520280608729,0.28967260341125245,0.0
560216.25,0.24112731218338013,0.7874516844749451,0.5978946451962774,0.34545965116258737,0.28984354089722225,0.3705533305819493,0.31987984443462664,0.28949059226634455,0.0
610694.4375,0.3685513138771057,4.463140964508057,0.606858263740628,0.36964405049586907,0.3034111546408283,0.3662825501839601,0.3108841687903203,0.27613798882470475,0.0
559622.1875,0.22456778585910797,0.6578437685966492,0.5970879846240332,0.3454117126992718,0.2903956405681587,0.3704915470183142,0.31884067950355244,0.28918999584431493,0.0
555607.125,0.5159359574317932,6.811276912689209,0.5966131158931919,0.34273603852622225,0.2881087118183905,0.37062480502123374,0.31950825204006006,0.2898751167227081,0.0
543490.4375,0.4461851119995117,3.356731414794922,0.5947542878748105,0.33729356683419803,0.2825272247131494,0.3712316915026367,0.3184897251873177,0.2873160778210463,0.0
542115.5625,0.451099157333374,12.54904556274414,0.5931325386354482,0.3366865850850709,0.2815972532266192,0.37156575200166586,0.3160603135354646,0.28510485087141635,0.0
539200.0,0.5737187266349792,12.639505386352539,0.5934480690943857,0.33775441894915464,0.2822522948488105,0.37146167249624734,0.31634619026936506,0.2853136407949862,0.0
519787.78125,0.5805198550224304,8.68165111541748,0.5944476688764475,0.33406896890669546,0.27704078940742427,0.3710959326348825,0.3183420074350746,0.28342220970586174,0.0
517866.90625,0.31963691115379333,1.1643630266189575,0.5941740498769893,0.33307014120252976,0.2760206395510134,0.3710862819989986,0.31810608334309803,0.28293455392765227,0.0
516596.875,0.2725685238838196,0.8120170831680298,0.5924894408144358,0.33146287209353287,0.2740872741575013,0.37094068241641526,0.3163917695067293,0.2804561312556545,0.0
515971.6875,0.3266037106513977,1.8735617399215698,0.5922368438894465,0.33244477281008356,0.2743861887117971,0.37102312960121603,0.3152891698241132,0.2788279863890407,0.0
510650.84375,0.472421258687973,2.4737491607666016,0.5914581837730418,0.32963780406811866,0.2721533533772512,0.3711828889492066,0.3155295489424144,0.279410298401591,0.0
610460.3125,0.5439520478248596,2.8136019706726074,0.6079926396994106,0.3703581839089945,0.303379482509859,0.36607971136337375,0.3111710386906043,0.27647398030378634,0.0
502716.125,0.3777615427970886,2.6594197750091553,0.5906820464925778,0.32593025973701256,0.26864042302068497,0.371318881598782,0.315328554453385,0.2787036476397625,0.0
500952.0,0.43518519401550293,6.931671142578125,0.5899057119439687,0.3277820562879942,0.2692465177886363,0.371359297377336,0.31417429340257463,0.2767181783759641,0.0
498346.34375,0.6283040046691895,21.647010803222656,0.5905769975640007,0.3270592216808411,0.2687230793510259,0.3717071538057343,0.31545332815643917,0.2774168829477336,0.0
488579.375,0.7989577651023865,16.171833038330078,0.5903028336644949,0.32208301257159067,0.26447710152010984,0.37166428760607073,0.31932126648386283,0.2797933673117907,0.0
485247.375,0.4933743178844452,6.643396854400635,0.5898132479513097,0.32131927051507364,0.2632805644670066,0.37150519340013166,0.3189909965072939,0.2794986402754861,0.0
478762.875,0.3974691331386566,5.730536937713623,0.589874870200957,0.3201227732819957,0.2624423970896973,0.37141670596843745,0.3208637429235018,0.28158086425306406,0.0
469856.0625,0.517776608467102,4.490102767944336,0.5898067688877805,0.318834210292264,0.2602876817441693,0.3715787661594511,0.3197583143526874,0.27920914286384396,0.0
454434.125,0.5240739583969116,6.091201305389404,0.5889370356506763,0.3138341090233139,0.2532539356796159,0.3715920759647933,0.3210659562829415,0.2755121373359021,0.0
452000.65625,0.3658139705657959,3.538459062576294,0.5884350131126841,0.3121600297076876,0.2516923889451846,0.3715043470236253,0.3213725850202961,0.2756327300522655,0.0
449270.5,0.2509017586708069,1.091451644897461,0.5881956298305288,0.3113965055834494,0.25046268704296,0.37147865819695153,0.32124761576808436,0.2744519944886341,0.0
619006.75,0.2804422378540039,0.9609073996543884,0.6079811346269812,0.37123915186318085,0.3046661099057499,0.3657219645565055,0.3096277285812876,0.27639713742077615,0.0
444911.6875,0.35484886169433594,1.332287311553955,0.587996277416675,0.31092598365828084,0.24950395660625105,0.3715987625735222,0.3209885608839638,0.2735568480148973,0.0
436662.6875,0.2865400016307831,0.9650818109512329,0.5877650869211442,0.30940350467257066,0.24589108129684703,0.3718413554697354,0.32181813727043257,0.2708430546115509,0.0
434100.03125,0.11076460033655167,0.24853567779064178,0.5875777403033166,0.30811354111525463,0.24445552488641356,0.3718441614037359,0.321695995575901,0.27011864512996014,0.0
429187.3125,0.46690288186073303,5.44227933883667,0.5875383784096664,0.30709965810292617,0.24238189811783134,0.3718804149196063,0.32058353035384973,0.26686792170674906,0.0
418381.875,0.3708620071411133,2.2997500896453857,0.5871347652481653,0.30360641129842203,0.23716837325031762,0.37197267460987815,0.3196493296073322,0.262085519016071,0.0
414676.40625,0.24991992115974426,0.7007327675819397,0.5870579653945566,0.3023076851018166,0.23666103555601914,0.37198288652394634,0.31972204146868116,0.2626160692922141,0.0
413518.28125,0.18505458533763885,0.4312579929828644,0.5869763072945959,0.3026711495250183,0.23688206511119092,0.3719469931803452,0.31946683530562014,0.2621372558914091,0.0
411988.25,0.252450168132782,1.2574198246002197,0.5871588928454459,0.3028828640454664,0.23690290613215137,0.3719662758580529,0.3195586106267957,0.26207795783783966,0.0
407272.8125,0.3201627731323242,0.9431202411651611,0.587347806357243,0.3025281478916042,0.23477948894818013,0.3721417190105554,0.3201776571076729,0.25971119935526527,0.0
405147.46875,0.23391780257225037,0.5273450016975403,0.5872758868370402,0.3015683136939933,0.23388375256812904,0.3722086764806819,0.3202258409754631,0.2592770001712075,0.0
623740.0,0.24045448005199432,0.8175374865531921,0.6078423015720131,0.37128380981279985,0.3054021289715945,0.3656758940720397,0.3098728839949683,0.27714474153625335,0.0
,2.208857536315918,358.9075927734375,0.3605103783416539,0.17527384755837472,0.08187969811219786,0.36881801558277433,0.22895169448990593,0.09065311639701507,0.0
873698.25,16.757369995117188,8227.4052734375,0.4018194800514951,0.19336038143372486,0.08759151248866072,0.35769820629696447,0.24760010274743213,0.07054699490625796,0.0
700302.0625,9.380477905273438,2848.454345703125,0.36309781058863344,0.23916446987240203,0.08399666458241346,0.3935469411855523,0.3170545887848357,0.08932202944251111,0.0
739646.25,8.379110336303711,1414.0728759765625,0.3975173495205908,0.22875411347728875,0.07840832697222044,0.38510283416995716,0.32636881248778127,0.11323406331992769,0.0
716074.4375,2.660201072692871,589.0135498046875,0.37154792770288203,0.23629660193688107,0.06677642472222872,0.3864196056112089,0.31694488988689123,0.0780565951723419,0.0
833834.6875,6.385226726531982,1791.6397705078125,0.3564112344390925,0.1992951840334542,0.050153653242115376,0.4022657297129102,0.27956394790508227,0.06745351912034499,0.0
853318.625,4.723952770233154,939.9223022460938,0.37110022922036306,0.2120318474303589,0.05329036417392982,0.3974181782442752,0.2848316414438846,0.07102657823348409,0.0
893704.4375,3.5924072265625,538.584228515625,0.3905551805471418,0.22862085635696933,0.06184062258942352,0.39298601751050016,0.2842273217268818,0.0762572730199651,0.0
1030757.8125,3.1760880947113037,513.5087890625,0.40390040590526927,0.24008721306464081,0.07046949360585315,0.3951489926631162,0.29316859762584396,0.0911271858530066,0.0
588041.1875,7.962878227233887,3877.8701171875,0.3372277662456951,0.12349429244707098,0.04527213401948403,0.376098401887998,0.18141159691271008,0.05699118241320441,0.0
803962.0625,4.697747707366943,658.4317016601562,0.3374816437788125,0.16461491600852488,0.0731909987598823,0.37350804524357606,0.21614945776885294,0.08228502390069424,0.0
723843.75,3.751140594482422,491.8355407714844,0.34686118508113234,0.1565376794361537,0.07123764257170702,0.3671124311883052,0.20328542371584116,0.08112911208738957,0.0
675181.9375,3.015803098678589,338.1876525878906,0.3603534940682127,0.14927723664102302,0.07306154602482362,0.36305047298364,0.18938432731574628,0.08908692605999038,0.0
737327.1875,4.0219855308532715,657.7250366210938,0.38141981342057985,0.15924838655888585,0.08032893436843568,0.36643828883032836,0.20065982592680032,0.0951399766030224,0.0
758735.9375,3.0682334899902344,283.30633544921875,0.3933432950929005,0.1589234931333464,0.07632000801178185,0.3742983790288511,0.20263645422075063,0.08996295838404958,0.0
786275.5625,3.9224443435668945,693.0853881835938,0.39760076961565816,0.16856810721171023,0.08245366768042395,0.3768746719681906,0.204447917080891,0.08826495212523908,0.0
781365.8125,2.3917131423950195,287.8896789550781,0.3983032074130393,0.17069651658520982,0.08455163231082072,0.3790417860521256,0.20861202096425036,0.08972363986464912,0.0
817914.875,2.1036441326141357,216.8367156982422,0.4003860138415851,0.17126666304415428,0.08402793781963555,0.38161761150697865,0.22193347104046773,0.09703721446481416,0.0
747274.125,2.459563732147217,164.98216247558594,0.4011849279567538,0.1607013569504206,0.076555333595206,0.3842105041483556,0.2196993758528534,0.09402750414008491,0.0
529625.5,1.5340306758880615,107.95172882080078,0.3621444762334977,0.17611662799597816,0.08446868442933683,0.37262717781359184,0.22460968681401,0.09045662496243823,0.0
771798.5625,3.923967123031616,454.0290222167969,0.40155848717165776,0.1539962394389023,0.07283498738665775,0.39057076668271373,0.2280922206925894,0.10136447399183943,0.0
766136.3125,3.621370792388916,709.1155395507812,0.4047939929161,0.1511376299135896,0.07198441673863601,0.39646348252051256,0.22477068908185846,0.09972944210300105,0.0
778190.75,1.991724967956543,162.9608612060547,0.4061693278899442,0.15555581770149518,0.0741114265163415,0.39629147468857834,0.22351705510143327,0.09674280024808452,0.0
745689.5,2.532223701477051,189.675048828125,0.4005411863349228,0.15054747301755203,0.07047475075193663,0.39011766520759833,0.22177926408763737,0.0950943709560998,0.0
764889.25,3.2861433029174805,309.8575744628906,0.39984681313396103,0.16244434885186426,0.08102889542283426,0.38980300772647564,0.22315297067031115,0.09878232299782588,0.0
767282.75,2.241903305053711,166.02899169921875,0.40101578965606816,0.15927368723724455,0.07868818963911169,0.39080692010518964,0.22306672407354294,0.09714114320477278,0.0
717606.0,2.2680037021636963,182.35861206054688,0.3977112601316016,0.1539705444929813,0.07606795065289121,0.389253221439904,0.22369883119264788,0.09782775932532785,0.0
760032.6875,2.677417755126953,260.38153076171875,0.3949118152330126,0.15910278043784853,0.08148059981000502,0.3868909395641106,0.22417941787842605,0.09981752887633155,0.0
781248.125,2.2972090244293213,202.7009735107422,0.39506499745684304,0.1537180637637228,0.07473868699499411,0.3888258002203036,0.22622316055847533,0.10317567467537271,0.0
771924.8125,3.087631940841675,314.3064270019531,0.3869104563980651,0.14344047684915584,0.06874072771103656,0.39608262986529036,0.22809729430768297,0.10438197656284394,0.0
533052.8125,0.11299740523099899,0.21241740882396698,0.3663796278515502,0.18184893012069775,0.09226097876327663,0.3827863466698515,0.22395341799685256,0.09831337674362266,0.0
719492.1875,5.67014217376709,753.0794067382812,0.42369411201277746,0.1746340768315225,0.09570127715219315,0.39056984319520893,0.23476512030792493,0.13089053192976127,0.0
614591.0625,4.756743431091309,509.45166015625,0.44023471575187506,0.20281060397638018,0.1150306825364931,0.40476857187357185,0.26868740432376625,0.17054507406670671,0.0
579893.8125,5.268550395965576,1088.2379150390625,0.4260744140481056,0.21347440316717253,0.1067487505813842,0.3957498025127368,0.262403801379234,0.13177444920315146,0.0
656015.625,4.958041667938232,834.2194213867188,0.40001363427208925,0.19835689455823463,0.09398964746490913,0.37739815996749415,0.26040420619589477,0.09276895209895639,0.0
654312.6875,5.8761701583862305,783.0576782226562,0.3870963434068447,0.18759909961934482,0.10358100841632606,0.36841401985220207,0.2420234468065406,0.10026549497991537,0.0
732694.5625,4.915613651275635,658.0472412109375,0.3833443736846676,0.19593688750773286,0.11064587731935296,0.3665139349234846,0.2422762143658777,0.10801596987906639,0.0
678995.6875,3.320143461227417,281.2351989746094,0.3791483914834155,0.18198761342724862,0.10082136480927287,0.37950044336231553,0.24245625884852626,0.1203600353653574,0.0
764015.75,3.3962466716766357,377.9788513183594,0.37345915716833533,0.1759142986758851,0.09484714534043644,0.3844433321582431,0.23987218668678273,0.10838455680976636,0.0
795374.0,4.702585697174072,572.6439819335938,0.37021277498198885,0.16748844499831356,0.08776645990737487,0.3830473563777515,0.23727624977005876,0.10243960020003362,0.0
688393.6875,3.4434022903442383,313.9200744628906,0.3721937331854822,0.15024507592682548,0.07623943770170083,0.38289004962290524,0.2262004324972161,0.1010832454104326,0.0
538538.375,1.4394092559814453,190.89068603515625,0.366771549644015,0.18284694536675267,0.09304005394400107,0.3843225257429749,0.22416309193592024,0.09884368032358457,0.0
672484.1875,2.8374898433685303,338.3849792480469,0.3751926560315064,0.14713238487447353,0.07529050463518847,0.38172924501446626,0.218559596495755,0.10103013062936834,0.0
664847.75,1.9451411962509155,250.80323791503906,0.37638146265719913,0.14693389563388767,0.07454782413131107,0.3821244293375063,0.21732299985038556,0.09807253458738287,0.0
664627.6875,2.302565813064575,187.44677734375,0.3766301344506149,0.14817818321636306,0.07562080962934457,0.3824703510606137,0.21560571371237247,0.09674695026154442,0.0
684772.125,1.4267305135726929,96.79073333740234,0.375386721668225,0.14690513677174585,0.07379386825345073,0.3827460651830791,0.21841689455115015,0.09793882758422603,0.0
686289.625,1.5623010396957397,103.53511047363281,0.37646321042081254,0.14110760441985848,0.06841547244524007,0.38288231900929875,0.21677508071276802,0.09607498699827093,0.0
656274.625,1.9355192184448242,101.2413330078125,0.3788980342152513,0.13477931694073583,0.06312229489301141,0.3825992335820836,0.21137046623354883,0.09116440686801656,0.0
569867.625,1.7153496742248535,136.12081909179688,0.38187771384231606,0.1263789189283751,0.057918318655529225,0.382814449600901,0.2000139907952905,0.08427159577454815,0.0
513121.75,1.433221697807312,94.13699340820312,0.3849145236794482,0.11981419483745367,0.054278208049614404,0.38289707158458813,0.1886450675314183,0.07856301700976348,0.0
526790.9375,1.6397473812103271,92.52606964111328,0.38742782404435105,0.11970301389714073,0.055696004451348535,0.3819041807070724,0.1886771117245338,0.08099955784544673,0.0
541738.9375,1.3034945726394653,67.1353759765625,0.38830007326315563,0.12009530545738309,0.05560837224698705,0.3818859847774123,0.19206737439724642,0.08347984425799836,0.0
649329.5625,6.717467308044434,1507.583984375,0.36876971776430434,0.2104109766456989,0.10892642105531591,0.3915615433194116,0.25680547407159965,0.14975915159416708,0.0
545375.3125,1.7679742574691772,114.72655487060547,0.3884818563755824,0.11891156139225734,0.054853979301221906,0.38236167457219505,0.19018108419800314,0.08268180735997242,0.0
539150.5625,1.754461407661438,113.17784118652344,0.38959276938259224,0.12367733674992101,0.05898719542749082,0.3842157072932099,0.1895029080347345,0.08244220336939002,0.0
535907.75,2.2060883045196533,178.3525390625,0.3910101603308801,0.13163061535165288,0.06385177877149431,0.385273913984344,0.19295829437918985,0.0841409724886905,0.0
532179.375,1.233058214187622,60.63479995727539,0.3906720704393027,0.13292260969557684,0.06434980682169879,0.3856100456306688,0.19313560791263248,0.08230847541068086,0.0
583758.0625,1.9410862922668457,123.45728302001953,0.3889117022868974,0.13505723040815726,0.06493138919280554,0.38551015983330783,0.20213121192451472,0.08426473051216773,0.0
595665.25,1.7249398231506348,130.853759765625,0.38705489030837825,0.13357142917039339,0.06489077371179922,0.3836827549137784,0.20195259302188887,0.0874967867805225,0.0
562962.875,1.8358114957809448,161.71173095703125,0.38528268299202895,0.1317613544209967,0.06496484800070826,0.3805493842227908,0.1985128563094414,0.08932560316704968,0.0
558657.0,1.9444345235824585,118.72029876708984,0.38430526261597114,0.13527500278795326,0.06468936126248405,0.3769327942713021,0.19753230122701151,0.08671059045334878,0.0
639255.625,1.2278023958206177,83.8279800415039,0.3856740139162724,0.14202935226116245,0.06459933784044357,0.3757729152097487,0.20948534407642824,0.08194992390047981,0.0
672845.25,1.825196623802185,116.7072525024414,0.385557617766467,0.14307053539885872,0.062327479973696025,0.37553321289203256,0.21430030800086994,0.07853404349260247,0.0
545160.8125,4.124277591705322,645.5188598632812,0.3718567733146615,0.20529207673801195,0.12192499886025028,0.3845681333348352,0.25769731440548516,0.18328087905406865,0.0
681227.0625,2.1048877239227295,98.32282257080078,0.38448829180655214,0.14009148427804075,0.058936510876118633,0.37492003270051016,0.21481147973151837,0.07594785669511858,0.0
605530.6875,3.4912657737731934,348.527099609375,0.38834264491752174,0.12962243146756808,0.05488582323982511,0.378560272399022,0.20316028690520582,0.07127125952705814,0.0
547438.6875,2.173090934753418,157.2460479736328,0.4103091122336641,0.12720122018415167,0.06224293772818876,0.3935432338001596,0.1958504137969203,0.08281930307386788,0.0
655637.5,5.4266510009765625,1878.3609619140625,0.3901680275905331,0.13700773468540095,0.06380066946435106,0.3795467574364791,0.21334428703503178,0.0835922132715865,0.0
643389.6875,4.16472864151001,575.665283203125,0.372992262237552,0.14771005632608675,0.06711772359115253,0.38052158898568383,0.2059965964131712,0.07238127372742852,0.0
577192.125,3.8345069885253906,514.265625,0.3782826053375811,0.14849759033704346,0.08140052538287106,0.38167412522539257,0.19753218741742312,0.09691272223463636,0.0
535959.0625,2.212611675262451,157.9530487060547,0.39097476496622,0.13921819649238906,0.07547098937118984,0.38705900742753746,0.1888498380360327,0.09098587457921666,0.0
553950.875,2.3716354370117188,264.2777099609375,0.3952259213062703,0.13251117702065007,0.06683203976840643,0.3887126524632509,0.19526367451104923,0.09221209428887138,0.0
598902.875,2.112384557723999,265.6086120605469,0.3933266737021232,0.149412543534214,0.08203746709132533,0.3871410023791989,0.2049187700801378,0.10928713876247102,0.0
614006.75,1.745308518409729,186.54737854003906,0.391597283989128,0.14993854071919463,0.08305057878643449,0.38607619235300056,0.20506997088865125,0.11132749160488956,0.0
565625.875,3.993591785430908,428.7472229003906,0.38395155104043194,0.19941899655226467,0.1286308506266272,0.3735109713225725,0.23831116286616266,0.16924053521250046,0.0
613404.3125,2.4593214988708496,292.601806640625,0.3906432811842385,0.1455314087295084,0.07847150061886819,0.38606178142145436,0.20085423105632427,0.09848732854301068,0.0
607700.8125,2.046283006668091,161.37815856933594,0.3892580903062233,0.14294318154066613,0.07622346731082177,0.38535350267432644,0.20077151598904266,0.09852772425311342,0.0
587173.4375,3.7358150482177734,476.5727233886719,0.3867013503350889,0.14392896853450926,0.08044358451534785,0.3826355970071611,0.20111431716785982,0.11953998803408071,0.0
567147.1875,1.9905961751937866,186.011962890625,0.38312822986634737,0.1504787144391281,0.08631496643534528,0.378322648419043,0.19750265384734927,0.11931385483766456,0.0
570851.8125,4.018686771392822,559.3306884765625,0.3813517479135566,0.16265571478693647,0.09458397293750297,0.3748973783494289,0.20176015034333508,0.1281086378242579,0.0
675705.9375,3.1900596618652344,296.69390869140625,0.3812662837002707,0.16399278009376678,0.0872287916684078,0.3729649575858658,0.2050253059576924,0.09992870073456037,0.0
710427.0,2.379077672958374,160.6656036376953,0.37894362274747806,0.16390271926379257,0.08038445224251597,0.37252109040648296,0.20663485939296508,0.09002318580834279,0.0
673796.875,2.4761416912078857,268.64471435546875,0.37449458500693666,0.14587331832643577,0.06333154812819361,0.3742588478672596,0.19475512784999913,0.08651526558797601,0.0
976104.25,3.4572112560272217,926.8884887695312,0.3689539867037258,0.16857983701996151,0.06792711327627868,0.3767791031124109,0.22564433384201787,0.07856417338579641,0.0
1182087.0,2.0618934631347656,155.12014770507812,0.3618301900313854,0.18430849137678174,0.07179208145845298,0.38051362541484796,0.24074803597555977,0.0798765020766001,0.0
651521.0625,4.28248929977417,738.2042846679688,0.36899414522491,0.16889387520654536,0.09276828981944352,0.36547707790105294,0.19145004786211745,0.1115159939142244,0.0
812622.375,3.517595052719116,719.7852783203125,0.3571225143163949,0.14024782835337124,0.04831483593623122,0.38355249643200745,0.21116016501790208,0.05635029233111912,0.0
617945.9375,2.873467445373535,518.140380859375,0.36016190343692195,0.12750646113980899,0.051654798166514165,0.381226564954221,0.18258297467397586,0.05744600773271525,0.0
551231.5625,2.503511667251587,319.223876953125,0.3733473219153208,0.13355995766632828,0.06452095431668389,0.3754866644541031,0.18424297247827484,0.07289872494908235,0.0
564088.5,2.4498965740203857,200.2901153564453,0.39175123165058184,0.12315433292876113,0.06049968507644539,0.380125828786396,0.188586244434481,0.08502993106986032,0.0
554999.875,1.4276840686798096,85.8845443725586,0.4025609178233431,0.12286649215227102,0.0596355746204393,0.3868202889927104,0.18928285719970306,0.08590825455013255,0.0
595337.75,0.8266870975494385,14.171031951904297,0.4032887136642828,0.12751679477636232,0.06303106035458751,0.38741529788059903,0.19477565419181372,0.09042346765195143,0.0
570363.375,0.8056069612503052,37.35887145996094,0.40368550496820604,0.12398584684081544,0.06106270956165845,0.38786327575624546,0.18937224639519043,0.08835421013267085,0.0
556489.5,1.332067608833313,68.33776092529297,0.4038734530551404,0.12223804095075391,0.05977004946565354,0.38799257462093917,0.18815308293570565,0.08774540082816108,0.0
547266.9375,0.7296068668365479,44.540401458740234,0.40398165084917204,0.12228872857684653,0.059922730754897985,0.3880292931157092,0.18814375650607476,0.08886462848156879,0.0
510242.84375,0.9410727620124817,22.938207626342773,0.40399907788384637,0.11891275354968422,0.05841949415670739,0.38803360471628273,0.17802251996517665,0.0834352710134556,0.0
668923.8125,5.5215582847595215,1420.27978515625,0.348065449224508,0.14252447173409524,0.05305460038236531,0.37323574495376194,0.19983547417166442,0.06049411885765004,0.0
509253.125,0.8668203353881836,21.06348991394043,0.40457806658264733,0.11755971895269951,0.057485542483282574,0.38790040018763644,0.1766291977963246,0.08241558738665714,0.0
522205.71875,1.5400240421295166,75.98981475830078,0.4047392581827999,0.11717309071739454,0.056210503321838565,0.38811249369414286,0.18296709621762386,0.08518839096212333,0.0
527391.125,0.7475318908691406,25.030149459838867,0.40503943802708625,0.11775898782940708,0.05628967045074716,0.38821618976947964,0.18548014156733633,0.08630070064472238,0.0
538948.6875,1.1012910604476929,38.71792221069336,0.40465297768011416,0.1185609773919647,0.057216029651059416,0.3885641648100321,0.18664910242224625,0.08719664210371449,0.0
507942.375,1.192641019821167,56.8283576965332,0.40494652977282913,0.114221024245755,0.05496740274244015,0.38895836233917364,0.17836564391057794,0.08253994396715768,0.0
490183.625,1.1358749866485596,50.2911491394043,0.40420815519245185,0.11217036072451589,0.05237272841253056,0.3897446624782029,0.17332939467620137,0.07913372631339503,0.0
471157.34375,4.5955610275268555,1169.7720947265625,0.3663183132163769,0.10509563870601459,0.05001385239307612,0.38859721528945207,0.16848973955655652,0.07876888614070719,0.0
517953.75,9.136279106140137,1951.496826171875,0.3202243516344301,0.12614337312672094,0.05297003375376126,0.3972782833589584,0.21117982894000123,0.10932714788258595,0.0
504413.5,9.653368949890137,2125.289306640625,0.31161041245561644,0.12504127218496527,0.06180388456102234,0.4029283448591963,0.22293479216924783,0.13341048049963117,0.0
776433.875,10.498003005981445,2716.42431640625,0.383724768408242,0.19591744130974245,0.1248927880861713,0.3713969022588872,0.22366437680844484,0.13588967060550292,0.0
553613.875,4.001516819000244,710.547607421875,0.34053811718190496,0.11819399148828025,0.039040727935917605,0.3769342786012669,0.1771781647299955,0.05216908758870529,0.0
,0.3766460120677948,3.7210867404937744,0.5370547188077367,0.2519079681297118,0.15011803972744708,0.38088239155949805,0.33525920276868315,0.18309097509910438,0.0
2322494.0,0.31140899658203125,4.674283027648926,0.5160750908235542,0.25338102148467434,0.15212375912235587,0.3796263175564438,0.33619388971778913,0.18561383339114523,0.0
2317568.25,0.6439672112464905,13.532933235168457,0.5143065200611979,0.253884168632545,0.15299366442651782,0.3802327562093358,0.3364790813875462,0.18713375074856653,0.0
2307994.75,0.5877722501754761,15.755702018737793,0.5137231796179325,0.2529933068383665,0.15254032290549616,0.38062667259935623,0.3363899665765034,0.18690017218557708,0.0
2305651.75,0.46618446707725525,21.517343521118164,0.513222775885801,0.2524698116335957,0.15247609996008388,0.3804823675663436,0.33649464126123035,0.18739096627617363,0.0
2275151.25,0.5117831826210022,37.206756591796875,0.5148868067168338,0.25023070086758226,0.1498989882142427,0.3802208117701021,0.3373757911878725,0.1874383501428068,0.0
2273676.75,0.37569907307624817,15.59906005859375,0.5185941310963706,0.250819415557007,0.15038078281591408,0.38060705560031194,0.336922048769483,0.18694263675419032,0.0
2287949.0,0.6655978560447693,35.537410736083984,0.5161108501693256,0.25079666935623035,0.14717450483829767,0.38063455858075784,0.33677400745824804,0.18315900944687966,0.0
2293311.25,1.0319753885269165,78.97633361816406,0.513751397210859,0.2507936042628327,0.14649218821324855,0.38061002339767636,0.33723543026533065,0.18257337014932562,0.0
2286710.5,0.7286573052406311,30.830005645751953,0.515164849773051,0.2519057620641676,0.14752359980277693,0.38147297922740997,0.3375245937710721,0.18364391585804213,0.0
2295354.0,0.36937403678894043,13.275166511535645,0.5182618231881727,0.25386088023707487,0.14980734079517255,0.3808183223878029,0.33663829809620216,0.18345423512993123,0.0
2235299.5,1.168067216873169,42.100311279296875,0.5355640086543579,0.2511071574862849,0.1496516831997835,0.380501925581856,0.3359788159560411,0.18367780845304452,0.0
2306965.0,0.5390884280204773,9.646357536315918,0.5186339285597823,0.25481637411527475,0.15236686182992829,0.38105955281946935,0.33651791771141576,0.18500603611535751,0.0
2306776.5,0.6494244933128357,23.50960922241211,0.5179492848888316,0.25496172877324574,0.15234810865628848,0.3808343242392317,0.33665370677150447,0.1851732105776294,0.0
2310600.0,0.8907524347305298,46.35131072998047,0.5180482710970776,0.2558378013269287,0.15138484250751097,0.38180301057879457,0.3367704382202854,0.18207557086198362,0.0
2323366.75,1.7523365020751953,180.6747283935547,0.521393238443033,0.25731684910682007,0.15260030935759977,0.3787164016840315,0.3367197586264048,0.1823209389075953,0.0
2306050.5,0.7823418974876404,53.80508041381836,0.5252234591226708,0.255945507715974,0.1541834322152138,0.3744915914109759,0.3370823245799971,0.18712907690273833,0.0
2304254.25,0.36847931146621704,6.380154132843018,0.5225823450340351,0.25585026284301987,0.15445863077905506,0.3763584539120454,0.3369429690117408,0.18736102802828122,0.0
2302725.75,0.5666950345039368,16.113496780395508,0.5219830272721349,0.25554109478027986,0.15382881286999103,0.3770440594673658,0.3370948170182615,0.1869578214397093,0.0
2301285.75,0.7693056464195251,26.165834426879883,0.521209598178307,0.25456219768668037,0.15142384168477113,0.3768580239555731,0.33706417632729413,0.18506621462449785,0.0
2300306.75,0.21551178395748138,1.1608620882034302,0.521324521498011,0.2557938725775213,0.1523305152568921,0.3768735541411237,0.3375373777222422,0.18522551451168348,0.0
2296231.25,0.45298925042152405,4.853995323181152,0.5215569991382126,0.25578092795667606,0.15222943729361493,0.37691598039256413,0.3376668779887925,0.18525395214079965,0.0
2281591.25,0.8290497660636902,31.30718421936035,0.5333723049139049,0.2522826969762863,0.15092944616390336,0.3798984833383034,0.3355773901340535,0.18326830031111307,0.0
2299281.5,0.2191435694694519,1.8688520193099976,0.5218109851593038,0.2553387606066099,0.1514077059156349,0.3766624358258549,0.337981191030062,0.18473851111641948,0.0
2305191.25,0.44959843158721924,8.483135223388672,0.521885800100212,0.25534156310187006,0.1538230106051548,0.3759017335443616,0.337423207264583,0.18622140567604703,0.0
2306377.25,0.22148935496807098,1.7282551527023315,0.5220523828517161,0.2552849255602411,0.1531311429393829,0.3759868664594007,0.33747947695461633,0.1854240794408809,0.0
2299231.25,0.4509912133216858,8.185013771057129,0.5222586250502118,0.2554480455560576,0.15297984532596168,0.3762144562278912,0.33725240613938523,0.18483742001076853,0.0
2297994.25,0.37025439739227295,4.7182183265686035,0.5227282029054828,0.2562326528282428,0.15365334275831175,0.37665262345655187,0.33690076759945636,0.1846710857719604,0.0
2309393.5,1.0562949180603027,73.89500427246094,0.5236968636470201,0.2566399774623499,0.15461721868910658,0.3768204090723234,0.3372606908952204,0.18684780253302294,0.0
2330442.0,1.920568823814392,649.2988891601562,0.5344303206292499,0.25911417025415473,0.1569822173641634,0.3704909678393251,0.33624856784657664,0.18622467946099636,0.0
2352649.75,2.157120704650879,441.5018005371094,0.5495553938107176,0.2631242898126906,0.16135085722816617,0.3561586304972867,0.3304423970377659,0.18028838187225532,0.0
2340854.75,4.158005237579346,1424.8885498046875,0.5755861212013346,0.2719163678015278,0.17257532852269397,0.3453126926927915,0.3316597749734428,0.18978136538137352,0.0
2326759.5,1.7484309673309326,260.90826416015625,0.5587895698651822,0.24797617156435478,0.15106171539186983,0.35220219872175756,0.3334984153522083,0.18406414188346493,0.0
2271957.0,0.833406925201416,35.602962493896484,0.534525415444954,0.2515692157267366,0.1507530496000995,0.3799651734769482,0.33577485717378014,0.18411490822667573,0.0
2293950.75,1.3927630186080933,122.40937805175781,0.5421357539473235,0.2399933327517306,0.14369111751861804,0.3541640139246431,0.33735234084487775,0.1870900911386819,0.0
2307426.5,1.778543472290039,335.5572509765625,0.5294644909292187,0.2418325811447258,0.14546311497409806,0.35774682120927614,0.3359389542175511,0.18482731928281465,0.0
2307139.25,1.3493881225585938,222.603271484375,0.5089632979530198,0.24004992421513607,0.13607109674880644,0.36922527804228794,0.336705119464159,0.17630512620895755,0.0
2314990.0,1.2653913497924805,279.3483581542969,0.500265387326615,0.23741910939525376,0.13022490432273787,0.37956664392953277,0.3380378338591385,0.17435473404493057,0.0
2298235.25,3.030949354171753,753.9783325195312,0.49355828386420453,0.23701615552585328,0.12664962421584802,0.3836916407618524,0.3382773494661353,0.17045556125520642,0.0
2259662.75,2.1842501163482666,971.963623046875,0.49050415708265394,0.23685212249322224,0.12806171833285088,0.3872404484219583,0.3375840724988922,0.17131371583168367,0.0
2283697.0,1.9166288375854492,375.81500244140625,0.48694636143432424,0.2336239704722473,0.12898727052703707,0.3910036776912003,0.33937419749301956,0.1778140022959757,0.0
2338837.75,3.508437156677246,1320.3939208984375,0.4942092155462444,0.23622514476649933,0.13051986093137555,0.38326721558410143,0.3380289600502711,0.17651334805348265,0.0
2357018.25,1.600121021270752,244.50518798828125,0.5109409631373216,0.24453975065794523,0.143183339719225,0.37002900666124844,0.3335909560797874,0.17915878969610044,0.0
2342940.25,2.776496171951294,879.34716796875,0.5341626210191742,0.24752344601811363,0.15609678314206032,0.3585172206802082,0.3326770274517066,0.18926903062197303,0.0
2265845.0,0.8988823294639587,43.01627731323242,0.5343115928854855,0.25094515769754033,0.14894808847697497,0.38059909693460026,0.3360519949298946,0.18297543984033135,0.0
2319437.25,2.1105220317840576,227.48248291015625,0.5640555217706122,0.24776190616575153,0.15459482067560362,0.349442847556355,0.3334710683732744,0.18643842466638674,0.0
2317201.75,1.4423706531524658,203.22982788085938,0.566948492041445,0.24917145896100895,0.15380845139883992,0.34854721529164545,0.332561830452304,0.18429160745307663,0.0
2313384.75,1.1228362321853638,127.55970764160156,0.54319705580004,0.25189825152599193,0.15674850995119505,0.36587665582003953,0.3334385607330968,0.18610765208389812,0.0
2283944.25,2.5,431.377685546875,0.537322516577972,0.2496157587039078,0.15668018797383396,0.3703558416121419,0.3349631818961047,0.18985373046428128,0.0
2289074.5,1.074981451034546,94.85228729248047,0.5311102983956446,0.24967864726689828,0.15756350982266415,0.3706177201743253,0.3345303605261224,0.19105515012154006,0.0
2310967.5,1.7514519691467285,383.0428161621094,0.5263267146285245,0.2511897015521723,0.1586818859617995,0.36814605057965205,0.3337556679752842,0.19023634328554415,0.0
2281181.0,1.3891557455062866,112.16118621826172,0.5228750735268857,0.24911661012751804,0.1553905439770697,0.36754709653444273,0.333795816911479,0.18812652007944278,0.0
2295938.0,0.905842661857605,42.81764602661133,0.5214031646248387,0.24731809783936343,0.1522962155597093,0.36688603656587526,0.33321763161348533,0.1838001508916921,0.0
2309511.0,0.6659224629402161,32.90876388549805,0.5191720709048355,0.24818931596007662,0.15245227523774993,0.36842144035354757,0.3326438355779569,0.18204028941812378,0.0
2300263.25,1.272708535194397,137.24241638183594,0.5201919374832583,0.2494595202703508,0.1535493999624955,0.36939565107585437,0.33264715698699604,0.18241379623062232,0.0
2287198.25,1.1708507537841797,63.97346496582031,0.5264084189094794,0.2521479874418332,0.14864057524425253,0.37942875085242617,0.3357815022674075,0.18098412104233547,0.0
2310022.0,0.5215689539909363,21.064809799194336,0.5237428673634761,0.25123781047408633,0.1553982896793096,0.3689266054617125,0.3326210779359934,0.18313721743345315,0.0
2310281.25,0.7486944794654846,22.274154663085938,0.5257471901296545,0.25280332189511734,0.15752268464950508,0.3711580128568276,0.33357681090003877,0.18651984634903773,0.0
2306274.5,0.9132936596870422,33.533302307128906,0.5268991086766611,0.25359897299116535,0.1582785034519843,0.3725454546300565,0.33417195381083253,0.18770127572712467,0.0
2301087.5,0.49252429604530334,8.660761833190918,0.5270239345419174,0.2550853555991208,0.1592049959665753,0.3738537478306321,0.3341304602890299,0.1879034343189382,0.0
2295685.25,0.40303468704223633,9.007162094116211,0.52545893622907,0.2539887175785713,0.15763006968042323,0.3741380782145688,0.33392481688121,0.1869249803009096,0.0
2297999.25,0.8301087617874146,27.18041229248047,0.5243084843599793,0.2538065818275926,0.154741055333861,0.37550091552382536,0.33370060604271923,0.18330813834835472,0.0
2306168.25,0.6756987571716309,24.904802322387695,0.5240835633331611,0.25509711899807014,0.15536073416300827,0.37531751037217415,0.3332533892568372,0.18260181687212795,0.0
2333570.5,0.29919716715812683,17.62455177307129,0.5171523763553552,0.25130783797300854,0.1523153537177637,0.3725828150949316,0.3322069687273294,0.18032544512744048,0.0
2309621.5,0.8269745707511902,45.87676239013672,0.5175714660895002,0.25277093985245386,0.1492468173531151,0.37925769192426334,0.3355345101668281,0.18052163317825684,0.0
2329607.25,0.349271297454834,4.420304298400879,0.5191918467651158,0.2542193378011995,0.1506258291322668,0.37933710906190443,0.33504798687765874,0.18046647032542917,0.0
2339788.25,0.7439355850219727,15.271215438842773,0.5186142065883893,0.25538324930984435,0.1522564431943216,0.37959410302254837,0.33484587493592816,0.1816669732402061,0.0
2332160.0,0.40286004543304443,12.584270477294922,0.5181941500968228,0.255140394886096,0.15472362555524188,0.3794215611259428,0.33504631502084875,0.18555939023225768,0.0
,0.21878361701965332,1.7515789270401,0.5478003685639776,0.2538962009617783,0.15810599471509956,0.39094535504602856,0.32763276649603085,0.2605709972615814,0.0
980845.5,0.8059061169624329,16.192947387695312,0.5313826719983082,0.24810861058273728,0.16509797718728222,0.40710868521684346,0.3421861873019362,0.2658352074701433,0.0
989696.3125,0.9270604848861694,44.45553207397461,0.5311965583949453,0.25069032616216713,0.16611340862536253,0.40661383255326605,0.3414126780821499,0.26494108055212723,0.0
966537.375,1.0378655195236206,39.25115966796875,0.5299020550694766,0.24495462016903835,0.16284389124011064,0.4058300071994765,0.34349852779632745,0.2658044183519717,0.0
956691.8125,0.8164879083633423,16.803730010986328,0.5290259915641062,0.24140223354099197,0.16120183843013433,0.4057486664141595,0.3451661546937068,0.2669705792465163,0.0
957441.25,0.7193945646286011,16.64893341064453,0.5274280175079106,0.24022937160309504,0.16112885425513146,0.4044000849720502,0.3458114599557187,0.26787034236569135,0.0
962295.625,0.42452818155288696,3.885338544845581,0.5279181008188822,0.24104057842965038,0.16160580937160815,0.4046639036895176,0.34533660149765016,0.26767281851039354,0.0
955337.875,0.6918635368347168,10.262125015258789,0.5287717377872629,0.24146518524513966,0.16216581884611855,0.40496941052207086,0.34525220189139105,0.26775561537061937,0.0
953449.8125,0.5804711580276489,10.16403865814209,0.530558873855218,0.24288570510048255,0.16268052344217998,0.4058703982780185,0.3441250010006794,0.26701779247854135,0.0
950329.1875,0.4524042308330536,5.082415580749512,0.5313000523253966,0.2435775133991117,0.16310848884939635,0.4062263681170518,0.3432200166983787,0.26680670460981976,0.0
949158.875,0.5975584983825684,9.478276252746582,0.530637184276951,0.24280138341802593,0.1641060752965547,0.4065673970287682,0.343235393189043,0.2679751446859554,0.0
1155350.0,3.180072546005249,592.5860595703125,0.5245772829264921,0.25291954628387225,0.19115186160214678,0.4085681383062979,0.33417722638775593,0.29670548518996775,0.0
953540.125,1.014520525932312,57.70570755004883,0.5294391223530275,0.24319458750091535,0.16515745137079424,0.40756499922048717,0.34247757130067263,0.2683969045100101,0.0
1013553.5,1.3892176151275635,125.33403778076172,0.5286544046726452,0.243877026058051,0.16677110011074506,0.4084462617346983,0.34257349585328406,0.2691516378175011,0.0
1054223.25,0.634810209274292,15.508662223815918,0.5287712768684171,0.2444230877775291,0.1672981057388805,0.40866396955898426,0.34222966248764003,0.2688850030137742,0.0
1070038.125,1.1583662033081055,78.22989654541016,0.528447708843218,0.24420138906126554,0.1676576062728752,0.40907042337473204,0.34221265080341584,0.2694167560944209,0.0
1199078.25,2.152492046356201,249.1988525390625,0.523074656685896,0.2509466243602487,0.18898564704209675,0.409951944451017,0.33449516826035336,0.29304963077106505,0.0
1165793.25,3.5434017181396484,826.3108520507812,0.5210036610035489,0.25455097989079295,0.1844687855799723,0.4115080879027994,0.3372313351727887,0.2844100520522414,0.0
1264627.75,1.9518593549728394,270.8994140625,0.5197674305020397,0.2595647353789897,0.17926140269142188,0.41211214906357146,0.33832950848099047,0.27553132250288476,0.0
1289192.625,1.5160256624221802,106.38531494140625,0.5186753596449669,0.262339790954429,0.18124379883479813,0.4115796108716433,0.33835083620161704,0.2753465227035763,0.0
1293615.25,1.9363800287246704,150.30023193359375,0.5185978654457241,0.262029641310524,0.17945942323955055,0.41122795178337007,0.33833624411113367,0.27360085146936425,0.0
1252907.75,1.8778389692306519,101.0928955078125,0.5179493850787855,0.2559852013495126,0.1761600243235616,0.4096260098929058,0.33580384355011966,0.2729737820741947,0.0
1227613.0,1.7840888500213623,116.22817993164062,0.51787818682987,0.2543253033650819,0.1745203882837016,0.40953521340603277,0.3354383067437065,0.2720519272785872,0.0
1282612.25,2.1964428424835205,184.8548583984375,0.5191543142145664,0.26050646038474307,0.17583816191254892,0.41073130361610743,0.33838340573379516,0.2706751927210173,0.0
1264371.75,0.9678255319595337,39.008888244628906,0.519401670698568,0.25644571965341906,0.1723996104302666,0.4107024286559998,0.33840120815672736,0.2685416136247869,0.0
946936.0625,0.9202887415885925,7.927919387817383,0.549409965870102,0.25678844728039574,0.16157157298266772,0.39142134820520064,0.3298121707213003,0.2651717088926727,0.0
1265047.875,0.932661771774292,46.58852005004883,0.5192432813414023,0.2552146631666763,0.17198601595272275,0.4105259365160726,0.33783916609868897,0.2681854779365427,0.0
1316439.0,0.9108248949050903,28.496389389038086,0.518800669189347,0.25939735911583334,0.17505637336744942,0.41047944817688115,0.3377979099855572,0.26908532134792623,0.0
1331841.375,1.9200812578201294,153.35813903808594,0.5187299334399464,0.260402232449688,0.17652028894687177,0.4105028047114422,0.33773291426500074,0.27041077655639195,0.0
1252264.75,0.9382485747337341,36.6287841796875,0.5183476240949505,0.252847964601028,0.17337879496049097,0.41029884890171125,0.3356547372820151,0.27063921419388726,0.0
1256714.5,1.4759799242019653,74.62089538574219,0.5179931919429916,0.2506992882211877,0.17376189922382054,0.4098551532517826,0.3349852622375935,0.2720335039101355,0.0
1293593.375,1.878051519393921,157.54074096679688,0.5175381987223955,0.25353370514496254,0.1756601283862026,0.408916446347871,0.3345019428384468,0.2718101304662519,0.0
1269450.625,1.6915919780731201,132.91041564941406,0.5169720850788155,0.24636887156914467,0.16987281996779235,0.4084852978945969,0.33438849557105904,0.2706983086858512,0.0
1254791.875,3.0270607471466064,432.5519104003906,0.5185131119725536,0.24994342144258133,0.16915185679325118,0.4107342147407548,0.3362947746518651,0.267504851480799,0.0
1233107.25,2.0285239219665527,206.77589416503906,0.5214655183355843,0.24746362163975968,0.16311563743367688,0.41221882993069975,0.33839515121469615,0.2627524887297748,0.0
1263834.0,0.9638256430625916,38.37156295776367,0.5233798064220904,0.24614216254805735,0.16022330097169737,0.4124010558006192,0.34013182620239907,0.26134028715858376,0.0
962743.6875,0.5392640829086304,3.866588592529297,0.5505637879395906,0.2589188825734337,0.1631358442282082,0.3916022328812439,0.32936610208952005,0.2655159628158207,0.0
1212520.625,1.2535663843154907,59.5361328125,0.5242247317050055,0.24437531383072572,0.15671809288205263,0.4121127074356235,0.34078361707781674,0.2599979620945592,0.0
1143312.75,1.9641789197921753,185.1167755126953,0.5257446121020822,0.24312358692133573,0.15473373717173347,0.41066556260486803,0.34014719149711353,0.2579298788765744,0.0
1084538.75,1.4338130950927734,76.13448333740234,0.5273192181535529,0.24106102966197862,0.15366879808389672,0.4091448624221028,0.33530546432417635,0.25722037435113193,0.0
1057663.875,1.4640612602233887,145.5885467529297,0.527504295697832,0.24070892972007074,0.1554198770394367,0.4091373350303407,0.3360187125476361,0.2589525427997419,0.0
1085187.625,1.5161356925964355,126.67101287841797,0.5270562046445766,0.2408804427726274,0.15560471790700722,0.40985182478724463,0.3371174496574604,0.2592399192092954,0.0
1104111.5,1.6822096109390259,148.06759643554688,0.5263353988729502,0.24117047552016235,0.15632491639553975,0.4107565135736064,0.3395222797060694,0.2598289834010791,0.0
1046879.4375,0.9359533190727234,57.24452209472656,0.5295673644112552,0.24144174909376673,0.15367334798519316,0.40742861958294097,0.334674236393071,0.25830764040602616,0.0
1075007.75,1.4013372659683228,164.69802856445312,0.5301469702822004,0.24342052932763297,0.1543672721486861,0.40695618912120246,0.33592650155812354,0.2588496485797443,0.0
1061982.75,0.6152351498603821,13.864095687866211,0.5306563303096077,0.2446148809487931,0.15572350198067259,0.4071556505535936,0.33781011237474307,0.26062560924467604,0.0
1046889.8125,0.5517110824584961,11.660595893859863,0.5302628550699957,0.244079584171867,0.1554893872735008,0.40773372923134243,0.33847747929695615,0.2616053793239622,0.0
962314.8125,0.7610289454460144,9.015393257141113,0.5499025294240268,0.25772256810838423,0.16280780062326017,0.3910747120227887,0.33062735200642895,0.2650854874141665,0.0
1054628.375,0.950592041015625,66.66804504394531,0.5302923501587551,0.24409625001189947,0.15453773478315697,0.40771373844057435,0.33871721382144165,0.2617411000043622,0.0
1036548.25,1.1907650232315063,119.10993194580078,0.5299849830253689,0.2439995562682008,0.1559748294251032,0.4079351640056662,0.3389945096834407,0.26206921194841565,0.0
1035963.625,1.3183120489120483,86.13983154296875,0.5298196290452819,0.2437630749974753,0.15782991137821115,0.4079051998063043,0.33799956707824846,0.262066313696832,0.0
1064678.0,1.2738481760025024,75.58509826660156,0.5297124766641839,0.24500941905900447,0.15969500084016938,0.4076983936149536,0.33941138693608186,0.2614202352695598,0.0
1092654.625,1.014049768447876,65.83209991455078,0.5286961451318885,0.24406898440936975,0.16054591350004704,0.4089455066298905,0.34020841587314266,0.26232554226217253,0.0
1132000.375,1.221462607383728,82.0059814453125,0.5273379579889559,0.24337368872922335,0.16044657134752358,0.41055691074683487,0.3417209542176752,0.26351533940923033,0.0
1102209.125,1.535046100616455,129.56040954589844,0.5274694382397046,0.24377582803670092,0.16075699835684112,0.4103836455892034,0.34250422853925366,0.2637481490645834,0.0
1111934.0,0.9906635880470276,38.53578186035156,0.5287817030064056,0.24475103628708833,0.16197050698236187,0.4089473082010952,0.34212072925959325,0.2635652477159094,0.0
1112584.75,0.8228672742843628,39.45112228393555,0.5281622429802092,0.2441421199401454,0.1619143423611147,0.40983629474450844,0.343423488269835,0.2642556949280936,0.0
1153851.375,0.8549671769142151,40.997833251953125,0.5278154250331849,0.24379185488009306,0.16250849868443046,0.4105782280628882,0.3434748743977248,0.265183668614865,0.0
1121814.625,4.31734561920166,1019.933837890625,0.539721307749535,0.2616938844732941,0.18073709293987406,0.3996321319400604,0.33963641634217734,0.27110369966070036,0.0
1147926.0,0.7603397965431213,20.896692276000977,0.5280908737560551,0.24482099659686254,0.16302945026117568,0.41034111455681205,0.3436947054168397,0.2652765685167444,0.0
1155895.5,1.1850616931915283,67.95486450195312,0.5275865242075453,0.2445895996841676,0.16262932047868878,0.4108578877406913,0.34379749368182927,0.2651921794569647,0.0
1195213.625,1.0249801874160767,40.76664352416992,0.5271088005145995,0.24457372216326817,0.16259027540350582,0.41132467156524305,0.34382325627881605,0.26503486426171374,0.0
1140469.375,0.6617576479911804,13.094487190246582,0.5269020884603615,0.24448243002598466,0.16235749413109896,0.4114236275833549,0.34350620705683754,0.2648004290606231,0.0
1145801.625,0.470285028219223,4.294688701629639,0.5268252011279588,0.2447029374631809,0.16267362861034843,0.4113813178670049,0.34372824137124963,0.2649759226312977,0.0
1139825.0,0.6454140543937683,23.221914291381836,0.5268261595847699,0.24442828161246932,0.16284233259298106,0.41136806835553597,0.34309557787212225,0.2651272637344967,0.0
1129803.375,0.3340584933757782,5.161980152130127,0.5270615476834081,0.24431568122448238,0.16296919102008334,0.4112380857517913,0.3427636139428449,0.265188289612204,0.0
1122118.75,0.5207498073577881,7.970097064971924,0.5272177698673993,0.24477179174757252,0.16323924581404345,0.4111418502821231,0.3420582114224553,0.26459335528633265,0.0
1143869.875,0.5924924612045288,9.363551139831543,0.5273384526528047,0.2451966976197611,0.16334494234024402,0.41116774918899995,0.3425127833574194,0.2646630997731026,0.0
1199037.375,1.6981004476547241,145.05857849121094,0.5273498956559658,0.24477731251630586,0.16310328254044032,0.41131657451557113,0.3432026058888549,0.26506054877818985,0.0
1059368.75,3.5963528156280518,590.4195556640625,0.5186310340720449,0.23763930709792036,0.18328708527550844,0.3952875999400636,0.30974029803717956,0.2870485471962121,0.0
1202845.0,1.2474581003189087,67.8652114868164,0.5275409386288074,0.24441045898590144,0.1629922754715886,0.41119708342013034,0.3388786745030726,0.2651996937922842,0.0
1133242.625,1.2196149826049805,66.04155731201172,0.5278788814946787,0.2448237566117827,0.16339520620873174,0.4107815275820978,0.34301682092173935,0.26558424513463147,0.0
1178733.5,1.303383469581604,136.57484436035156,0.5279423793589193,0.24438235267484984,0.16320657311867007,0.4106642631249923,0.34159029511914807,0.26549028531471336,0.0
1125608.0,1.0484269857406616,97.21341705322266,0.5276752978608624,0.24393893443454795,0.1625838030985299,0.41097451195433793,0.3434566962356615,0.2657021937243022,0.0
1126929.75,0.4636775553226471,12.214068412780762,0.5273260734309632,0.24379463646886745,0.1624999412380811,0.4111419833203692,0.34439710072488844,0.2660430166807893,0.0
1163785.5,0.8578292727470398,38.53708267211914,0.5279930055502088,0.2441089458616068,0.16212172239797246,0.41023320003340685,0.34400989722079794,0.26478082823137267,0.0
1131806.125,0.9980814456939697,56.835670471191406,0.5284820623313603,0.2441844795143326,0.16243716669000546,0.40961266698583204,0.3430542059998876,0.26457169156685717,0.0
1104961.5,0.6437190771102905,11.503314018249512,0.5278599533070493,0.24315935731542032,0.16348877223879982,0.41016267604496803,0.3421317976021247,0.2660550446564442,0.0
1110855.375,0.9970541596412659,56.87099075317383,0.527180773606982,0.24301378148087555,0.1651855836313694,0.4110138514071494,0.34375207974612737,0.2684537917739634,0.0
1106113.125,0.6181691288948059,10.633152961730957,0.526983006995721,0.24302755894331096,0.16473051613317233,0.411390143007689,0.34445643907553875,0.26824604236292027,0.0
1029398.9375,6.667075157165527,1792.882080078125,0.5139503264231916,0.23233342674103302,0.18318457429548382,0.39525463053876414,0.3010385597511292,0.28807216230109145,0.0
1119311.625,0.711363673210144,12.9008207321167,0.5271522208002201,0.2428462417597442,0.16447654278391038,0.41139983704526734,0.34396886899249296,0.26785148036992573,0.0
1158958.5,0.8111015558242798,32.05046463012695,0.5275108635103275,0.24280418866453293,0.16318112380975988,0.4110683016511148,0.3442304070221442,0.26652418054852084,0.0
1130067.5,0.9023081064224243,97.52970123291016,0.5286133963136671,0.2437661568189835,0.1631881393876328,0.40994470792016424,0.3432468682514313,0.265194940750714,0.0
1164545.625,0.7692402601242065,20.351707458496094,0.5283479630196836,0.24401563768575243,0.16349503264409065,0.41033326386370594,0.34265361341356365,0.26528018548013393,0.0
1161475.625,0.8220174312591553,27.584524154663086,0.528383283999458,0.24630640295788064,0.164655295781578,0.41061344087921087,0.3403781383487303,0.2644529101816275,0.0
1140688.5,0.6290366053581238,17.115402221679688,0.5287648013143829,0.24778581712778333,0.16594077475394625,0.410420156916436,0.33954040477281877,0.2642894982802498,0.0
1086612.25,1.086435317993164,61.337520599365234,0.5286602247101659,0.24904922144003244,0.16627510140753396,0.41069861806249025,0.3400566886279193,0.2652262899606474,0.0
1033328.6875,1.6495850086212158,225.13938903808594,0.5288428655982305,0.2483851858819341,0.16499617447547668,0.41031890643538776,0.3400875618129835,0.2646289141423143,0.0
986739.25,0.6951729655265808,16.396947860717773,0.5293375938167963,0.24695847693099193,0.1635818224628024,0.4096990674471944,0.3396764510963413,0.26465876049032705,0.0
982205.25,0.812446653842926,28.11323356628418,0.5296267789243349,0.24651068901710457,0.1630926264257665,0.40926567506477896,0.3394654755897583,0.2644552009675627,0.0
1255321.875,3.7120845317840576,495.91717529296875,0.5160395093538798,0.24450040694977881,0.1893232839566158,0.3945879639671971,0.30234395955861965,0.28929527260235466,0.0
980697.3125,0.47570905089378357,6.645288467407227,0.5300078264387932,0.24702821722460364,0.16247734013111162,0.4088695099433642,0.34070741456118653,0.26404196116466516,0.0
977894.375,0.35168328881263733,2.7600409984588623,0.5302884594497416,0.24661730583351754,0.16253607254687033,0.40851372760593835,0.3412022030865357,0.2642668049038172,0.0
964583.875,0.5814228653907776,7.807177543640137,0.5304764381219471,0.24563149222179279,0.16267140965373686,0.408166697568136,0.3408103850638972,0.26472426760059364,0.0
958249.875,0.36566537618637085,3.3968615531921387,0.5307250430169246,0.24558576560658948,0.16293379687806847,0.4080613218202786,0.34037150604050953,0.26483089322272774,0.0
949157.875,0.6338644027709961,6.632049560546875,0.5310986147104831,0.24550939116927073,0.16289809258461913,0.40775075522909293,0.3402438939490835,0.264777744181926,0.0
937768.625,0.40582433342933655,4.3048834800720215,0.5315740544358178,0.2457602756892272,0.1626891684655883,0.4073318596062813,0.3385592067525464,0.2641192425624534,0.0
939252.0,0.38619136810302734,2.730492353439331,0.5317498063877035,0.24629607772823275,0.16336049167096411,0.40714746562956317,0.3384663887485257,0.2644260560405961,0.0
938612.5,0.3464619219303131,1.6911815404891968,0.5318029294330601,0.246352217383142,0.16345178712848724,0.406994104386493,0.33879688393048174,0.2645549064636785,0.0
939222.875,0.26725295186042786,1.5361618995666504,0.5318259150846518,0.24596490092534634,0.1635360868563135,0.4068800227044675,0.3390863413635714,0.2650518098882655,0.0
938394.4375,0.5517162680625916,5.486464977264404,0.5318606304907854,0.24600034212604388,0.16388286375855848,0.40667288461266704,0.3396940059549938,0.2656470321706986,0.0
1145258.0,3.8785269260406494,951.5615234375,0.5205652154924673,0.2504607446281745,0.19258442139424858,0.40179995734334406,0.3220139028909175,0.299569296258465,0.0
943015.3125,0.4540196657180786,5.654327392578125,0.5319897851804213,0.24690046717348757,0.16410265579038133,0.40645188909962415,0.3412893789993799,0.26602429535080574,0.0
959023.875,1.0733634233474731,112.2209243774414,0.5311861559742999,0.24654307028191208,0.16477654994790703,0.4073572483988329,0.3418301956530973,0.2668017982076821,0.0
996747.125,1.3037703037261963,108.58889770507812,0.5304936123055136,0.24788749657440234,0.16633315510945657,0.4082203381523033,0.34140251919684567,0.26703189776936326,0.0
1077590.125,0.9963600039482117,47.60319900512695,0.5305162315638698,0.24987600862605872,0.16837246520829136,0.40841941548245825,0.34125186054327467,0.26740729979710476,0.0
1089863.125,0.5803908705711365,15.364627838134766,0.5315458988529342,0.2505386317368984,0.16868756598057913,0.40725610257543715,0.3414109504409652,0.2673875402966608,0.0
1114031.75,0.6328601241111755,15.730132102966309,0.5313351694830902,0.2499382656779478,0.16698114879290624,0.40728215090060155,0.341330604670081,0.2656713650927836,0.0
1088084.375,0.6271353363990784,10.254857063293457,0.5311750277370028,0.24945258334508677,0.16733709901892835,0.4076426381626037,0.34135461538684825,0.26628456121982813,0.0
1049563.625,1.8210874795913696,159.7378387451172,0.5310335223294482,0.24899860719283717,0.1672360794366091,0.4079089883876754,0.34172149473067986,0.2669056484197849,0.0
997334.625,0.9929275512695312,58.51020812988281,0.5308404743619813,0.24742966901743688,0.16573003526653413,0.4080150987153868,0.34256116295993616,0.26686717913325825,0.0
988292.6875,0.4766435921192169,4.6158905029296875,0.5312126701103567,0.247357781882946,0.1646902978374295,0.40761358920223456,0.34277159986513284,0.2660987797937846,0.0
1182618.75,2.585948944091797,376.75067138671875,0.5237558157361131,0.2578462777942856,0.19390730534170122,0.4061164807860536,0.33238247179475305,0.30021334595791327,0.0
,8.951234817504883,1626.5474853515625,0.5380975469152051,0.296044455420578,0.18370868539567908,0.3997391319634618,0.34170101447744095,0.2663660998114798,0.0
913607.375,6.734787464141846,1124.6793212890625,0.5478414294333472,0.2867861323369959,0.1931759973475809,0.3744806408780565,0.31211421576110554,0.2199606982289706,0.0
872063.0,8.07083797454834,1706.510009765625,0.5233197811652007,0.23127262301449225,0.14680556782263116,0.39155224710610254,0.29200314031667085,0.19210386354021944,0.0
830512.75,11.357306480407715,2372.108154296875,0.4422136732966905,0.23252992387990656,0.12835073444087988,0.37923933037239854,0.30076333323924015,0.21420525651264585,0.0
741825.375,7.3761091232299805,777.2523193359375,0.4760454719298139,0.2415604443193984,0.1335226256243976,0.3742227794183003,0.29032161579936394,0.22574919048948605,0.0
841144.4375,9.666659355163574,1491.7652587890625,0.4703681880117778,0.2867306746082081,0.1270576832113547,0.37539448763258726,0.33989113132716986,0.23771289011261323,0.0
795111.1875,8.578174591064453,1300.2177734375,0.5171264443767676,0.302912554150747,0.13313405693289918,0.3717007981729039,0.3173305837256227,0.243073406581559,0.0
791019.3125,6.002933979034424,775.9342041015625,0.5431646837556183,0.26680327677497206,0.15871220253694696,0.39961636872563594,0.31604729752632893,0.23359734758763512,0.0
855405.9375,6.070351600646973,700.6487426757812,0.5102559916811755,0.252001945815688,0.1632613744462356,0.38258372678364855,0.3270292318944236,0.2334686038565028,0.0
859704.625,6.044104099273682,722.3452758789062,0.5898141149287073,0.31234221816745883,0.21351310205891583,0.37193400041782787,0.33270072335324363,0.27441063231644247,0.0
924044.4375,7.1335554122924805,1160.681884765625,0.6003996294186199,0.331318225613268,0.22186253941455172,0.3708547639418001,0.36746995095475093,0.28789769484691896,0.0
963035.3125,7.744137287139893,971.9680786132812,0.5058003318227546,0.3166593233844023,0.19784175951387536,0.4020162518468043,0.3555284825152946,0.2914435498214113,0.0
832233.3125,2.940537452697754,207.4492950439453,0.6077943105614274,0.32218918228680393,0.24361437604277508,0.38886467942017017,0.3435155899004443,0.3100336380511326,0.0
912544.375,4.775115966796875,478.7907409667969,0.5309386544063656,0.31723462325953766,0.2127343118410243,0.37902883322601627,0.3486153961809195,0.2940750457773807,0.0
962204.0625,3.26780366897583,171.5716552734375,0.6046110237533777,0.36216325133521005,0.24380264855271386,0.3736694849756542,0.3628645208720791,0.2951691421133544,0.0
978852.8125,3.313957929611206,240.69949340820312,0.5767860033520041,0.3461977620163833,0.2333512931011929,0.39193515236635484,0.376691383172085,0.2839801367258064,0.0
1017763.5625,1.6980516910552979,60.307674407958984,0.5622114970477943,0.3527292972854084,0.2302784414298955,0.399669790607481,0.37115493885919326,0.2754763692303715,0.0
1016050.4375,1.2376497983932495,48.84007263183594,0.5716440044027816,0.35561451977083813,0.23716783147205633,0.3896821067075131,0.3657839407939981,0.2685608370220575,0.0
1009375.0625,1.3678354024887085,44.00376510620117,0.5744366871902189,0.3534382035181808,0.23944197657896196,0.38714117406184106,0.36342704165073275,0.27196661743986894,0.0
996864.4375,1.00161874294281,27.164962768554688,0.5757210104332927,0.35355046475163876,0.24388437718714218,0.38674387242237324,0.3656295949528893,0.276742715667341,0.0
1027637.5625,1.237194299697876,38.45135498046875,0.5776324979789994,0.3579675179791727,0.2526241931487084,0.3865328396376894,0.3660983993905742,0.28243225835925156,0.0
1029266.6875,1.1912213563919067,62.02248764038086,0.5826556578522484,0.36321192746994824,0.26342895844673575,0.38444339099328745,0.3630526199348679,0.2879124083288575,0.0
1027865.125,7.111752986907959,914.00146484375,0.6039963023236968,0.363053671183559,0.2489974956011227,0.40821230391546703,0.372225827323097,0.30411998586716116,0.0
1061718.375,1.3555711507797241,72.97857666015625,0.5928150730596636,0.37723986498588946,0.28184195219774827,0.383355082920462,0.3618642637341081,0.2967979356376011,0.0
1106969.375,1.8819501399993896,131.09136962890625,0.5968781372489139,0.39113012497596317,0.29623566529932166,0.3836235323623613,0.36638157666159715,0.30809856134098124,0.0
1089010.0,0.9525658488273621,28.851293563842773,0.5972244017446635,0.39075789209772455,0.29493733639189085,0.38383983355791895,0.36796642051359707,0.3092675132245851,0.0
1105976.625,0.8384180068969727,26.18764305114746,0.5982287472772878,0.39297627451024064,0.29733199681178085,0.3845427970410627,0.3708170353374484,0.31365551727129537,0.0
1094056.0,1.2034004926681519,51.610347747802734,0.5966906477663592,0.38988200151300995,0.29468571671698485,0.3851276471533453,0.3702925620477324,0.3123538230085209,0.0
1087634.375,0.725919246673584,21.99510383605957,0.5946681176873856,0.3858667567838892,0.2909960320182249,0.3860679043966753,0.3715925985258414,0.3118852543057841,0.0
1049998.875,0.8322682976722717,24.363643646240234,0.5914095662689729,0.37827655883024225,0.2826038266442458,0.3878680655065432,0.3726163133423913,0.307876644220854,0.0
1029834.875,0.5086708068847656,7.900284290313721,0.5866853208514007,0.37332023786103585,0.27773473650818803,0.3903706157366485,0.3740780018986909,0.3082460980781046,0.0
1022670.6875,0.6503394842147827,13.803695678710938,0.58570764971497,0.3722461318630751,0.2743195054750087,0.39051300083460383,0.37363977097893497,0.3035222360178899,0.0
1034197.75,1.0258244276046753,35.27256393432617,0.5846954970693042,0.37320657777179234,0.2744120421617915,0.38970077675224074,0.37232181962819694,0.30193254746983444,0.0
1158342.875,3.858097553253174,338.9417419433594,0.5176938011868873,0.3322205442470721,0.2123505920209331,0.43436582384416866,0.39633172847122916,0.2936062096860191,0.0
1051706.875,1.2401412725448608,80.85527801513672,0.5861728481542104,0.37552165443456775,0.274038907694522,0.38832581544685146,0.37136023971507476,0.2979677886735846,0.0
1057365.125,1.7087299823760986,182.9207763671875,0.5872206740742646,0.37686024529421175,0.27390949602246945,0.3876824855074109,0.37127984797239955,0.2963939881898545,0.0
1049330.875,1.423624038696289,103.16878509521484,0.5893383091617818,0.3770957192426751,0.2725592185090924,0.38710672824279363,0.3715342601215199,0.2943671615267291,0.0
1024738.0625,0.864693820476532,27.6553897857666,0.5871336196720921,0.3705900543491703,0.26826869939242615,0.38783042558362857,0.3734962534984336,0.2979504782446412,0.0
1024365.4375,1.2715320587158203,85.13463592529297,0.5859357944502285,0.37050862091645853,0.2686999548467388,0.3885270577461578,0.37406392208239264,0.2993382673782977,0.0
1003920.5625,1.2192438840866089,98.552490234375,0.5815872444993004,0.36343710482601566,0.256780175441457,0.3904367789170728,0.37684193393833865,0.29199345870981624,0.0
988396.125,0.7925360202789307,39.84770584106445,0.5760282028896762,0.35920743853845005,0.25265562522240914,0.3954581355880604,0.38128961928558774,0.2945121810046454,0.0
984733.375,0.9825686812400818,53.717994689941406,0.5713491757743479,0.35933982122741914,0.2525568991542729,0.40007423503125444,0.38237694716109116,0.295665820347824,0.0
1167356.875,1.947537899017334,55.976715087890625,0.5532494247234794,0.3674438073448572,0.2447860604281312,0.4184085349966524,0.4033117848853277,0.304579150756879,0.0
1150967.25,2.4908926486968994,123.70004272460938,0.5500245202905085,0.368053901220488,0.23896839936859976,0.4055922685345742,0.3973100000922892,0.28829208877771606,0.0
1129590.625,2.3208723068237305,116.84815979003906,0.5241592767611977,0.34176045094744584,0.21063179733737503,0.38600969661827284,0.3708590783763531,0.2766922338958969,0.0
1049051.625,5.33870267868042,1070.6351318359375,0.49881710836613613,0.3144346287190875,0.21113819554693428,0.40480318487569344,0.37647957049993636,0.28505473529241343,0.0
996382.8125,3.8347058296203613,344.9839782714844,0.538401915346523,0.322446414124142,0.2008059636509987,0.384572444798641,0.359989541804463,0.2474652959914051,0.0
902541.0625,5.5279741287231445,595.8314819335938,0.5229722809025772,0.2983682208567289,0.1927582187489563,0.40267769115873914,0.3321388223543865,0.2389638475650815,0.0
,1.0630968809127808,16.36467933654785,0.4928601845770518,0.2742547366023925,0.1938897744904805,0.3928317019374965,0.3433039183722048,0.25833866203492595,0.0
925777.875,0.6743732690811157,66.43566131591797,0.5212081167279168,0.3269558972722552,0.22500361859162846,0.3994319267975504,0.38966581724938065,0.31127806789951196,0.0
926174.0,0.6516293287277222,7.964550971984863,0.5194106081311813,0.32565122405612307,0.22568319920162988,0.3997571607070885,0.38819730943395303,0.310993088112567,0.0
925826.875,0.8308953642845154,14.329103469848633,0.5178753691458119,0.3215667678598511,0.22199688638236098,0.4001843474816163,0.3855310264518429,0.30963879357484286,0.0
931010.6875,0.6382353901863098,5.179967403411865,0.5160311981945636,0.315299881487488,0.21828867546572714,0.3997155798460181,0.37981706820914735,0.30770562187984457,0.0
940487.6875,0.7428173422813416,10.540090560913086,0.5148233356083441,0.31231653274382315,0.21632376889091903,0.3995093689938456,0.3762371926921114,0.3066429624595916,0.0
957357.9375,1.1283961534500122,33.13924026489258,0.5124243557802886,0.3143983902239294,0.21689005618639692,0.39939595997026733,0.37855322112370815,0.30676926948163,0.0
965669.3125,1.1211589574813843,31.973312377929688,0.5048011084157822,0.31746297558300446,0.21760966293890838,0.39952188388607146,0.38358032755415555,0.3068939188056042,0.0
970363.625,1.1347122192382812,37.93178176879883,0.4983054312442264,0.3222716958052895,0.2209377693912231,0.39974062480362144,0.38860553110576124,0.3084906360647837,0.0
966640.375,0.9896149635314941,23.670011520385742,0.497671616274632,0.3267771033239172,0.2236821815092852,0.3993181317611659,0.3930552147508008,0.30921041814022365,0.0
964297.8125,0.9192501902580261,29.344646453857422,0.5092046048250817,0.3281168060396072,0.22572080125080374,0.39963727325093107,0.39329670435850533,0.31133665392399956,0.0
780707.875,1.3650556802749634,65.94235229492188,0.4921075255101025,0.2650951198674886,0.19272848985391455,0.3833199606507019,0.342908903448109,0.269747526836015,0.0
955647.375,1.0876051187515259,48.73126220703125,0.5103374921309822,0.324549842173965,0.22333474265578934,0.39907439213187607,0.3906114445274619,0.3096800975048084,0.0
965441.9375,1.085044264793396,71.72101593017578,0.5098051309693664,0.317599238970418,0.21995440355267767,0.3979662447595534,0.38080067120183,0.3084556089408902,0.0
985161.25,1.291536808013916,53.590824127197266,0.5137001703488204,0.32274273151883615,0.22114262205746377,0.3993794782651723,0.3789144194970058,0.30643572400665525,0.0
952673.75,1.6079062223434448,60.71820068359375,0.5152898349229053,0.32879766869680044,0.2261973979217486,0.399861783938102,0.3944497548003075,0.3090951299399662,0.0
948099.4375,2.152488946914673,164.52642822265625,0.5135612067055875,0.3315732830213559,0.2265477420796766,0.39917894044809593,0.396598538528812,0.3094565567880563,0.0
924875.1875,2.4843506813049316,259.367431640625,0.5099635928960073,0.3371016365348042,0.23207749784932014,0.3992794096359121,0.40418403334186437,0.3095672263982172,0.0
883147.0625,2.521456241607666,229.62474060058594,0.5064926196816196,0.33640548358447,0.23805233259774555,0.3991435261532519,0.39927258601569754,0.30473562060461606,0.0
814522.0,1.7608668804168701,92.15714263916016,0.52533181508488,0.3288211136137205,0.23695535334074425,0.40472691180035414,0.3851578020459175,0.2836085913162505,0.0
807355.4375,2.3441836833953857,150.47061157226562,0.5323165082492669,0.3242811101191554,0.22785257110478263,0.4087835740210487,0.3798275207593214,0.2669686523157616,0.0
827896.75,2.5316262245178223,195.8130340576172,0.5263497699448876,0.3255152670857463,0.22745761653661997,0.407041991332592,0.37774707671251423,0.2651252321082036,0.0
782415.25,1.4283617734909058,103.73711395263672,0.4852069025366671,0.26360942889974454,0.19181377734505947,0.3796675214892805,0.3432984802620705,0.2701132314343691,0.0
846834.1875,2.05924916267395,133.37522888183594,0.508413705257444,0.3234934258321951,0.22700361638809746,0.399373798576764,0.3775276703603442,0.264336844720051,0.0
814940.5625,1.7177526950836182,96.11640930175781,0.4959557938262311,0.30438358014246636,0.21302511546919706,0.3962659165281033,0.37306139957507345,0.25339637394028947,0.0
829507.375,1.6807702779769897,105.65530395507812,0.49345770552801604,0.309805632885395,0.21678831584053637,0.3956557096675556,0.3750357884392469,0.2553289991272266,0.0
807640.625,0.930510401725769,19.569101333618164,0.4808627412287468,0.26402124359190765,0.18876828602894646,0.37982982901528134,0.34174476012735305,0.26587035373451273,0.0
823726.875,0.832520067691803,14.509231567382812,0.4792802175536917,0.26225180533902864,0.18822587423352666,0.3813906610652945,0.3414240397803416,0.26779139427695303,0.0
820114.9375,0.7100293040275574,12.450431823730469,0.47815911994569965,0.26051838613071243,0.1879838843076443,0.38262703447726526,0.34261655292507126,0.26990253144982745,0.0
832578.0,0.596808671951294,4.4148383140563965,0.4765184948822888,0.26153028124446215,0.1862172659204204,0.38266586306423866,0.34358538396250965,0.26650341377288317,0.0
847228.625,0.6552841067314148,7.054344177246094,0.4747896280116041,0.26329014824234603,0.1870161766305427,0.38241321788766686,0.34271380048496236,0.26770264894549234,0.0
857883.0625,0.5430002212524414,7.449409008026123,0.4734999547881817,0.2646393062903028,0.1881433116896128,0.38234401256521144,0.3416356123003871,0.2680420561950165,0.0
863500.6875,0.6990815997123718,7.508696556091309,0.47274636677458975,0.26792610603978095,0.18962708421659447,0.3824852934996132,0.34121282537178954,0.26703923563695614,0.0
856794.3125,0.47536277770996094,10.211634635925293,0.47039595179522925,0.2670155821476927,0.19049475507098254,0.38132743447072764,0.34147807045696404,0.26930244977305945,0.0
744744.25,2.423574924468994,286.8001403808594,0.49697522406996597,0.2701718410390691,0.19103742115975697,0.3910547097680292,0.3416977966858758,0.2604551679953344,0.0
839239.4375,1.124581217765808,26.324195861816406,0.469895713639634,0.264044723798855,0.19009865510219826,0.38027372101362433,0.3416695179674704,0.2701841933900962,0.0
841061.9375,0.7142049670219421,11.271876335144043,0.47455835829834525,0.2659774526707314,0.19034320264530757,0.3811986297273076,0.33916813428521564,0.26993300193770253,0.0
844794.1875,1.3865982294082642,43.67552947998047,0.48104738540936043,0.26581606765640353,0.19007156314381163,0.38393455684027455,0.3378119971030832,0.26887648422747984,0.0
847085.125,1.3027197122573853,39.79143524169922,0.48480104518561795,0.2673338436621396,0.19019864509491366,0.383890988126087,0.33688753610776256,0.2679845818939701,0.0
831648.8125,1.4010826349258423,69.78567504882812,0.48541410311532074,0.26655236220779704,0.19063370183497927,0.38372830420873394,0.3391851335447628,0.2679804556982942,0.0
823136.75,0.843676745891571,19.701457977294922,0.48742896510715467,0.2676384112587351,0.1899358731003613,0.38495770792411765,0.3388948980065204,0.26532516929430194,0.0
826885.1875,0.7576873898506165,12.183789253234863,0.48766519147532106,0.2699146948810583,0.18855999887734184,0.3851569665485094,0.33797945473813695,0.26199139876102284,0.0
812974.375,0.7171838879585266,9.526165008544922,0.4820085007903915,0.2637663850783437,0.1840520094303856,0.3837977343056129,0.34064251607258866,0.26062480962560347,0.0
816945.4375,0.985201358795166,32.63410949707031,0.4806157341447979,0.2618717159500703,0.18326985912705918,0.3847422454568991,0.339852371859208,0.26231127278960603,0.0
813211.0,1.0739458799362183,34.65553283691406,0.4795274326055655,0.2598322235851721,0.18243961784477597,0.38438992646959874,0.3404783282998219,0.2630152442577259,0.0
780535.1875,1.1824893951416016,21.60830307006836,0.49791115041144546,0.2721593617482064,0.19306573856973597,0.39062504301139456,0.3427240105656716,0.2645962918856252,0.0
812353.6875,1.1339164972305298,54.851741790771484,0.4774968774627024,0.2577206589055451,0.18352293384916973,0.38254264934004195,0.3406647824401623,0.2647398956398652,0.0
833960.125,1.6636606454849243,129.92977905273438,0.4875679712587977,0.26519606841435484,0.18806660951142018,0.38736749428750294,0.337776199150891,0.2663622596209648,0.0
832784.5,0.883806586265564,15.59257984161377,0.4918021865363293,0.2662048845595205,0.1883942326184055,0.3890662216778044,0.33792612605624645,0.26602893796323107,0.0
824243.4375,0.6850884556770325,5.618106365203857,0.4933769526718495,0.26908053109580343,0.19024382164592274,0.38940650127834237,0.3369430195312385,0.26727084628382036,0.0
804453.3125,0.6526185274124146,5.681119441986084,0.4936705425389885,0.26779428422144963,0.19030532666420813,0.3886711279056525,0.3381463796311966,0.2674871538454563,0.0
797246.625,0.6714902520179749,9.826242446899414,0.4927650317226594,0.26541489541795166,0.1889828333024723,0.3877227693734254,0.3396027989516123,0.268185953548754,0.0
782777.8125,0.38551098108291626,2.613456964492798,0.492112159797504,0.2635308989101708,0.18782858332245828,0.38734502135470905,0.341114736698249,0.2666831148022447,0.0
789439.5625,0.8068386912345886,17.201080322265625,0.4924250777995024,0.26294523633288014,0.18764431017367017,0.3868173881331734,0.33926527089345365,0.26712692883182143,0.0
799817.9375,0.8624958395957947,10.869461059570312,0.4923713057624797,0.26534073245521256,0.18736916078362995,0.38634564311371805,0.3379270509451157,0.2655491880434261,0.0
807876.4375,0.3240780532360077,2.2927329540252686,0.49148932346860585,0.263569341002815,0.18746816259298832,0.38586210758549117,0.339042297356807,0.26770599466655887,0.0
796267.6875,0.8608737587928772,11.848493576049805,0.4977086699855568,0.2724508726713283,0.1922279992459957,0.3903894773466385,0.3418318192428944,0.263314375317136,0.0
797501.875,0.6883915066719055,10.643905639648438,0.4918493369545703,0.2641428584063321,0.18905396970106236,0.38607872468813936,0.33974518298808953,0.26913401834998113,0.0
794096.8125,0.49381113052368164,4.8362603187561035,0.49364476293057985,0.26576195138745773,0.18925984565861897,0.38728950979078813,0.33852499403861946,0.2683268435505451,0.0
787793.5625,0.5308011174201965,4.3464531898498535,0.4943293720409686,0.26739939787264916,0.19005963580737179,0.38797752347687275,0.340743133235486,0.2683308356748,0.0
775363.9375,0.7367055416107178,12.204643249511719,0.4944987912089653,0.27150731199010936,0.19388715252545854,0.38832195905502476,0.34570597002870795,0.2695935417798909,0.0
758070.1875,0.9844334125518799,17.526493072509766,0.49409329392700924,0.27970886825846,0.2014017734709697,0.3877338645496371,0.3512105281360556,0.27266189190628043,0.0
760529.375,1.0986169576644897,16.25368309020996,0.49366319387143054,0.27198560237772573,0.19623405918269268,0.3867577481584729,0.3427570409920213,0.2708886413913539,0.0
766799.5,0.8202345967292786,9.588605880737305,0.4937980263420576,0.27003199714370796,0.1944934626493906,0.3866641824646362,0.3420766606392865,0.27074086419816623,0.0
760859.6875,0.8133078217506409,17.130355834960938,0.4937702822077064,0.2798381058114395,0.20217550372821327,0.3865193715682128,0.35035662185658323,0.27321458470504667,0.0
760723.1875,1.0078151226043701,19.646316528320312,0.4930309519694844,0.2846680530018894,0.20673806839106573,0.38614499285586656,0.3562051479376582,0.2752332764988145,0.0
744262.5625,0.9150427579879761,17.182157516479492,0.49133862901695413,0.28723681892788555,0.20976135713285404,0.3849184391998915,0.3608845018051542,0.27586661743985,0.0
808685.75,0.784503698348999,6.679778575897217,0.4978611736183527,0.2702957287143685,0.19097122870308356,0.38941012119446616,0.3395061558998419,0.2639786032759139,0.0
750368.0625,0.8996150493621826,19.384490966796875,0.48701762104678153,0.28847432065850265,0.21047515318340576,0.38155309079273686,0.3599283085653143,0.2761112026557274,0.0
746325.1875,0.9242447018623352,21.912736892700195,0.4814817712249666,0.2838791019251202,0.2080636291205766,0.37865230360932645,0.3581515427133501,0.2768802756661119,0.0
743989.1875,1.6059609651565552,82.83619689941406,0.4813239179127544,0.2817400890818123,0.20593664103835718,0.37916698989539105,0.35808345062316876,0.27469710354149734,0.0
731381.8125,1.1674166917800903,26.605478286743164,0.48000046153766623,0.2742162653740585,0.2010163296749967,0.37842754374902315,0.3539189696361407,0.27095524770625234,0.0
730871.1875,1.397161602973938,66.4416732788086,0.47439856541118486,0.2646528672354307,0.19259243167315493,0.3763780404679326,0.34819960713687603,0.26744535605953834,0.0
737774.125,1.6160422563552856,139.01622009277344,0.47193240921859264,0.2586915463326367,0.18658360087780648,0.37598186237164366,0.34673930611975184,0.26723987995428233,0.0
736668.125,0.782734751701355,25.729265213012695,0.47256941045437706,0.2576038245722259,0.18622697391374093,0.3763693454980071,0.34703620596763457,0.2679725914772846,0.0
731350.0,0.9331120252609253,31.360288619995117,0.47206311440767385,0.26206642971361205,0.18947502801429167,0.37543956413706636,0.34935202400163506,0.2683154176849168,0.0
733039.0625,0.9394001364707947,40.97247314453125,0.4728100484672776,0.26726958829151887,0.19297652119805678,0.37604664778002506,0.3531518396371998,0.2689046932258184,0.0
740110.6875,0.6582739949226379,6.695065975189209,0.4741717134648817,0.26581185258052886,0.1918102667288754,0.37642181442718126,0.35189903891971513,0.2688946918460862,0.0
810136.4375,0.6995376944541931,5.550535202026367,0.4984226936147919,0.27099729576595577,0.19330172424623115,0.38915983021091305,0.3382158702896726,0.2665091764982931,0.0
739868.1875,0.8650875091552734,21.500289916992188,0.4779490614458009,0.26567118190196387,0.1936871798074846,0.3772824593389626,0.351693318965686,0.27178842325399244,0.0
737619.375,0.560487687587738,4.855462551116943,0.4812984959121209,0.2663729359561171,0.1940761538057703,0.37780971094858323,0.35238764056640687,0.27190631180893393,0.0
733327.3125,1.1893105506896973,84.97115325927734,0.4839754684032962,0.2695319250689412,0.1981687995706747,0.3781575459291751,0.3550923363226865,0.27554642482533126,0.0
732643.3125,0.9168087840080261,16.85232925415039,0.4847462451027858,0.2737926994900528,0.20229199864052275,0.3775408527711716,0.3583597331215792,0.2782551797924841,0.0
737865.625,1.4028007984161377,48.71165084838867,0.48261651276502326,0.2766262081655081,0.2055020601197917,0.3762880390696811,0.3601703068197289,0.27940860333979634,0.0
729884.75,1.2494090795516968,32.39594650268555,0.48287760845059324,0.2760599491174855,0.20603635365115988,0.375399427090118,0.36018270902845373,0.2800171322161453,0.0
720545.125,1.2457118034362793,32.795711517333984,0.48279975936993974,0.2826909248435591,0.21066100574468039,0.3741339512237766,0.3664739560704544,0.2783058768009215,0.0
731775.9375,1.182669997215271,26.610427856445312,0.48013129953746314,0.2823359894425288,0.206061636639074,0.3734627659815368,0.3681307137019044,0.27130608543432866,0.0
752264.5625,1.1822032928466797,29.572824478149414,0.4737186890266962,0.2827301600686054,0.20325773206709205,0.3723768422754365,0.37045088071272675,0.2673522870609964,0.0
755590.1875,1.1625549793243408,39.713741302490234,0.4740715578015046,0.28198138744357554,0.20206061422510513,0.3736588076653163,0.37057580249434074,0.2673874573121044,0.0
806128.0625,0.9858052134513855,26.739849090576172,0.4979341556730119,0.27152449887773233,0.1920618082526624,0.38893291155780585,0.33881294941354634,0.26480125086555284,0.0
737180.9375,2.1434919834136963,146.58848571777344,0.4798458031413571,0.27498919644719444,0.19840507746773287,0.37608396846373404,0.3673705987960032,0.2684560192163458,0.0
732148.625,1.998836636543274,84.02439880371094,0.4864470002078614,0.2763672377192583,0.201701303385038,0.38081726465277627,0.36880405848103165,0.27184603711437466,0.0
726872.875,1.824931263923645,65.16548156738281,0.4867190481976741,0.27773694108446323,0.19848497174503832,0.3848257902570582,0.36985201971759407,0.2672080150218175,0.0
726139.5,2.2153310775756836,137.19021606445312,0.4675535482090478,0.28046995491831095,0.19350684547505678,0.3814051605153202,0.37564898071844427,0.25715620139877593,0.0
758919.0625,1.7786459922790527,90.35433197021484,0.44917800454605106,0.2786943920435119,0.18982924208586882,0.3782737423066626,0.3759964628789449,0.2509036807293474,0.0
777927.8125,1.947873830795288,116.65621185302734,0.44336830020196116,0.27877049986144986,0.1889415930662917,0.37627240721805966,0.3747159222342054,0.24743544869753242,0.0
769634.375,2.2593469619750977,166.6478729248047,0.45086222941167475,0.2803112008761024,0.18823416700927875,0.3731611380946604,0.3714359569080111,0.2420113773963595,0.0
797257.6875,1.2883515357971191,50.49116897583008,0.4643802739258448,0.29280063217082897,0.19932512638010375,0.3729693844504647,0.37255784821287413,0.2456293172477616,0.0
805714.8125,1.8476791381835938,124.03424835205078,0.47769220184190303,0.3050867189686207,0.21084259793887455,0.3773611759018786,0.3779960934090277,0.25689163371897,0.0
815598.4375,2.07169771194458,85.1878662109375,0.4920115825320194,0.3199745953620249,0.2249900903527842,0.3884037613841602,0.38824653510715024,0.27652828549782626,0.0
799096.9375,0.8260531425476074,10.774934768676758,0.49832371512779366,0.27207423127515734,0.19258007283865525,0.38887874444383885,0.3398530550523773,0.26524380626042826,0.0
809557.8125,1.4791046380996704,106.54053497314453,0.4989852544720808,0.3215782557117485,0.22426078024815624,0.39456824755615627,0.3900611795355865,0.27672380133345603,0.0
810938.375,1.3546504974365234,57.43380355834961,0.5029739319267401,0.3273707074784753,0.23123028855191416,0.3986846727527353,0.3996615559307589,0.2940030885657864,0.0
881374.9375,2.3621203899383545,203.87460327148438,0.5025407484359732,0.3386570462582952,0.23870228816065978,0.4018293573872242,0.4135532956752349,0.31528832046246186,0.0
942253.0,1.523673415184021,66.08204650878906,0.502574318617806,0.3341782813921638,0.22953546285459683,0.4040050384735731,0.4017553311589263,0.31031815803873924,0.0
949291.9375,1.5902239084243774,87.73390197753906,0.5086138950256355,0.3187355808183742,0.2173807180514596,0.40485281680775326,0.38466648223638045,0.3054581203269533,0.0
948956.125,1.2169651985168457,38.17633819580078,0.5181764173525926,0.31201566254262825,0.2148917606604513,0.4059410372880739,0.3760952414434704,0.30650830280178226,0.0
961705.25,1.5524991750717163,71.32499694824219,0.5221244976576438,0.30830840918257435,0.21457402806758719,0.40709246171870034,0.3693224817107251,0.3064154135201817,0.0
960508.5625,1.0987248420715332,29.35132598876953,0.5237868021299453,0.31385467035324255,0.21856612873927173,0.40733929572846267,0.37293315621244083,0.3055407956753256,0.0
945849.9375,1.1670564413070679,33.99996566772461,0.524596079836401,0.3136233013521295,0.2193253009142147,0.40695457318098865,0.3735979069688221,0.3064199677904103,0.0
925572.6875,0.930234968662262,18.422666549682617,0.5241502174192554,0.3214856563597985,0.22501614403439607,0.40619524958895675,0.3818281410923147,0.3074689743324584,0.0
794369.8125,0.6826657056808472,14.026846885681152,0.49662731021847173,0.2696382970694416,0.19375126468256637,0.38660109633459494,0.3422770327936733,0.26754436551520017,0.0
930240.125,1.801582932472229,84.146484375,0.5238344665271447,0.3223581779267685,0.222951641832421,0.40544206123015186,0.38306041483016073,0.30667398491890846,0.0
947228.625,1.254546046257019,38.10926055908203,0.5225714539809104,0.32225829296613734,0.22129279806088573,0.40446337739127963,0.3826708861522729,0.3058336347924609,0.0
954549.25,1.104270339012146,30.453920364379883,0.5171877494304341,0.3172034948515542,0.21583175717515607,0.4015487182607915,0.37740668078461453,0.3041716489744797,0.0
952210.25,0.8880581855773926,10.684001922607422,0.5165815512846563,0.3210915256806762,0.21836753085453953,0.4010266552897201,0.3822484979213829,0.30705010033840796,0.0
956076.125,0.7643412947654724,9.125831604003906,0.5182216841973436,0.32500081409339365,0.22259565469828105,0.40069994687308624,0.3849695696184707,0.3095393326375718,0.0
954345.5625,0.8457057476043701,13.933511734008789,0.5219588925052343,0.3243526560092569,0.22241491465062568,0.4015554494873487,0.38313593131315454,0.3088334519678655,0.0
950903.125,0.7502945065498352,9.366403579711914,0.524272407670239,0.3223075594714216,0.21838590772275362,0.40233356020609096,0.3808333953258643,0.30625557925155295,0.0
945595.5625,0.871868371963501,9.863285064697266,0.5245834626686707,0.31986965815775353,0.21753050035096383,0.40137531977335766,0.3817344799258165,0.3068048481027653,0.0
930575.3125,0.8209859728813171,10.702519416809082,0.5246847528099176,0.3273176741730666,0.2233952095061952,0.40058814471706466,0.3910628301177486,0.30944628604363833,0.0
920505.3125,0.9863798022270203,15.126208305358887,0.5242194577198329,0.3288219928758221,0.22550475770716197,0.3997018339598897,0.39385868111896805,0.3103978162821528,0.0
782837.1875,0.7051613926887512,8.851590156555176,0.49265596889466345,0.2669866339133147,0.19286987732336341,0.3832752161708229,0.342703138310509,0.2684350391833549,0.0
,1.1749839782714844,111.24358367919922,0.9323670683020382,0.9311781373930953,0.919937780449692,0.22941428684213536,0.23057901737814882,0.24398149102251088,0.0
678185.5625,4.182161808013916,736.554443359375,0.9104385058531683,0.8089268393657686,0.6769291870357526,0.12067788871106536,0.258451785476997,0.3893715386836411,0.0
85216.4453125,5.559614181518555,1121.7935791015625,0.9240229380296422,0.7882585401458545,0.6472696517169535,0.10124120839126421,0.26527513730395497,0.4046067603570515,0.0
8882.89453125,3.395684242248535,329.8764953613281,0.9120513554595391,0.7019151769134162,0.643506259164582,0.13801657686221666,0.38520310414801034,0.4386858588784375,0.0
49585.48828125,2.301863431930542,234.61331176757812,0.8707248813845537,0.8527119567560286,0.7459812814154593,0.2584296649124671,0.27366119770567127,0.391680351584942,0.0
7262.685546875,1.5967415571212769,146.96627807617188,0.9237416299038252,0.9172475646482312,0.8884946416219379,0.23580727222834494,0.2433977267465486,0.2930153346528772,0.0
160.1900634765625,0.568561851978302,5.921670913696289,0.886172126731539,0.7827468200043395,0.64568435313347,0.12593981837231602,0.2685709161297948,0.2824259148481567,0.0
255.45440673828125,1.3484197854995728,8.890884399414062,0.5507346924060825,0.45415064069798244,0.3760104913420814,0.36831002300442417,0.3749620703559788,0.38934146757992855,0.0
1977.90673828125,3.4673614501953125,239.87533569335938,0.534547735443131,0.4177795933537243,0.30472277434872264,0.37422151844051016,0.36776816235854526,0.3322055079265683,0.0
77826.8046875,5.403415679931641,679.4100952148438,0.5318648413802101,0.5153530049210108,0.3577427118851688,0.36488491293141256,0.3723822989203414,0.338864549647612,0.0
103926.8359375,2.149444580078125,120.62017059326172,0.5213684578193354,0.48278565714584765,0.3066189309114564,0.38603701224289844,0.40912661274038314,0.31436216341233436,0.0
51006.02734375,2.47495698928833,237.9163818359375,0.9277429921421884,0.8879213694935261,0.8207353264365251,0.15862397157757332,0.2587611737045367,0.35082149362421877,0.0
219807.109375,3.004648208618164,227.75653076171875,0.5164935944111854,0.45571701323897085,0.2850077741700406,0.46142991223838653,0.4594296411254008,0.36151760331820854,0.0
402315.59375,6.314850330352783,1123.3348388671875,0.47312576785468463,0.4137199026453682,0.2811443756071188,0.4647690256114629,0.4595133015669186,0.3842581598240877,0.0
515139.84375,4.911917686462402,1079.5606689453125,0.4864281746061863,0.41137650515275814,0.2915105566644912,0.4689882067138219,0.45562105764744837,0.3868638615740398,0.0
571317.5625,7.193688869476318,2860.772216796875,0.4962476867788708,0.4073532524004484,0.3100053519098568,0.4676956718486037,0.44996050352050476,0.375290784543908,0.0
784591.5625,6.493343830108643,2885.356201171875,0.5022747965667494,0.4191650273371997,0.34651842337856803,0.46227867644863474,0.4493819615760662,0.3761941879488401,0.0
1157870.0,5.173598766326904,884.0214233398438,0.5182609481750916,0.46207038999178995,0.3627570988241002,0.4570748969794122,0.4372369553900793,0.3651410416149985,0.0
1391332.25,5.051955699920654,807.9852294921875,0.5497115042703664,0.508889571333677,0.3711951781396582,0.4444580966374599,0.4227643685112897,0.3564506992888557,0.0
1125755.0,8.917095184326172,2721.94189453125,0.5745506139943606,0.542736563065564,0.37307173808906097,0.42930062777590844,0.41222233592475294,0.3574072921210513,0.0
89571.109375,7.101278781890869,1175.477294921875,0.5708473899916349,0.5460739304877842,0.31908241131505327,0.4314106220639971,0.4157454137735888,0.3994294717295901,0.0
51.7686882019043,0.519299328327179,13.45782470703125,0.6417514295114265,0.6097797752093491,0.53183494029841,0.4259135245699457,0.4075893537723118,0.40456988320534726,0.0
74127.328125,2.285775661468506,197.1797637939453,0.8685483167748536,0.8303440314047574,0.7247980648206287,0.23959307205729982,0.290181629159288,0.4054154654918803,0.0
1434043.5,3.493328094482422,457.9222106933594,0.5970069941238341,0.44405119243498603,0.4383682874053856,0.3202666198360024,0.35680335205505254,0.3527141045195982,0.0
1537346.0,1.6304950714111328,53.75400924682617,0.6045806031532877,0.44141789951382093,0.4366053185728074,0.31431639173983916,0.3647715686730881,0.3613877965862946,0.0
1553368.75,0.4289519488811493,3.6235992908477783,0.6075192232300161,0.4412244466583732,0.4362681456481108,0.31181853303561236,0.3660615321003568,0.362357344622734,0.0
1579764.375,0.7080649137496948,19.72776985168457,0.605622417449502,0.43926352612126435,0.43420639607202355,0.31267169035175596,0.36726033961160204,0.3634685279991425,0.0
1542508.0,1.0984915494918823,42.496482849121094,0.6046068651078755,0.4428402235308788,0.4376892502495926,0.3131963553228448,0.3616476674964453,0.3576621783841925,0.0
1532848.625,0.8164803981781006,26.27208709716797,0.6044812918882185,0.4448852124769762,0.4395957425904309,0.3132639816201734,0.35850711982678335,0.35439034980104406,0.0
1567910.375,0.5676840543746948,12.945040702819824,0.6036944026973778,0.4419598251629202,0.4366244127335127,0.31329981803880114,0.36080777677225834,0.3567613368758589,0.0
1559630.0,1.310939908027649,73.3971939086914,0.6039252275406568,0.44114228022027246,0.4361761606272499,0.31290639528089065,0.36286421670717883,0.35914786459378717,0.0
1504740.75,0.786655604839325,19.53109359741211,0.6032707328916203,0.4456719664738253,0.4413754341775063,0.31401003308890724,0.35859748272052155,0.3553421084021925,0.0
1520646.875,0.7396844029426575,18.447961807250977,0.6024248935622281,0.44418946561330686,0.4398164922265791,0.3146016029297108,0.3593346306367292,0.3560074303433839,0.0
82618.671875,2.1423521041870117,202.1400909423828,0.9181630411525546,0.7919464102591324,0.6458877879436683,0.12021019141751378,0.28026705232933874,0.40930247829326905,0.0
1560679.0,0.5575093626976013,17.963075637817383,0.6033614742477631,0.44192873683035716,0.43733993576830466,0.314142729454898,0.363049780532525,0.3595953978010628,0.0
1567201.75,0.6576545834541321,11.170405387878418,0.6050021581174837,0.4420102549889611,0.43703941811109487,0.3142788137293568,0.36510739115504526,0.3612997336476982,0.0
1609415.75,0.7566776871681213,31.10668182373047,0.6051565272817648,0.4409695550097401,0.4355277669286769,0.3154932970969271,0.3682007671476539,0.3642138360740765,0.0
1615304.5,0.7805092930793762,22.692075729370117,0.6050630375803548,0.44126023001909587,0.4359276008019871,0.31628559425781644,0.36862681479206066,0.3647431685326503,0.0
1597023.75,0.8233827948570251,25.4873104095459,0.6044286228757338,0.44238415047846447,0.4372066083732058,0.3164757947203318,0.36619196310028274,0.3624111680108289,0.0
1553769.875,0.39419350028038025,4.960221767425537,0.6039396413577682,0.4420472661510665,0.43817072121097844,0.31631921036732785,0.3654131832832448,0.36271700961745434,0.0
1555426.375,0.9074230194091797,33.83561325073242,0.603016543585301,0.4406494317372727,0.4366701900437255,0.31433886427464813,0.36355634791592967,0.3607060089341259,0.0
1598229.5,1.0598890781402588,53.276405334472656,0.6016474250868961,0.4370150227132005,0.4330965585768916,0.3133968778951954,0.36426900041387206,0.36165570158398763,0.0
1582601.25,0.907357394695282,22.734542846679688,0.5989061542829431,0.4365831863823202,0.43284710877012683,0.31279803383812604,0.35954063169631606,0.3568192170293613,0.0
1568477.625,1.3033655881881714,44.71629333496094,0.599549715894307,0.43461296256086446,0.43070902863620103,0.3125850337391169,0.35958582920865456,0.3565723322212128,0.0
615755.125,5.287050724029541,1315.0274658203125,0.9086716343849917,0.80111660317635,0.6674944857676918,0.1316689604591228,0.27834329453372675,0.4016575588452834,0.0
1581545.125,2.2819902896881104,141.8330841064453,0.6031877589288742,0.4331203913189445,0.4291701638588492,0.3118741454627233,0.3611222400213087,0.35843700784890026,0.0
1587365.625,2.569089889526367,238.56570434570312,0.6153934503338633,0.43345565661386487,0.4294369182050948,0.31091758144053877,0.3670774305639359,0.3645642363729606,0.0
1558976.375,2.938828468322754,233.66734313964844,0.6296305568890721,0.4434283471339259,0.43886468044702426,0.3062889401702879,0.3567481238871142,0.3534897695825951,0.0
1553085.875,1.8969923257827759,160.82359313964844,0.6246910858064295,0.4406381086776852,0.43556416374107354,0.30239900512882595,0.359632801936706,0.3557408772432427,0.0
1555655.0,2.7863643169403076,232.505859375,0.6283309301765392,0.44637016252465167,0.44199116417140544,0.30134497905776975,0.3575093264211457,0.354544849081886,0.0
1550836.375,2.3845183849334717,175.85507202148438,0.6363394779358249,0.44511049362815697,0.44111014551649014,0.2972526065429242,0.3582681081072629,0.3559271386269463,0.0
1529514.875,3.1771130561828613,209.5233154296875,0.6145771399101463,0.44380570616166826,0.4393024745680863,0.30734099778239893,0.3667599814235024,0.3642037488404793,0.0
1534997.0,1.6578203439712524,58.702579498291016,0.5944088864682072,0.44461219167155636,0.43965487874617715,0.3208232517075118,0.36984284334946627,0.3665259371346276,0.0
1555436.0,1.0822004079818726,52.32558822631836,0.6017023697928773,0.4453893984034854,0.43980669284255897,0.3188534611857603,0.3681801146546013,0.36420050565375034,0.0
1569619.875,0.6064984202384949,7.3808722496032715,0.6060454120294544,0.44390208799382225,0.43802167886266336,0.3179734069754098,0.36927725733150896,0.3649626768143378,0.0
866678.6875,1.0819449424743652,35.69478225708008,0.9052210863359087,0.8046679799604598,0.6675542058845028,0.1365550069112219,0.2726607507895651,0.4032398030672715,0.0
1569240.75,0.9053850173950195,17.867881774902344,0.6081697744588808,0.4440184295048511,0.43685497428311515,0.3165108159426719,0.3693428218097399,0.36380830959954796,0.0
1570124.25,0.5989586710929871,8.551255226135254,0.6093470601491933,0.4448321152314194,0.4371725576867634,0.3159663043321326,0.36882412799519376,0.36290220884730395,0.0
1580044.0,0.4549466669559479,5.292558193206787,0.6103271979345425,0.445432771843683,0.4382195669331847,0.315341339762183,0.36879078975697044,0.3632634481667413,0.0
1550419.5,1.404099941253662,60.00215530395508,0.6096108564231896,0.44768328657342465,0.44023922792820197,0.3161103864160915,0.36586450346893007,0.36003041377805745,0.0
1511160.0,0.5398784875869751,7.866278171539307,0.6104780736142819,0.4490089143441006,0.44191777332545246,0.31522566033885285,0.36532013144182934,0.3599717349754729,0.0
1531897.125,0.6477641463279724,8.948607444763184,0.6097802164778335,0.4477500113689155,0.44016610721144345,0.3158506841564592,0.3658104870018339,0.35999355098215147,0.0
1554919.0,0.9537646770477295,41.94470977783203,0.609154300666524,0.4460382140771285,0.4385662753193072,0.31586386439335273,0.3663200000193698,0.3606845149583606,0.0
1577451.875,1.3626538515090942,73.11212158203125,0.6063070387223901,0.44434983120892785,0.43709668616609104,0.3175746432260627,0.3660378844242335,0.36054074287438953,0.0
1582070.5,1.4433085918426514,53.04714584350586,0.6086630634891339,0.4436561130367135,0.4363952971740188,0.31656067219980133,0.3674182907238435,0.3619404910659157,0.0
1571373.125,1.0701696872711182,26.138669967651367,0.6122803769685584,0.44511346614707326,0.43730129821075303,0.31412336884428593,0.3672540184204163,0.3612755481834711,0.0
948021.5,1.4710266590118408,74.25897216796875,0.906398081125971,0.8129183029979823,0.6728304340318079,0.13265169612749195,0.2568130153575992,0.3952999984236119,0.0
1570006.75,1.0451980829238892,41.22210693359375,0.6208447336118958,0.44639356037141936,0.43794096970579466,0.31014142724691707,0.36661803093278683,0.36015845466080326,0.0
1547059.25,1.897068977355957,106.46356201171875,0.6323337754711591,0.4462437756932117,0.438840080900838,0.30466394303055944,0.36488396789583716,0.35954166695159,0.0
1552922.5,1.42020845413208,82.93140411376953,0.639523429336752,0.45304768350075475,0.4463370430349384,0.30242208897409295,0.3581122978811909,0.35354533370159247,0.0
1586913.125,0.7575259804725647,18.875499725341797,0.6391996764618677,0.45939972310946486,0.4530300756786855,0.30117697627344436,0.3565349126985489,0.35243334169993945,0.0
1596632.375,2.0245749950408936,153.04913330078125,0.6401369681757311,0.4626086600059529,0.4562952309928467,0.30110160070458014,0.3548006762979047,0.35077210978283,0.0
1556523.875,1.564327359199524,70.51863861083984,0.6321148675131135,0.4489307827463074,0.4423255443904886,0.3030519634832732,0.36297509848250775,0.3585874296671863,0.0
1565218.375,1.1592381000518799,43.2734489440918,0.6100629401045627,0.4511811547084165,0.44484311956899714,0.31338718665320653,0.365789676377757,0.36170662420338145,0.0
1567423.5,0.7242518067359924,14.270233154296875,0.6083911245372235,0.45009653728274784,0.44402764362418146,0.3137419638168351,0.3664917101133575,0.36247566008551924,0.0
1569607.75,1.3043183088302612,59.192996978759766,0.6114229664733987,0.44870954236236704,0.4425572365787083,0.3121049089884064,0.3677895688990678,0.3635919762583449,0.0
1543944.875,0.6092514991760254,8.191383361816406,0.6137354071149115,0.44772363899444634,0.44084522860227415,0.3106960373415372,0.36741631536898006,0.36202357883257863,0.0
883513.125,1.7627131938934326,109.98826599121094,0.9082980945444474,0.8090179434023845,0.6725117316088255,0.12800073031933543,0.2608297456294585,0.39617829179094305,0.0
1557349.625,0.5593104958534241,19.12060546875,0.6165682493165038,0.4477966269863288,0.44035682313091623,0.3096403567031369,0.36679720547978856,0.360869822553036,0.0
1565279.375,0.2727304697036743,1.0671348571777344,0.6176965886443114,0.44787724134987084,0.4405483764395273,0.3092188532883632,0.3669602753352086,0.3611003499118677,0.0
1568778.375,0.22726407647132874,0.6871989369392395,0.6179604886508707,0.44814307305063594,0.44097548679224285,0.3088227540292816,0.36651258616247534,0.36080716041477595,0.0
1569741.625,0.30729758739471436,0.9784321188926697,0.61871705343883,0.4484387917324327,0.44104512386592565,0.3082583449291204,0.3663359089735819,0.3604775928068526,0.0
1572484.5,0.31332433223724365,1.175680160522461,0.6190524951296223,0.44887175009802166,0.44094263164081254,0.3080557453757512,0.3661776498619726,0.35987099344343865,0.0
1574194.875,0.23998619616031647,0.7372446060180664,0.6193136326101448,0.44895633830922876,0.4410580218104832,0.3079224299805969,0.36627312773820764,0.36009598170549173,0.0
1539438.25,0.9148514866828918,50.084720611572266,0.6198521180186385,0.44902085656976,0.4399680331048217,0.30754059713756304,0.3669377408701638,0.35988978232930824,0.0
1526936.0,0.2670356333255768,1.0203077793121338,0.6200196879082078,0.448620697039557,0.43931768627471024,0.3070325642644638,0.3667973270415257,0.3596318761025965,0.0
1528751.125,0.22972123324871063,0.651168704032898,0.6200607763783839,0.4490702230600725,0.43953284059634223,0.3070204020452607,0.3663326103498419,0.3589285365164139,0.0
1529059.125,0.13015398383140564,0.2546110153198242,0.620124538984992,0.44926666871132936,0.43992475836536976,0.30701004047151065,0.3661590264053952,0.35893632042229917,0.0
953306.3125,1.2045472860336304,36.467002868652344,0.9083235215278341,0.8161803563609782,0.6803386628533857,0.12704595608020633,0.24831150200289695,0.38670941611106086,0.0
1523009.0,0.963455855846405,18.31983184814453,0.6184403019330567,0.44909018790228633,0.43938164300695876,0.30815943029946,0.3654152539807948,0.35795024183958063,0.0
1506489.0,0.749036967754364,8.450749397277832,0.6124765748194217,0.4491774461290708,0.43918302578034846,0.31310697937970533,0.36327707212798344,0.35603793783115123,0.0
891233.0625,1.0979483127593994,28.8032169342041,0.9084295498115115,0.8147066924195353,0.6797672264620309,0.1258009224273483,0.24934134591309648,0.38729562791362737,0.0
,1.0377044677734375,43.958614349365234,0.48414107683606517,0.24864360397736301,0.2093499848116733,0.3322448535563332,0.26289624228608804,0.26570716558052404,0.0
412176.5625,1.2900184392929077,88.8727798461914,0.4824773733123629,0.24409546742302116,0.2144409449814842,0.33840627822362923,0.26540195865360894,0.25565541584384527,0.0
396541.59375,0.6177741885185242,14.337677955627441,0.48473590332969035,0.24060529744301537,0.21141899528352917,0.3404980578337397,0.26206555369971674,0.25037063794483344,0.0
400887.9375,0.8352411389350891,27.744924545288086,0.4900391579640754,0.24058512908743182,0.2099304664932857,0.34333568990349383,0.2574020596557442,0.24419916848212048,0.0
411110.34375,0.5378791093826294,7.292712688446045,0.49098997808287503,0.23999632658839784,0.2084615417698457,0.3432247536122165,0.25149314545709756,0.23842087120563232,0.0
417792.84375,0.8973903656005859,23.39168930053711,0.48893821262225834,0.24408557788798957,0.2123397201061592,0.3407743211146821,0.25915684958054475,0.24624042119280629,0.0
445350.3125,1.3202327489852905,62.91424560546875,0.48606776725926704,0.25470803018902244,0.22078380724120705,0.3379814273965415,0.27354191896949204,0.2629529160945753,0.0
473887.0,1.3726146221160889,122.75005340576172,0.48324587254708434,0.2659406046505657,0.2252897698856751,0.33475999179850113,0.27545090561499164,0.2700805555613994,0.0
486504.125,0.7564529180526733,23.560287475585938,0.48308298422607904,0.2757072331379997,0.22681675089018583,0.33260374843518464,0.2772978180167087,0.271640558218164,0.0
511998.46875,0.7812284231185913,43.461021423339844,0.48503769007009595,0.2804382675969479,0.22802252514676213,0.33197353937290375,0.28012594373352384,0.27329357223619183,0.0
565923.5,1.1941115856170654,101.02328491210938,0.4862534017115913,0.2667872261206438,0.2143390939956512,0.3315277536314206,0.2762041460923664,0.27120425530972964,0.0
738489.625,1.1757023334503174,67.29979705810547,0.5047481059794636,0.2660999392318295,0.20934217349211212,0.3356863007497797,0.28112774730222756,0.2787210054972948,0.0
621984.0625,0.41916704177856445,8.844568252563477,0.48654448995651306,0.2586822877643378,0.20664342108042727,0.3314942761814219,0.2732609970877905,0.2702401556944416,0.0
630506.0625,0.5742688775062561,16.581314086914062,0.48628877425948575,0.25702691972121705,0.20680791602527954,0.33179010318616986,0.2730780947766828,0.2709092777310824,0.0
795935.6875,0.5890500545501709,14.092145919799805,0.5047559131471571,0.2635378909184532,0.20575605559354476,0.33555859362264556,0.2792745000271182,0.27577328642858734,0.0
843784.25,0.8017678260803223,34.10198211669922,0.5036150277907552,0.2540975458075015,0.19744480798363545,0.3354443489287705,0.2741095003852854,0.26898699094356227,0.0
818868.5,0.7997251152992249,31.897363662719727,0.5006031659465998,0.24923147081186636,0.1948650818909608,0.33460240763192695,0.26893094412437446,0.26405047799811754,0.0
771629.125,1.2020251750946045,50.90631103515625,0.49992381109397543,0.2631984780630743,0.20884370291672275,0.3343311132930016,0.27965356482139253,0.2780449558901738,0.0
718694.6875,1.2752445936203003,59.45874786376953,0.49930216053695103,0.2643506083765519,0.21127708949746143,0.33402919068475806,0.278031229804369,0.27725343508119293,0.0
692996.875,0.9358612895011902,34.475616455078125,0.4991834859812404,0.2652551576489831,0.2134436511893371,0.3339105267098399,0.2764552204929903,0.27618719352692966,0.0
679043.0,0.7058610916137695,21.89981460571289,0.5005273759859741,0.2698379469430396,0.21739551963358328,0.33475691444208716,0.2791534829794172,0.2775274256272566,0.0
660164.1875,0.6479914784431458,16.344440460205078,0.5016070292519713,0.27231119278478483,0.21869425635032724,0.33554818246420653,0.28115250601507713,0.27780726133564543,0.0
640356.75,0.46725931763648987,8.232699394226074,0.5023034634188206,0.2739232749240475,0.21995589493706413,0.33618662959754364,0.2829975279032663,0.2780418116819531,0.0
585975.1875,1.3779407739639282,52.61942672729492,0.48405293028363383,0.2476053015659896,0.20782974583586195,0.3319433264369536,0.2632787572026114,0.26625943840921396,0.0
638156.25,0.4388200044631958,4.382863998413086,0.5027724869147718,0.27552372347428455,0.22208559442750536,0.3363293595718391,0.28473767580971016,0.2799453476449338,0.0
649343.5,0.35407328605651855,2.1356101036071777,0.5034530991667686,0.27660169911345683,0.2227568771759629,0.3362608421585478,0.28573912329628764,0.2808273310264638,0.0
660353.4375,0.4905567765235901,5.425721168518066,0.5044037000360955,0.27756256782645694,0.22299026512622236,0.3360236674016296,0.28629635476439363,0.2812899516707544,0.0
673545.3125,0.6164681315422058,13.272485733032227,0.5056640164710637,0.27716494271354425,0.22299997598295923,0.3354466855729644,0.28530802614314904,0.2809182092812945,0.0
698843.5,0.6646866798400879,16.204729080200195,0.5064699578143724,0.2787800204017548,0.22434678146042442,0.3346767850818209,0.2865876156791419,0.28293957841386397,0.0
705396.8125,1.0299187898635864,62.434959411621094,0.5075450747745371,0.2801518896767364,0.2249040466512016,0.3337394984119197,0.2874550335223188,0.28442620357008846,0.0
751252.0,1.0651037693023682,74.4447250366211,0.5087244697586488,0.2810086631355121,0.22499827774611653,0.333545090510538,0.28730229402084106,0.2852275485293314,0.0
778492.4375,0.824080228805542,39.853370666503906,0.5096897263087298,0.2824871125815718,0.22550857210867553,0.3324433788760069,0.2876214922863987,0.2862062974173333,0.0
792172.4375,0.4653107821941376,5.248749732971191,0.5099067296852694,0.2845056551755207,0.22714492689532806,0.3317456662047176,0.2885535724100627,0.2871972818666166,0.0
801284.4375,0.6164257526397705,15.476394653320312,0.5106065599026876,0.2853124592150611,0.22768523790334055,0.3317216886727379,0.28874371501873203,0.2869237592405356,0.0
574595.625,0.7478815913200378,18.446260452270508,0.4846864407686151,0.25103545838149505,0.20916844340735366,0.3323731333459415,0.2638491932606181,0.26654877121922976,0.0
767540.5625,0.37949228286743164,5.587324142456055,0.5107436921402173,0.2867113888604134,0.22803276628742186,0.3314628988605055,0.2903444430855616,0.28650682919304116,0.0
767062.875,0.40953144431114197,2.2025630474090576,0.510692653300148,0.2867795360875908,0.22818963507512285,0.33114996399521857,0.2901665328070742,0.28634803344885196,0.0
769002.9375,0.31149742007255554,1.3326259851455688,0.5107069932161143,0.2862604763111308,0.22768245708122414,0.3309430376258661,0.2895184406907354,0.28561082623116835,0.0
792298.3125,0.48218393325805664,9.572911262512207,0.5110551087775832,0.2868548397627121,0.2280816098120351,0.3311821840537408,0.28950023359452787,0.2863465357001116,0.0
812503.5625,0.38875341415405273,5.529994964599609,0.5113397222594452,0.28828738669188814,0.22965907800475496,0.33151183473114176,0.29002842033875054,0.28698674054392975,0.0
779709.875,0.5490404963493347,14.264687538146973,0.511536647574027,0.2882889666195607,0.2297768097192701,0.33208880351871156,0.29173643294106366,0.2869770030784512,0.0
788472.0625,0.6660496592521667,22.815927505493164,0.5111310288572963,0.28919258470787995,0.23079460331175122,0.33220024923481634,0.2926952563299225,0.2875845754177086,0.0
756344.4375,0.8586753010749817,47.84626388549805,0.5093651637784556,0.28584462845534575,0.22755114067196563,0.3310875215237081,0.28999428557355433,0.2851411959626075,0.0
747955.0,0.3477421998977661,3.5455329418182373,0.5085917773749998,0.28446039094410436,0.22587531707702363,0.33085570644288703,0.28843786413631234,0.2835319144561876,0.0
753274.5625,0.43088528513908386,6.214097499847412,0.5074520830142845,0.2833929968478125,0.22467053062187897,0.3305330933629098,0.2877575545416298,0.2832103708695755,0.0
587447.4375,0.8938011527061462,31.550121307373047,0.4847236167703992,0.2461220141560382,0.20647036034505872,0.3325015121217192,0.2629326360194254,0.2663158046421006,0.0
741881.125,0.7514527440071106,38.32534408569336,0.5054461103404436,0.28383817764467323,0.22485050017223943,0.330137514681244,0.2894501988722501,0.28358859426915495,0.0
784747.5625,0.6645151376724243,14.55107307434082,0.5047777448289048,0.2866566906040775,0.22744847923416478,0.33050678391332694,0.2925528333697024,0.28746043989779485,0.0
807675.75,0.6777217388153076,16.948883056640625,0.5050003378756089,0.287371253159003,0.22827775802845834,0.33063533850021487,0.2924597071492561,0.28863607543071973,0.0
816527.1875,0.7195311188697815,15.833127975463867,0.5054857361250782,0.2865623960453333,0.22712202000856477,0.3308541799312397,0.2909711368789942,0.28786701442517293,0.0
848815.9375,1.3546515703201294,81.86199951171875,0.5076736421409994,0.28003880415704285,0.22177430240740342,0.33195809698959283,0.28504428759271266,0.2827557819675258,0.0
856540.6875,1.0624970197677612,94.21283721923828,0.507090447856083,0.26782424688770384,0.2108616460251275,0.33213622908723445,0.2761888574556405,0.27429773194028995,0.0
875128.5,1.5809922218322754,129.2323455810547,0.5060444005918664,0.2660111997244778,0.20762759396292005,0.3322908874398493,0.2750258846418979,0.2718568825458974,0.0
876746.75,1.4832051992416382,107.48067474365234,0.5053564176060965,0.2642357882398787,0.20530127483642965,0.3321109901458005,0.27743924932038233,0.27341963384710066,0.0
664075.375,2.3889517784118652,547.474853515625,0.5040174150324609,0.2520656078371286,0.1930309388975502,0.3319360189593724,0.2604956666438425,0.2520245776793814,0.0
527776.5,0.9261167049407959,48.47749328613281,0.5030369086239727,0.2676448195188311,0.2056191585719677,0.332346884144876,0.24725621244583015,0.23170584438634412,0.0
599043.0625,0.5116652846336365,7.111789226531982,0.4851705302379922,0.24685827788304293,0.20730175804942755,0.33252144297270686,0.26483491372653817,0.26818649862319943,0.0
517799.9375,0.547033965587616,7.475238800048828,0.49964745607477073,0.2706356665050984,0.2094241504982902,0.3329672158628087,0.25104070375798726,0.23568673034731058,0.0
515639.34375,0.6165027022361755,14.501184463500977,0.4977915470942296,0.2664305656248346,0.20805184200282434,0.33504613678641304,0.2491598798277542,0.23505439479695048,0.0
482717.71875,1.0110387802124023,32.5234260559082,0.49295464822781454,0.2722158014817576,0.21613607890309813,0.33574388814607325,0.2537376665423806,0.24411149574776597,0.0
456317.78125,0.7181383371353149,15.884725570678711,0.49018390029373216,0.26999503888678794,0.21681475399217215,0.3368541773673385,0.2558286776439529,0.2477338374650559,0.0
454743.15625,0.6334724426269531,11.441054344177246,0.49046243237727827,0.27181074267726557,0.22042687810065906,0.33797304924185584,0.26224516464189285,0.2553762856553944,0.0
453747.75,0.32895851135253906,2.078995943069458,0.4917936236557179,0.27221359345468293,0.22216407628877494,0.3387516104708684,0.26306187289141614,0.25693244189825526,0.0
446913.65625,0.48848211765289307,6.931807994842529,0.49180460339250864,0.268932493580473,0.22068456514029883,0.3390285977041611,0.26296005289737373,0.2574461046676643,0.0
445439.5,0.4409112334251404,7.228695869445801,0.4909744314907632,0.2673749232157322,0.219544602605022,0.33941018079341784,0.26371122592591856,0.25704419364692643,0.0
433109.5,0.651304304599762,20.588735580444336,0.4921233252712758,0.26261016013384036,0.21697766140136848,0.3406925783335921,0.2572953570821716,0.2509197552874283,0.0
426870.96875,0.5210780501365662,7.1282219886779785,0.4937846245489533,0.2591575297536795,0.21673120373446964,0.34185401119446773,0.25603715968086227,0.2499948903977666,0.0
610847.6875,0.37415453791618347,3.0068142414093018,0.4853608722149794,0.24681993604768562,0.2070421902070172,0.33237191894165397,0.26551853421456983,0.26854838893593047,0.0
422061.28125,0.5585970282554626,13.96102523803711,0.4942938669346709,0.2567035280107146,0.2168385140540988,0.3418830854662778,0.2539323873801005,0.2474823373953277,0.0
420686.09375,0.30507850646972656,1.4829461574554443,0.49521099504592886,0.2551386175284851,0.21577703304218362,0.34246426838454835,0.2520786972997672,0.24447992760649226,0.0
425125.4375,0.3460897207260132,1.5640674829483032,0.49573076098857394,0.255445678535287,0.21659343606019454,0.3426830056454223,0.2534240405355347,0.24613478531145147,0.0
426658.59375,0.3447505831718445,2.150033473968506,0.49542132102834247,0.2544874045702786,0.216152494132488,0.3425527005133785,0.25214403072702696,0.2451412563499328,0.0
423733.84375,0.3564005196094513,2.1426634788513184,0.4948564537039649,0.25466826158858324,0.21582410018022188,0.34228007242870867,0.2538886525996774,0.24639068172837492,0.0
424348.59375,0.34899601340293884,3.046017646789551,0.4947175507343789,0.2563292115072655,0.21705794322343602,0.3421213658829129,0.2567674709510561,0.24987330036836125,0.0
425524.15625,0.3641532063484192,2.6373369693756104,0.49535845639700216,0.2582793297462971,0.2178929925937637,0.3422591854272883,0.25904775532520213,0.2515866389134705,0.0
420399.5625,0.6902068853378296,22.264333724975586,0.4949823623308683,0.2546941742224402,0.21721654834302673,0.34206531300664317,0.2592781240307026,0.2506940348858425,0.0
416663.75,0.4857693314552307,7.958032131195068,0.4953550916699275,0.2528387212299106,0.21653452623179292,0.342320807424251,0.2584333661820675,0.24936087716105235,0.0
420935.53125,0.2770264148712158,0.9119167923927307,0.49608622824858384,0.2566445296799418,0.21832960826074135,0.3425811054069898,0.25964753577543526,0.25149188723205057,0.0
618563.125,0.5160526633262634,7.026143550872803,0.48578765638313104,0.2474159053069721,0.20736374118443693,0.3322897750890708,0.26583753945173344,0.2700267520738645,0.0
422137.34375,0.33207327127456665,1.5300443172454834,0.4960093181875387,0.25729766522052244,0.2188657404463564,0.34242626508763097,0.2594798755663801,0.25157941644738213,0.0
425449.1875,0.29529184103012085,1.4182639122009277,0.49650566567149085,0.25787709838478995,0.21891090800975693,0.3427497376202725,0.25969307458072716,0.25162183165824725,0.0
424044.6875,0.49722033739089966,8.821850776672363,0.49674375618280586,0.2565671252557048,0.2180557493882671,0.3433026022729202,0.25910293021056724,0.2500054493609476,0.0
413106.53125,0.7101327776908875,24.9564208984375,0.49629143166060596,0.24968667094723807,0.21496358874860746,0.3440186334518873,0.2561126802717103,0.24473536782439123,0.0
410030.9375,0.673453152179718,14.735665321350098,0.49384291149910337,0.24803351984962144,0.2148422238318362,0.3437648371238781,0.2603131409026394,0.24799659827663814,0.0
404931.34375,0.42930683493614197,6.139039993286133,0.49284451039560645,0.24464490827283936,0.2129294037032038,0.3438710088808017,0.26078431080293857,0.2472179923806505,0.0
406703.625,0.26518696546554565,1.6819897890090942,0.49230477420234714,0.24590279161391806,0.21456981397947533,0.3437530320162303,0.2641235762552607,0.25112940005701195,0.0
412838.375,0.3513927161693573,5.155106067657471,0.49077134860928,0.24657070502157727,0.2150379611928413,0.3428123802360463,0.2650852478371926,0.25217255800478267,0.0
416382.375,0.5448087453842163,13.854588508605957,0.490388240557272,0.24744060420286712,0.21625649742343284,0.34228186896858814,0.26796393527402823,0.25470037644509463,0.0
417603.125,0.46535763144493103,7.265169620513916,0.4917875689313108,0.24873230247043843,0.21725154749657333,0.34261789450974783,0.26734815215740293,0.25514966533989253,0.0
630373.625,1.2565325498580933,57.647335052490234,0.48875933075673483,0.24942992023328528,0.2060486349020887,0.33261730471778056,0.2658306528438174,0.26964699107690104,0.0
415434.75,0.5947548151016235,9.68700122833252,0.49125040754153115,0.24529287612414646,0.21383197303320173,0.3418237808066307,0.2593814164950535,0.24793689300457067,0.0
433647.1875,0.7231965065002441,16.603239059448242,0.49788970824884177,0.2475658843789639,0.214308024649086,0.3446726747764514,0.2580656238753082,0.24422522087232715,0.0
429839.1875,0.7906149625778198,15.487534523010254,0.4984308616171014,0.2444355602075356,0.21144019557277122,0.3448634439797155,0.25290175784566776,0.23897970564932622,0.0
419478.8125,0.5220467448234558,5.5471086502075195,0.49291553085943485,0.23872423603334947,0.20771868175908284,0.34273677324771457,0.24932239274578955,0.23611598801247585,0.0
421000.125,1.03292977809906,42.18254470825195,0.4923314012895791,0.24086184357599175,0.2094546102605322,0.3427169514078242,0.25472539621842977,0.2397962922559458,0.0
454222.15625,1.6979337930679321,111.49198150634766,0.4872486932001143,0.2397022037737064,0.2073691701716028,0.33926311353564864,0.25335166310006985,0.2360012325490655,0.0
463018.40625,1.5756956338882446,94.51947784423828,0.4835004092623655,0.24095309814419755,0.20882783267602162,0.33636903470974017,0.2552845791965855,0.24082931936211613,0.0
524941.6875,1.461797833442688,89.41073608398438,0.4787751462256943,0.24120792148474351,0.20816706352558267,0.3324270773936874,0.26651099618059204,0.2596636651775987,0.0
552565.25,1.3964964151382446,104.51995086669922,0.4770159063526318,0.249135146565154,0.2108189967729377,0.32957953023681635,0.2700706362351697,0.2677194572038684,0.0
602836.25,1.3778680562973022,78.44833374023438,0.47829355527060463,0.25564724344523515,0.20978876154341164,0.3286249589024187,0.27354740051939946,0.27247459358970266,0.0
653352.125,1.1971489191055298,64.1514663696289,0.49345119481272237,0.25442646121268536,0.2067379614253878,0.3330565831951946,0.2694455534625131,0.27216431979250677,0.0
645063.5625,1.0136997699737549,42.411338806152344,0.48219118900792024,0.26219610964805595,0.21153247323081797,0.329465663139106,0.278616263130634,0.27637494621472014,0.0
668200.6875,0.7418057322502136,19.38001823425293,0.48532110210592416,0.26086624585723484,0.2079977754698928,0.3295859730836626,0.2772488759187854,0.27460333780577767,0.0
675966.875,0.5136125683784485,12.419546127319336,0.48649008437246954,0.2596500770620093,0.2069582601446217,0.32980656123405316,0.27642714015102376,0.27403688467982473,0.0
682048.8125,0.5688117146492004,8.41936206817627,0.4872817420461609,0.258807085715725,0.2070261044882631,0.33043692595612273,0.2760838938326182,0.2742250808897631,0.0
691617.5,0.8401350975036621,44.96868896484375,0.4874462608386077,0.2541629830750717,0.20438382297051394,0.3311287697339381,0.27460452847163974,0.2737686702328066,0.0
647782.0,1.0683566331863403,90.5537109375,0.4851168265721595,0.24974276850882846,0.20269362067154226,0.33015738534201033,0.2702404280016667,0.27043744154062155,0.0
598787.0625,1.1294790506362915,58.13418960571289,0.4829214692925268,0.24795634155097407,0.20560841959444887,0.32951065780500727,0.2673553472383012,0.2686888344204471,0.0
539716.8125,1.7511661052703857,191.96884155273438,0.48214292312037355,0.2488339762216236,0.21131648936282685,0.3314914213568429,0.2676580608708352,0.2664277391139849,0.0
443035.28125,1.657680869102478,135.02117919921875,0.4831074464216102,0.25218414935571826,0.22061424566709542,0.33546809468190697,0.27108013326275715,0.2634521205112547,0.0
423887.84375,0.7059624791145325,13.3916654586792,0.4819804080640343,0.2494618039636225,0.21762453293067852,0.3368257133832238,0.26911564513650377,0.26115193581192064,0.0
702085.1875,1.6251933574676514,126.53256225585938,0.5000692155887303,0.26068241763319694,0.2087917669524044,0.33447867063189207,0.27695030346216387,0.2776915347915292,0.0
,0.837609589099884,8.854171752929688,0.5241141666395482,0.32807126494909766,0.29448701247576203,0.36705066795410063,0.34814708988600873,0.3329535340115522,0.0
967285.125,1.3341565132141113,39.343624114990234,0.43628265322403464,0.29025892769972295,0.25905814680520994,0.4028772634023768,0.35208839541469417,0.33525713330293133,0.0
974883.1875,1.538347601890564,48.27565383911133,0.4370645220358333,0.2901962643414178,0.25861072795047824,0.40259032060904226,0.35790682942366087,0.3396559464914971,0.0
1078871.875,1.4416671991348267,92.2466812133789,0.43650248187123275,0.2903609722539401,0.25761954711410173,0.4031848321025475,0.36357633864262395,0.34363661594655637,0.0
1094179.0,0.4415130317211151,4.447902202606201,0.43594474539537525,0.2899184657125601,0.257101157384414,0.4035946610518932,0.36325704583511675,0.3434154794732725,0.0
1089299.25,0.5764069557189941,3.6968777179718018,0.43525386476884326,0.289195522332088,0.25775581163894973,0.40383555360322976,0.36308470483658073,0.3442901022096814,0.0
1083422.625,0.6501861810684204,3.983717679977417,0.4344659145444805,0.2887809196681454,0.25672763989626396,0.40343873692019244,0.3622913595829451,0.34317154318824283,0.0
1077449.375,0.46929675340652466,2.354260206222534,0.4347043807450818,0.2896663377539945,0.2570971713022723,0.40372090227218166,0.3620865659561885,0.34298176388399865,0.0
1080813.25,0.441908597946167,1.9743939638137817,0.4351501109212666,0.2896510239516597,0.25704241704260294,0.40396059619886265,0.36204439199160793,0.34290201493954525,0.0
1078443.875,0.45306482911109924,3.5627505779266357,0.43519898298750836,0.2895052368173886,0.2563235349026336,0.403820268775098,0.36111101387049893,0.3416401111931781,0.0
1076910.625,0.500274121761322,3.403928518295288,0.4350666034318055,0.28898200199829344,0.2561425698616717,0.4037294146313108,0.36011086690523036,0.34093925853403945,0.0
1024178.6875,1.703325629234314,91.48690795898438,0.5772376705682346,0.3839084921732753,0.35374823208649137,0.3761918522184494,0.3357793177614189,0.33128071320257696,0.0
1077139.0,0.4346625804901123,2.931614398956299,0.43456495273434004,0.2885144997160183,0.25576059524723255,0.4039860197009569,0.36056954144050435,0.341256501289427,0.0
1085063.25,0.5986627340316772,7.716283321380615,0.4340796885722154,0.2884079250248663,0.25627946286248104,0.4043704018176825,0.3621632166102936,0.3429347427425328,0.0
1091795.375,0.9263364672660828,10.501955032348633,0.43238173822976295,0.2875044893847814,0.25485462192262875,0.4055942468939121,0.363946352746337,0.3440056578203197,0.0
1105075.25,0.5790175199508667,5.0636305809021,0.4299587225567693,0.28556892435875375,0.2530804054523733,0.4070878705312687,0.3645674065895146,0.3445097339282803,0.0
1084698.875,0.6946169137954712,14.617399215698242,0.43077820659036825,0.2848792523375291,0.2537635382364354,0.4067654121814235,0.364580757776136,0.3451093272358999,0.0
1084191.125,1.1240959167480469,39.06930160522461,0.43372721938334613,0.2864700528369244,0.25534390278611657,0.4043862871897792,0.3640038534232029,0.3443613479607824,0.0
1144061.625,1.0769610404968262,62.212074279785156,0.4351287965979723,0.28711342677520063,0.2540715189411089,0.40327450571573387,0.37352800807351993,0.35073164586252753,0.0
1152411.25,0.5401882529258728,5.2805657386779785,0.43513707781027455,0.2879240571060035,0.254719031335358,0.4031272412235222,0.37438509711294043,0.3514822959267116,0.0
1124243.75,0.8350690007209778,20.422269821166992,0.4347964952643782,0.28830082426477305,0.25444305580783727,0.403430546714125,0.3708238676963074,0.3485621212341801,0.0
1088278.375,0.691027820110321,5.938591480255127,0.4348860115791371,0.28788004480578955,0.25460181700160944,0.40311073682921644,0.36513457701553986,0.34407350213449805,0.0
1039801.1875,0.9703848958015442,19.163259506225586,0.573035744015554,0.3812604041067345,0.3458047124139851,0.3827719734550159,0.33781668753376104,0.3288546043730571,0.0
1079930.75,0.9884981513023376,12.257814407348633,0.4332916713309559,0.2869009106505983,0.25569011199928804,0.40135377512843645,0.365470764602325,0.3444586687745936,0.0
1087493.75,0.561321496963501,4.6107587814331055,0.43248565204058476,0.2868103011478655,0.25606353059651893,0.4008171961014907,0.3672642112983608,0.34602181269364485,0.0
1084592.75,0.5119256973266602,3.7890372276306152,0.432364434224133,0.2858360151010909,0.25474235982033777,0.40091668795807095,0.3671611382301181,0.345742038319823,0.0
1069292.5,0.5536178350448608,3.745802164077759,0.4319993606816198,0.2850006159441496,0.25407134874503656,0.4015425085769233,0.3654319576218193,0.3447147954967858,0.0
1055905.875,0.3858849108219147,1.4151363372802734,0.4313190663729127,0.2851968162297506,0.25397912929550137,0.4015763989342481,0.363968584759455,0.34338542460693905,0.0
1064175.0,0.6783855557441711,10.352635383605957,0.4309901643179745,0.28539449593770677,0.2540337566254123,0.40109210441192333,0.36480447662119164,0.34384054288226634,0.0
1060894.25,0.4290698766708374,2.922938823699951,0.4312754322717824,0.2852783014444538,0.25465319468780717,0.4007782252625114,0.36431727624520904,0.34385198326297955,0.0
1056838.875,0.7783109545707703,7.636751174926758,0.4306575403555452,0.2850736907667049,0.25409105372654806,0.4005156960554874,0.36394894334610256,0.3434968640340997,0.0
1049680.625,0.5876721739768982,5.171102523803711,0.42967800492081615,0.284626355980605,0.25412298406107553,0.40044239552062577,0.3638564124384655,0.3439818065519181,0.0
1049662.125,0.454083114862442,2.659383773803711,0.42997558218041276,0.28488407932166293,0.25485801316933604,0.4009006045094374,0.36481462414848487,0.34516575344964395,0.0
1028211.0625,1.2801810503005981,37.37221145629883,0.5704228248543699,0.38542598383654175,0.34451552951519293,0.38348213890137,0.3441446841900371,0.3313371141394982,0.0
1056374.875,0.3955964744091034,1.9732805490493774,0.4301232808704837,0.2858088188476712,0.2557590985749829,0.4009510703144395,0.3656268466086397,0.34566627519672233,0.0
1053387.625,0.37591874599456787,1.7872461080551147,0.4302633505708818,0.28550071439529273,0.25555489835925216,0.40081586092101745,0.36484717544952744,0.34493456760876584,0.0
1049699.25,0.31318220496177673,1.4979065656661987,0.42998695448437274,0.2846749179331637,0.25513089764095376,0.40103539393861454,0.3649867975486559,0.3452557838075806,0.0
1061034.375,0.4271235764026642,6.502334117889404,0.429326831312409,0.28450467723197076,0.2547797436776264,0.4014527763456413,0.3657109711429151,0.3455100404449811,0.0
1068170.25,0.4549802541732788,3.6736361980438232,0.4297183169964066,0.28504493400079456,0.2540155750999488,0.40123815159272885,0.36554242897919975,0.344267269167209,0.0
1072285.5,0.660954475402832,4.762439250946045,0.4298522343904629,0.28530309512825364,0.2536577570358568,0.4007741956021619,0.3648618955868301,0.3434288828184644,0.0
1071122.5,0.5126892924308777,2.3529441356658936,0.43043056581141176,0.28511632578683144,0.25429591567521864,0.40101585285770935,0.3642891285620519,0.3436844344829817,0.0
1078731.125,0.6489923596382141,4.628117561340332,0.4314557918681928,0.28585136978103354,0.25477816643187845,0.4015291842660751,0.36466190022343775,0.34422368496405803,0.0
1079110.5,0.5713391900062561,4.785461902618408,0.43381907437517836,0.28488989871455417,0.2538937179655467,0.4032012318346403,0.3647173036317008,0.34432253545170843,0.0
1073843.625,0.5518586039543152,3.4592888355255127,0.43508525930961844,0.28404371769753667,0.2526529151485906,0.4046741285422091,0.36521513362082536,0.3445088320825377,0.0
1037305.4375,0.9252707362174988,13.949621200561523,0.5424413795477443,0.3636917124056362,0.32307695370013023,0.38538625542704025,0.3441486926553153,0.3278608533226253,0.0
1070130.125,0.5169773101806641,5.689150333404541,0.43675125778086804,0.2842029355263793,0.25224731931592337,0.4059411151906921,0.3651027851177685,0.3444580186765732,0.0
1063364.375,0.3732621967792511,1.200291395187378,0.43657882017607286,0.2823935466700581,0.25115813661484776,0.4059808660441524,0.36586296146338265,0.34471174401004945,0.0
1057323.75,1.067192554473877,21.12459373474121,0.4369703357582647,0.2837740335898217,0.2522632187010482,0.4065603994255902,0.36530008499259736,0.3447654235300836,0.0
1046731.0625,0.901765763759613,12.539169311523438,0.43820601502940215,0.2845760610268686,0.2534746937618758,0.4072798574702284,0.36259128351180336,0.3436500304857548,0.0
1046386.0625,0.5525534152984619,3.523648500442505,0.43912653141929703,0.2853994091102887,0.2541786540993083,0.4071511319616934,0.36124030635068716,0.34236415154188526,0.0
1058880.375,0.5438440442085266,3.685760498046875,0.4398916581984768,0.285930967960802,0.25530986921769727,0.4068847053688941,0.3621694344589522,0.34342194129674236,0.0
1054463.75,0.5372985005378723,3.4754879474639893,0.4397531660262973,0.28488943932010835,0.2538438503810799,0.4067875810811875,0.36181555582985814,0.342341642884414,0.0
1053206.0,0.41143855452537537,1.7541577816009521,0.439341235956047,0.28427782374464716,0.25356654383318966,0.40674971551842065,0.36178358113503833,0.34280041106654496,0.0
1058540.875,0.3311573565006256,0.9507952928543091,0.4386339705704569,0.2838050914231634,0.2521961499298289,0.4070122792544172,0.36250492617432645,0.34270916694440184,0.0
1063678.0,0.6128504276275635,4.580336570739746,0.43836936379283425,0.2839196336019916,0.251606737582054,0.40725559230976505,0.36317393222984434,0.3427540393599076,0.0
1052701.0,1.1473394632339478,21.544994354248047,0.5055548046492921,0.3413311403965483,0.30278429329534146,0.3917888536954626,0.3479164872446617,0.3285335048638397,0.0
1073473.5,0.6133936047554016,5.093512058258057,0.43789200465584555,0.28445143105331017,0.2524020801700335,0.40673843087930794,0.36480606458662074,0.3446782487225299,0.0
1074710.5,0.4068915843963623,1.8225736618041992,0.4387298568690909,0.2846084940407802,0.2524270862545255,0.40676839492865546,0.3646510032264821,0.34453876112800597,0.0
1071915.5,0.27259793877601624,1.2313232421875,0.439081653582977,0.2847853955998688,0.2520094348277565,0.4066198474396883,0.3641376650655888,0.343507009673565,0.0
1068222.5,0.4863889515399933,3.2896504402160645,0.43803947731326714,0.2842946118861964,0.2521135120391409,0.40701571562974354,0.36451296813181194,0.3442770917013202,0.0
1067016.625,0.4912908375263214,2.9634947776794434,0.43752100918665743,0.2850245163798715,0.25293737910168024,0.4073463495078857,0.36499346444191877,0.34481913665426744,0.0
1072250.0,0.3734073042869568,1.752966046333313,0.4375012059985041,0.2849530712867374,0.25237093280605477,0.40737058223166844,0.36517087114929686,0.34459836845118924,0.0
1067539.75,0.5888845324516296,4.446237087249756,0.43712857480994355,0.28398855456649186,0.2517097380183104,0.40735249557056524,0.365046707650359,0.3443373870431456,0.0
1066674.875,0.7920833826065063,7.556073188781738,0.4371757928269505,0.2840168142718647,0.25173076725844756,0.40687005376902013,0.3656186887876894,0.34447920527073195,0.0
1068166.375,0.6619215607643127,5.801079273223877,0.437162716997614,0.28498704520186624,0.2535447617222378,0.4059948680627299,0.36633974153188464,0.34564761651451376,0.0
1065429.25,0.557036280632019,4.207016468048096,0.4375648678754997,0.284235169781145,0.25313370056320633,0.40587434830838925,0.3669808770853993,0.346123127917292,0.0
1059191.5,1.4930753707885742,55.78031539916992,0.4889539643191303,0.32277586677977377,0.2874702589426181,0.392116127628367,0.3521472978046001,0.3320381389559545,0.0
1076100.25,0.7247928977012634,9.201112747192383,0.4380483955436669,0.2843580460415834,0.2525805593537287,0.4059288112282787,0.3672936284222272,0.34563532877132774,0.0
1075170.0,0.8384588956832886,23.708078384399414,0.43837566042542514,0.28521582687132285,0.25353900203071617,0.4062340086433063,0.36782672434834235,0.34642319364350743,0.0
1079238.375,0.35538461804389954,1.926203727722168,0.43799840408473806,0.2854355505808433,0.25330579738805686,0.40669359785886344,0.3673100582570442,0.3459586422489471,0.0
1059819.375,0.8336992263793945,27.39087677001953,0.4381349586019721,0.28343488432630976,0.25078019526266104,0.4068567457153826,0.3673054690059615,0.34523565811488444,0.0
1075414.0,0.7445913553237915,21.226621627807617,0.43809178631547957,0.2839492811431307,0.2515303768861681,0.4067931314695424,0.3666916141612599,0.3450410473931437,0.0
1072220.75,0.6252851486206055,4.015629768371582,0.43760417684023956,0.2841896188106746,0.25296524292902484,0.4062446632368638,0.36616949002177857,0.34540526412979,0.0
1075869.5,0.44401460886001587,1.9735944271087646,0.4376835776215065,0.2846690610306691,0.2534087150094421,0.40662936556777307,0.36536121983118497,0.34517587231244284,0.0
1072199.5,0.43564724922180176,2.054327964782715,0.43743230927564725,0.2837376657957021,0.2522469259391352,0.40694560832087007,0.3651709940401303,0.34490137864195475,0.0
1069136.875,0.3688663840293884,1.3080044984817505,0.43729239956092175,0.2835146561886163,0.2521018125746624,0.40722008857994113,0.36587597658071724,0.34545378614871386,0.0
1063427.25,0.37699782848358154,6.9951605796813965,0.4369760375105142,0.2828607394442923,0.25109625633655747,0.4074916897780066,0.3662178273816131,0.34532079819499867,0.0
1083069.5,0.8239819407463074,14.62153148651123,0.48807889330342347,0.3184085301126693,0.28396766918232574,0.39143498258885645,0.35300689954384573,0.3330401374769977,0.0
1060992.0,0.3166327476501465,1.1311050653457642,0.4369507860774265,0.28215595671374366,0.2512674422782357,0.40760723700696555,0.36607424192359905,0.34579459709916743,0.0
1059678.125,0.2167862355709076,0.8710887432098389,0.4372146703817881,0.28258211139432393,0.2513307373853728,0.4076491692298026,0.36585540583548093,0.3453536827653668,0.0
1061658.25,0.9150059223175049,21.01909637451172,0.43745897157333924,0.28344918939515396,0.2517148374713584,0.4075413862072471,0.365412747599062,0.34491223243953606,0.0
1060863.75,0.4417183995246887,1.7330313920974731,0.43769895895701005,0.28469483813958013,0.2541060544024724,0.4072255893479421,0.3661294439235253,0.3466856261474577,0.0
1062872.5,0.38220781087875366,1.1873576641082764,0.4382288716625946,0.28461333727810184,0.25396685853216977,0.40748345223737975,0.36603799519309094,0.34639770122819846,0.0
1064981.5,0.48600855469703674,1.7302935123443604,0.4385070196806171,0.2846765941126195,0.25315093243425035,0.4074789920692725,0.36633051605012645,0.3460044998167452,0.0
1063581.0,0.4331545829772949,1.6003844738006592,0.43827470034636057,0.28429344823746844,0.2526792224344485,0.40754004511305525,0.36601235790019154,0.34561343103609843,0.0
1066978.375,0.3684632480144501,1.1987794637680054,0.437958736872719,0.2842718656059279,0.25244554618718734,0.40766834015820924,0.3659835705821292,0.34537735498059546,0.0
1066158.25,0.3224455714225769,0.911372184753418,0.4378143863782727,0.2839882802250784,0.2520722627432652,0.4076306093014756,0.3659741962539049,0.34526788908728967,0.0
1064209.5,0.42318105697631836,2.4026870727539062,0.4378444059159277,0.28376415779369096,0.25230964576536347,0.4077235576966677,0.3661100585691272,0.34578167024760426,0.0
1122312.625,0.7046892642974854,11.646803855895996,0.49460227123576955,0.31801122964665574,0.28458677139857624,0.3913701453664349,0.35516667474884556,0.33528784792341154,0.0
1075752.75,0.6918857097625732,4.755983829498291,0.4369172138731117,0.28436696558035846,0.2524819053715754,0.4070152029943535,0.36654441910036145,0.34596874692983054,0.0
1073583.0,0.46432948112487793,2.004300832748413,0.4371556079004326,0.2844600646293979,0.2529979446669165,0.407398409684083,0.3664629885961361,0.34659349281787555,0.0
1066056.125,0.36162838339805603,0.96697998046875,0.4372624365104324,0.2835222101436973,0.25224363807014416,0.40787540295761404,0.3657195212926288,0.34615423278003954,0.0
1065482.0,0.34376034140586853,0.9335234761238098,0.43725765546480405,0.28351518143221444,0.2519232203190108,0.40801657842728956,0.36555545451003757,0.3456327976364914,0.0
1065402.375,0.378099650144577,1.5025752782821655,0.4371332391785594,0.2831549298048929,0.2508670606347768,0.40812339284304405,0.3652041946082618,0.3446829640628608,0.0
1065078.5,0.35032299160957336,1.138304591178894,0.4371035986559132,0.2825743012740591,0.25053267703777515,0.4080746105535374,0.36457073954686026,0.3442294357222592,0.0
1064567.0,0.33736664056777954,1.0789600610733032,0.4368502871457624,0.2825944126244654,0.2507891223836991,0.4079093923707616,0.3645041106699775,0.344293118789963,0.0
1058140.875,0.950023889541626,12.258707046508789,0.4361961889812296,0.2828339265483901,0.2510586067681786,0.4077580073968112,0.36480389885823084,0.34459950148984025,0.0
1055935.875,0.4430323541164398,1.76370108127594,0.43601848280233524,0.2837909165586679,0.25195008479917336,0.4075780074257729,0.3658074318029737,0.3452576375984259,0.0
1057201.5,0.378187894821167,1.1433970928192139,0.43625907808399705,0.28356581876688536,0.25200653601631523,0.40766260290449424,0.3656966475954572,0.34538179046438916,0.0
1155641.375,0.6523360013961792,30.639965057373047,0.5031984068669755,0.31989094216683406,0.28718155965542513,0.3899557704300213,0.35644945923869786,0.33690363541850055,0.0
1060784.625,0.2491944134235382,0.6619321703910828,0.43649536613009216,0.2831913564958132,0.2521667777839191,0.407838044484583,0.36542872101717766,0.3455703847971503,0.0
1061648.5,0.16194137930870056,0.5188290476799011,0.4365164896475837,0.28284720215530984,0.2513610026738163,0.40824935119597855,0.3654131409854219,0.3451413358917076,0.0
1064509.625,0.4066993296146393,2.2356531620025635,0.43629830867698294,0.2836626564922306,0.2525282548760596,0.4083667869967689,0.3668120089642247,0.34644294349943655,0.0
1062280.75,0.32440635561943054,0.923869788646698,0.43621557782495457,0.28324937534570227,0.25179323824206146,0.4088386085641162,0.36698997318556287,0.3463133654172715,0.0
1065739.125,0.5363340377807617,3.6860735416412354,0.43602543134691907,0.28328887752846116,0.25118301257855125,0.4091352977300498,0.3672549267278794,0.34606783862901,0.0
1067480.125,0.722619891166687,5.006060600280762,0.4357556153782259,0.28448879399748195,0.25117708633972613,0.4088764702828761,0.3662751599134245,0.3447356736728361,0.0
1065578.125,0.41579219698905945,1.3763116598129272,0.43617497291002916,0.2836754520814364,0.25101260032280226,0.4088855261474304,0.36515590634173567,0.34429124843794995,0.0
1066549.625,0.4277912676334381,1.505210280418396,0.43644240477207885,0.28306414002154767,0.2503023037279529,0.4089565570715782,0.364880571542078,0.34398812829605824,0.0
1066360.75,0.3237239420413971,1.0092722177505493,0.43672713455194284,0.28320346125276774,0.25113398221080646,0.4087024782490251,0.36488699475369885,0.344465996795402,0.0
1070331.125,0.3963219225406647,1.4785882234573364,0.436589949671881,0.2834460227982758,0.2510177139535572,0.4086091383404512,0.3647141797063845,0.3441029828731778,0.0
1160240.75,0.866456151008606,11.131617546081543,0.5115122033769963,0.31902288175944205,0.2864904732687498,0.38825703204180806,0.35683058134660506,0.33737615480701755,0.0
1044759.5,1.2131271362304688,13.740364074707031,0.5308929634560745,0.33028886104720256,0.2968815427359969,0.36508453631084276,0.3484792704316207,0.33369677090377364,0.0
1073670.25,0.3859438896179199,1.4661967754364014,0.4364822447517014,0.2840298442228749,0.2520289210469835,0.4086584424776561,0.3652922720808017,0.3449960741298441,0.0
1078905.875,0.4296046197414398,2.0558388233184814,0.43649087602016756,0.2833589061395135,0.2498871302069856,0.4086453771511377,0.36559434418754605,0.3436602679322646,0.0
1086713.0,0.7937467098236084,6.041123867034912,0.43614309059194567,0.2835924220679443,0.25073331635840235,0.4082060374953932,0.36596035271792443,0.3443689632069335,0.0
1093485.875,0.5437706112861633,2.7304651737213135,0.4360477024109908,0.28396327472658484,0.25265002257168634,0.40754035768204655,0.36627741898374866,0.34579303935052497,0.0
1083325.5,0.5476479530334473,3.059451103210449,0.4362492850877439,0.2826731577702869,0.2516437991066037,0.40737019845385974,0.36566749334412246,0.34509295261732037,0.0
1080634.25,0.47248098254203796,2.3678689002990723,0.4361211682908156,0.28192844999312744,0.25026208013493895,0.40727132617407336,0.36626700988683064,0.3445323691901682,0.0
1083661.0,0.4373359680175781,2.596512794494629,0.4357733316272832,0.28192859659820185,0.2504290293216357,0.4073179651810797,0.3670446649339333,0.34532541350168766,0.0
1082890.0,0.3521292507648468,2.145413637161255,0.43523892038631196,0.2819657161515002,0.2513533268661121,0.4073184586203329,0.36727837478375247,0.34646660789222744,0.0
1081795.375,0.40137678384780884,3.5209577083587646,0.4347757848096701,0.2833468411353455,0.2523882888005899,0.40659022964752795,0.36651619564018584,0.34603746918719225,0.0
1085166.25,0.3468676507472992,2.5248143672943115,0.4332699857543235,0.2837552362792741,0.253718244168564,0.4058321205273942,0.36609932195393147,0.34680753019727756,0.0
1142503.625,0.548047661781311,6.171767234802246,0.5121475808199862,0.320585423310635,0.28829094590462867,0.3876647288720067,0.3554727008200835,0.33665104107891963,0.0
1087983.125,0.4456399381160736,3.337738037109375,0.4326140078340584,0.28389193316495165,0.2523843969022546,0.40511320493852576,0.36511035358716437,0.34503223385265736,0.0
1093647.0,0.6044595837593079,4.239800453186035,0.43278464763959285,0.28586486149474427,0.25454348777120867,0.40471266641601883,0.36578870392730084,0.345929694193448,0.0
1093078.875,0.40144363045692444,1.507163166999817,0.4327739012515113,0.2856070669709422,0.2546454887715878,0.40491603030097423,0.366270137208815,0.34647772594340237,0.0
1093394.75,0.3388771712779999,1.519416093826294,0.43280576472896926,0.2856721733084494,0.2550854647387892,0.40520322107373247,0.3668154941832064,0.3472801220720497,0.0
1094709.0,0.3074515163898468,0.9328240752220154,0.43265528779500223,0.2861046364628238,0.2539126405710491,0.4055227458880307,0.3670282630402309,0.34622696848625334,0.0
1097164.875,0.2786131799221039,0.681381344795227,0.43256586538258135,0.2858792310741731,0.25343849789222106,0.4057087809101556,0.36693809733633753,0.34598298420448276,0.0
1097292.875,0.36845213174819946,1.524686574935913,0.4325175542918497,0.2856264024661209,0.2539342385387869,0.4060558227976601,0.3663917475222208,0.34627584637189734,0.0
1087995.75,0.8004207611083984,7.746589660644531,0.43329821431233134,0.2846427109344642,0.2527067380300141,0.40650379788971935,0.3659002819183154,0.3455164465688374,0.0
1082304.0,0.6903389692306519,4.3508405685424805,0.433563980073412,0.28402336157464303,0.25249999561666314,0.4066572876336108,0.3653658690742487,0.3451962552641266,0.0
1078045.625,0.3553495705127716,1.061679720878601,0.4341092049117081,0.2835589456683814,0.25125989690401807,0.40665815301949765,0.36561787645950033,0.3444730966585288,0.0
1131193.25,0.6952742338180542,10.385049819946289,0.5099593797099538,0.32125863883592853,0.2886310430644206,0.38770833442807495,0.3551960587553329,0.3361081275096613,0.0
1078528.625,0.38365593552589417,1.20900559425354,0.4342614397557919,0.28329190126872766,0.2505491752459869,0.4065818499624269,0.3659419724600429,0.3441234280287364,0.0
1076608.75,0.4731380045413971,2.24171781539917,0.43432400919699177,0.28307892098198306,0.2514910363125992,0.406378096278141,0.3661045644178831,0.34519119624265693,0.0
1083430.5,0.4100239872932434,1.4554635286331177,0.4340069085907012,0.2836346603426054,0.2526502688421373,0.40610658922349685,0.36650346064135375,0.34631151932013926,0.0
1091616.125,0.43209391832351685,1.7547240257263184,0.43354453771223106,0.2835179399367254,0.2515353432971533,0.40597970389477855,0.3670307147166309,0.3457473765253159,0.0
1086602.125,0.39029422402381897,1.7547415494918823,0.433597790670728,0.282676459689296,0.25069673099978174,0.40609184165201645,0.36689394804371694,0.34544451981605373,0.0
1077970.25,0.7669334411621094,8.224247932434082,0.4325961330604857,0.2822788278061955,0.2512855667543534,0.40598266503327585,0.3664672113853347,0.34611507523061946,0.0
1077134.5,0.3756280541419983,1.079761266708374,0.432581240779274,0.28188331450668846,0.2504323204054295,0.40638820345739246,0.36598108356418674,0.3454838617785274,0.0
1074471.875,0.3715399503707886,1.2789359092712402,0.4330693001684871,0.28192486277242135,0.2507910651378202,0.40684552028061455,0.3668749097298022,0.34634300833360887,0.0
1072121.25,0.2738701105117798,0.830885112285614,0.4334870731996386,0.2821151515682949,0.25088887472017557,0.40707429038575166,0.3669154552097988,0.34605442481924736,0.0
1070914.25,0.17907199263572693,0.4182868003845215,0.43361193477093796,0.2823370477754785,0.2512801072885616,0.4070057518570655,0.36651063906101566,0.3459457034459056,0.0
1108083.0,1.0671309232711792,21.358205795288086,0.5103451704451544,0.32320487905441275,0.29051001318680514,0.3870645375036221,0.3532625950805661,0.33458644462758175,0.0
1075586.625,0.3825265169143677,3.4461958408355713,0.4336499435459165,0.2826218832205868,0.25097092821997474,0.40691465591568177,0.36647890993357746,0.34545923721912764,0.0
1079080.875,0.3056899607181549,1.0753905773162842,0.4337394342094736,0.2824350264954273,0.2509527605780056,0.4070037875732964,0.36646931060404064,0.3455648756747888,0.0
1074115.75,0.7959994673728943,5.535013675689697,0.4332428823141682,0.2828246398591987,0.25109590396251086,0.4067108754569941,0.366159837897061,0.3451646087329156,0.0
1072394.875,0.46359139680862427,2.1739466190338135,0.43294597811412333,0.28334097415526266,0.2514020811280696,0.4062687034793622,0.3656374160194874,0.34480713160208093,0.0
1068420.25,0.4222807288169861,1.5952473878860474,0.4332910706936722,0.28341675660827226,0.25143389165249436,0.40628624868710356,0.3661193752292977,0.3450249162883538,0.0
1074606.0,0.4566124975681305,1.86789071559906,0.4331115678859476,0.2838096189603141,0.25231798872033,0.4062418346425526,0.3665432272712422,0.3458560410758665,0.0
1074874.0,0.4138628840446472,2.382549285888672,0.43317440581933486,0.28308947864143874,0.2522001472089663,0.40638189826040855,0.36653377736864756,0.34606594367386245,0.0
1076167.0,0.3348589539527893,1.12636137008667,0.43362172227058904,0.2823883598515029,0.25175580607471365,0.40665134026388067,0.3664486635162829,0.34591533411863984,0.0
1074116.375,0.3236360251903534,1.010437250137329,0.4334517986689383,0.281961794046367,0.25131664048864993,0.4065619517912719,0.3661606136073147,0.3456568876797591,0.0
1071345.25,0.7237285375595093,5.76446533203125,0.4330251881541513,0.2818491257559273,0.2505253680832785,0.4064424775255492,0.36592281693678513,0.3449093862179456,0.0
1104179.25,0.7044506669044495,7.310121536254883,0.5107582845858852,0.32290060142213256,0.2903354224476333,0.3867650157859573,0.35238007423903595,0.3339779677352113,0.0
1071241.25,0.5398691296577454,4.490659236907959,0.4323344253911574,0.2814104137882452,0.25066538831195245,0.4062616000607112,0.36609840933715443,0.3454321352316598,0.0
1072273.875,0.47727248072624207,1.9904261827468872,0.43270628321400095,0.2810356614560421,0.2502766898551748,0.4066365688277799,0.3665644928268659,0.34582486813729135,0.0
1078458.625,0.4826371371746063,2.9429469108581543,0.43348308752107767,0.28144907123267476,0.24972244407919042,0.4071804530346927,0.3668878217373182,0.34549722780669234,0.0
1088076.625,0.6144472360610962,9.828054428100586,0.4339736624884793,0.2822569170394794,0.2509301586227576,0.4074783456437328,0.36661933721490336,0.3458832534455812,0.0
1084162.875,0.3583618998527527,1.1616263389587402,0.4337074207459697,0.28239368164109985,0.25063964209335754,0.40782108165510494,0.3660811106296993,0.3452300102571228,0.0
1082349.375,0.32013702392578125,0.7834306955337524,0.4335156975806814,0.28231772749229483,0.2504005693802941,0.40800555348086326,0.36604397424208435,0.3450427276212888,0.0
1084697.875,0.2630667984485626,0.9349807500839233,0.4340717414017903,0.2832068989812875,0.2507781795208275,0.40815964655224957,0.3660069844967187,0.3446902441486022,0.0
1082715.75,0.7272557020187378,6.675255298614502,0.43396098748178913,0.2832687893399154,0.25191730935013784,0.4077602287644469,0.36524244184379867,0.3449749330832235,0.0
1082034.125,0.2862008213996887,0.8083302974700928,0.43403054706739386,0.2837185277836444,0.25300971549905,0.4071852003899925,0.36515123114063275,0.345456786103011,0.0
1077384.75,0.3736485540866852,2.17746901512146,0.4341136868848804,0.2840851180772986,0.2534889070001934,0.4073343514480553,0.3658221004942067,0.3460824431107291,0.0
1115179.0,0.4604659378528595,2.482283592224121,0.5101209628485801,0.3221174739781112,0.28979308427981054,0.3867929219187269,0.35365501239603175,0.3354056718593402,0.0
1076128.625,0.4236356019973755,1.7924262285232544,0.43419836560573166,0.2846367641642814,0.2527741233061208,0.40778768449311664,0.36681731124265265,0.34586991608497825,0.0
1071501.625,0.3548636734485626,1.458921194076538,0.43406546429978676,0.28432373846528375,0.25254969797666627,0.4078934355585224,0.3662509445846298,0.34546866228774065,0.0
1070153.625,0.3273536264896393,1.1029279232025146,0.43403802918730566,0.28411223462324875,0.2526554246386369,0.40814602960528207,0.36515405781581795,0.344745023317019,0.0
1074090.25,0.41952574253082275,1.4566190242767334,0.43376826827161497,0.2836976867298755,0.2520854412531251,0.40828044266752517,0.3647185339885898,0.34424524930644346,0.0
1074781.5,0.4450014531612396,2.188946485519409,0.4335140723208215,0.2831223883752749,0.25256307015038,0.40798770364539977,0.36425140935372075,0.34467224331773505,0.0
1075815.875,0.7693579792976379,5.218479633331299,0.4325391569510053,0.28406279527034173,0.2532071214008347,0.40702531293873495,0.3656337630555463,0.34575280707933315,0.0
1088810.125,0.5373605489730835,2.8015663623809814,0.4332260098385654,0.28394334772597163,0.25306771610891304,0.40729394474027947,0.3659263965571698,0.34615375323886854,0.0
1098245.375,0.5876071453094482,4.231508255004883,0.4332730718606509,0.28472743182384647,0.2535028090178786,0.40722404406303897,0.3664113679723363,0.3464733861711311,0.0
1096243.125,0.6398827433586121,5.80334997177124,0.43268822841177335,0.28360402702186427,0.2527336435536937,0.40681898715560844,0.3664054966333832,0.34610079242410313,0.0
1091840.25,0.885845422744751,23.03957176208496,0.4333213424587443,0.2840029079199162,0.2534330277694799,0.40735730178778645,0.36595341084732635,0.34635064643743263,0.0
1134421.75,0.622825562953949,5.182185649871826,0.5086731123127125,0.3198477579353531,0.2883371296612828,0.3866397977600864,0.35583217672621964,0.3373500037639633,0.0
1099728.375,0.640718936920166,6.410288333892822,0.4344397607529041,0.2832857173479978,0.2521936021544184,0.40903043299044956,0.36600742299507694,0.3459119716414745,0.0
1095863.5,0.6166900396347046,5.970632553100586,0.43512111345954463,0.28356486113871265,0.25237240332257493,0.40951542911996147,0.36679223519870835,0.34659912854090136,0.0
1091604.125,1.2817764282226562,14.953859329223633,0.4341511758921649,0.284033280779646,0.2517387707088007,0.40884030120755993,0.3678487175687145,0.34662645121425517,0.0
1092666.0,0.6337284445762634,4.602877140045166,0.43399874565422514,0.2845452092927204,0.2520502498444805,0.4082392615354194,0.3683745690220898,0.34671370246901667,0.0
1079596.375,0.8544919490814209,12.770589828491211,0.43445889543026706,0.28310453306826333,0.25127056870776615,0.4081658747284684,0.3680140653202533,0.34659088615179323,0.0
1061690.125,0.6405317187309265,6.010802268981934,0.4343531792344094,0.2825065238219074,0.25165885826261186,0.40851209586101517,0.36847539743936353,0.34762774897417353,0.0
1062124.125,0.6343653798103333,7.538290977478027,0.43340324950628917,0.28207621362998564,0.25077181218473293,0.4092485877812628,0.3685744211884551,0.34733334363772267,0.0
1061170.875,0.3486795425415039,1.7538458108901978,0.43296753281185363,0.281100132635208,0.24960892110260888,0.40973947431671853,0.36853161226514103,0.3469357260247168,0.0
1059545.125,0.4150957465171814,4.158815383911133,0.43288048851884425,0.2808445397798818,0.2492896208878478,0.4098867277062831,0.3680015716272874,0.34647527104430104,0.0
1057037.75,0.6136707663536072,6.350914478302002,0.4331256279470745,0.28013976579583255,0.24878378757018105,0.4099374973419111,0.3672679228743649,0.34620058323064057,0.0
1146996.0,0.44037923216819763,2.0082082748413086,0.5094751900991761,0.3183734000244638,0.28656981235863743,0.38631601868515925,0.3569712635191228,0.33775501352707443,0.0
1051879.5,0.8537588715553284,15.034584045410156,0.43254383432231425,0.2798236446258347,0.24899603244981264,0.4097013092326221,0.36865000698668876,0.347545603951648,0.0
1054156.125,0.5335464477539062,3.0550239086151123,0.43292648007559864,0.27939221757566535,0.24837435135536248,0.40988201934425506,0.3688645908778504,0.34726820606870684,0.0
1054573.0,0.47089430689811707,2.294463634490967,0.43351847968336127,0.2795527171419475,0.24881904649995812,0.4098604248070986,0.3689653459196235,0.34754688207904966,0.0
1058128.625,0.7537223100662231,13.0205078125,0.4339975933224824,0.2806760437659659,0.2495472313832396,0.40970117904649894,0.36936951648604355,0.34761768996038167,0.0
1062591.5,0.357234388589859,1.0985041856765747,0.4331682021352131,0.2803707929138777,0.2492473606326529,0.41009908901496717,0.36897733932505966,0.3472094711948026,0.0
1064884.875,0.43141692876815796,1.7005218267440796,0.43277870266832186,0.280064210944426,0.24920020912751875,0.41015123382510615,0.36876572102622174,0.3472499274374695,0.0
1067331.125,0.4629731774330139,2.2969274520874023,0.4328568208125373,0.2804621161309826,0.2501551765815453,0.41002100639021155,0.36860396672214374,0.34771202847063565,0.0
1063254.625,0.7266727089881897,5.069520950317383,0.4323523253046991,0.27988095142222547,0.24947158782186546,0.40994086537929186,0.36770301507497594,0.34682192618542734,0.0
1056895.0,0.5243711471557617,2.2390763759613037,0.4320597043509046,0.280104796325831,0.24945994286729686,0.4097478063232307,0.36744618353270664,0.34654022633264964,0.0
1059046.125,0.49274739623069763,2.601459503173828,0.43239830186278017,0.2804235103681007,0.24870192752324288,0.40997780166205444,0.3672874849719985,0.3455414451298153,0.0
1140753.375,0.5465644001960754,6.015983581542969,0.5067014046973812,0.3162804300171671,0.2847104932634785,0.38662586355694584,0.3573629401940249,0.33788416129283744,0.0
1064277.75,0.5304965376853943,2.6143441200256348,0.4324910557049899,0.2804693647398203,0.24948073903026477,0.41007776338417934,0.36779742370574203,0.34648011928642675,0.0
1061459.125,0.6612503528594971,15.18065357208252,0.4328315150686922,0.2803637541356406,0.2490374434911324,0.41004701197887683,0.36745893547596703,0.34595356388935355,0.0
1058368.875,0.7391397356987,16.029850006103516,0.43277990030571417,0.2806228954485477,0.2487149132679956,0.41000871367772285,0.36758215172711606,0.3456420672137175,0.0
1057806.25,0.5405555963516235,4.718397617340088,0.43216323943043994,0.28040621032045043,0.24958979945035184,0.41013878956457916,0.36707911198714505,0.34608371714245445,0.0
1059587.5,0.4303179979324341,3.102285146713257,0.43197914209047034,0.28111255526191686,0.24991501660913756,0.4101563359517799,0.36705138893733014,0.3459860896099015,0.0
1064686.625,0.7827874422073364,12.573521614074707,0.431636931859094,0.28105821630233957,0.24957507171913157,0.4093190628549075,0.366197102466888,0.3450445255050499,0.0
1071124.0,0.5622593760490417,7.153400897979736,0.43115374239605947,0.2815248931541157,0.2500249630691197,0.40980274438477576,0.36642956335681043,0.34529127482020955,0.0
1072658.0,0.5647789835929871,20.820253372192383,0.4307913327487394,0.28191189117790144,0.2505292764874291,0.4102219393764081,0.36633322813596925,0.345627139483726,0.0
1074020.125,0.43630269169807434,3.828890562057495,0.4308867934772572,0.2811705178374005,0.2485398911156185,0.4102702861625764,0.36695277675909305,0.34485794255101454,0.0
1074051.375,0.6301407217979431,10.260750770568848,0.4314757559392473,0.2809323017128798,0.24816474438465005,0.4105404860124218,0.3675215393825146,0.34529868671014274,0.0
1137020.625,0.5563279390335083,5.404480934143066,0.5048752499257242,0.316539056827823,0.2843172584117183,0.3868624980450239,0.3570555982875601,0.33717650186940445,0.0
1081483.0,0.4464923143386841,4.540391445159912,0.43175465636068894,0.2816088430238411,0.24914146890314495,0.410895882608117,0.36705438911509974,0.34544146958223576,0.0
1082270.625,0.36561641097068787,1.9874790906906128,0.43254883944143613,0.2820062804742721,0.24959483802857937,0.4110762521725805,0.36671387740295835,0.3451922245250947,0.0
1126291.25,0.6714315414428711,6.693305492401123,0.505249469909702,0.31725689018366016,0.284677383830324,0.3868666724328121,0.3569047190838105,0.33693734412376053,0.0
1068941.0,1.3024035692214966,65.72638702392578,0.5390376499465677,0.3301241547180981,0.2959463801018427,0.3619067561076111,0.34854416162443597,0.33312502435464036,0.0
1095314.75,0.7482137680053711,6.755916595458984,0.5048083523798725,0.31972372999017357,0.2872960286992457,0.3864950178013627,0.3545351370095533,0.335427689574598,0.0
1053732.625,0.8789973855018616,16.419139862060547,0.5062512831047046,0.3245525303209062,0.2924534957578185,0.38597610118625314,0.35117708019729854,0.33312816890851193,0.0
1018922.9375,0.7151646018028259,8.977270126342773,0.5101912121778367,0.3317088472283515,0.30024241312440286,0.3855105789643639,0.3483833962709297,0.33206536308299506,0.0
1013332.5,0.6847440600395203,5.494375228881836,0.5146261844695109,0.3388413883665702,0.30743914895617036,0.3851499944134103,0.34618616308046346,0.3310816022043311,0.0
1019809.4375,0.42551708221435547,2.2370002269744873,0.516539381725652,0.33863107543114346,0.30665512721546323,0.3851364157654527,0.346051032152863,0.3306815616568989,0.0
1015957.0625,0.45500466227531433,3.496711492538452,0.5188010886820054,0.3411149758627707,0.30957546458400415,0.3847949268613074,0.3452296249485539,0.3304488858758377,0.0
1027221.875,0.553295373916626,6.803680896759033,0.5209900575765727,0.34523348837963014,0.313267080317811,0.3842823274164752,0.3442543758737929,0.32986050244176435,0.0
1035443.5,0.5006285309791565,5.0652875900268555,0.5208914071161304,0.3466835034129199,0.3145089402185618,0.38411552372243823,0.344065742115683,0.329745454063907,0.0
1040646.0,0.6459287405014038,6.744792938232422,0.5208206306708449,0.3483113661080787,0.31628286779370274,0.38424019486950833,0.34463264294944485,0.3303922133038697,0.0
1046044.9375,0.606705904006958,5.532487869262695,0.5188583581967579,0.3483687328755412,0.31687182976341705,0.3845201075953214,0.3456921152928553,0.3312812193215241,0.0
1075974.125,1.223488450050354,33.97246170043945,0.5549577013040563,0.34104705189171053,0.3032704833411129,0.3687060103103405,0.3558807610895683,0.33638050075920717,0.0
1031103.8125,0.6451318264007568,4.72887659072876,0.5160862833876674,0.3446398276325522,0.31395016350333665,0.3847033972068251,0.3455957248673404,0.3310158104007266,0.0
1014638.125,0.663019597530365,7.734412670135498,0.5143771640339101,0.34633341150012764,0.3157699927569381,0.3844662322258703,0.3445903480937692,0.33084651668019566,0.0
1008119.25,0.494232714176178,2.386835813522339,0.5140378886468275,0.3477335138504653,0.31653320273900326,0.38374454840405375,0.34426382237369363,0.33074143966456454,0.0
1012502.1875,0.6050388216972351,6.179384231567383,0.515011711048244,0.3473027075925753,0.31565659264916657,0.3830398901695129,0.3441388946648145,0.3305032986947594,0.0
1027950.8125,0.7834397554397583,7.596917629241943,0.51689055588644,0.343090504704351,0.3107707121514579,0.3820922572449476,0.344359138645296,0.3295504863211937,0.0
1025322.9375,0.6556926965713501,5.820991039276123,0.5159915812255103,0.34251187135653804,0.31141079839033725,0.3819742834951388,0.3452953182692834,0.33056704114400676,0.0
1011431.5625,0.45879921317100525,2.633988618850708,0.5139700222471659,0.34225133407078057,0.3110949386141554,0.3824401303080737,0.34523089794917305,0.3305880850463976,0.0
1014629.0625,0.5789817571640015,4.232732772827148,0.5143286412641368,0.34200359911732997,0.3105356031310793,0.382258441049817,0.34527775902106117,0.3303560581937166,0.0
1021451.0625,0.5473772287368774,3.8621411323547363,0.5155297553665484,0.3405731907153712,0.30862659347176497,0.3814203876646289,0.34495223833980326,0.3296297080982097,0.0
1018099.3125,0.47770407795906067,3.179316997528076,0.5168968013253734,0.3391918084925073,0.3072903584423519,0.3811942214984843,0.3445020159427484,0.3290422743107946,0.0
1054390.125,2.169654607772827,133.28358459472656,0.5646947821963558,0.35081597635230993,0.3167852929227974,0.36057002007703143,0.35551567529001876,0.34182728028400844,0.0
1020485.5,0.745801568031311,17.581167221069336,0.5169838882543676,0.3366122664248061,0.3050050848146211,0.3817423260267278,0.34418055791216645,0.32871150869278476,0.0
1037463.3125,0.6480422616004944,8.612339973449707,0.515365749781248,0.3382017798360203,0.3067419470905642,0.3831322814279663,0.34318636714853595,0.3283533176555073,0.0
1041046.0625,1.140087604522705,12.32728385925293,0.51177257649552,0.33566446534756084,0.30434003943036725,0.38429541427183034,0.3442065905621936,0.3288977637795833,0.0
1044000.0,0.7539637684822083,8.849064826965332,0.5105425448558245,0.33011320957597645,0.299007646742275,0.3845623844904644,0.34572978982612623,0.3297793269589696,0.0
1061133.875,0.570799708366394,5.262500762939453,0.5090556570209658,0.32617939748375135,0.2954418358204348,0.384920082348421,0.3477114791333961,0.3312611204521057,0.0
1081682.875,0.5474042892456055,5.977136135101318,0.5098801729289266,0.32410212618916573,0.2920531022593022,0.3850268449795812,0.3489988991690554,0.3313279577014531,0.0
1082466.5,0.5614647269248962,15.995123863220215,0.5166702956765268,0.32940697650437967,0.2969522343848993,0.3840534594951592,0.3473611755126955,0.33037322708147243,0.0
1114358.125,0.6273709535598755,9.920692443847656,0.5251258434501728,0.329528730910885,0.29598454484559744,0.3828376000105204,0.3488770675236953,0.3310773569016895,0.0
1077285.0,0.7277458906173706,17.517749786376953,0.5242621827101737,0.33605313230674994,0.30254123026225166,0.38260561576293733,0.3458776279864011,0.3293868117549883,0.0
1104861.75,1.4313446283340454,63.54631805419922,0.5159923329150504,0.32723891161585655,0.29443065407060415,0.38358827648123356,0.3492812892767653,0.3316205214855285,0.0
1037505.75,2.490328550338745,186.30859375,0.5196817310220098,0.3304960351054377,0.29879389844697896,0.31171114749604983,0.33667413995704615,0.33768883991144943,0.0
1065452.625,1.0378950834274292,33.560306549072266,0.4876278308186488,0.3196684357927662,0.2880133412952829,0.3881436436765216,0.3518915151533293,0.33402903809948536,0.0
1039514.8125,0.8528445363044739,22.685482025146484,0.46876759648427296,0.3123133117734038,0.28130489963098027,0.3920068256244239,0.35303362993477583,0.33528946486405026,0.0
1067560.875,1.093178391456604,46.92538833618164,0.4481273686318365,0.29765934609103534,0.26687958726385763,0.397618975114251,0.3610248934923456,0.3421483102784502,0.0
1113226.75,0.7715564370155334,15.557703971862793,0.44288345143694957,0.29432185493197194,0.2623285593228554,0.40014735955707903,0.3661213978447242,0.34585195952259146,0.0
1116093.625,0.8758854269981384,33.77714920043945,0.4478520588129641,0.29728021953863315,0.26472739759707337,0.3991271126156192,0.3650720560947055,0.34463545492626885,0.0
1082367.25,0.7739885449409485,13.246343612670898,0.45656664414625475,0.3034666907217695,0.270427316003484,0.3974091693454577,0.35969189905220655,0.3399293890411001,0.0
1080382.625,0.9980207085609436,19.803394317626953,0.4578367538628111,0.3040644642527888,0.27124063385440395,0.3974838261385477,0.3595365975466153,0.34009547878769136,0.0
1047512.375,1.6051336526870728,61.89432144165039,0.46575750987123693,0.3114458989253665,0.2792101914617407,0.3960264106528545,0.3541645955566981,0.33611750555224074,0.0
1114928.75,1.5188300609588623,71.9198226928711,0.4825410936807056,0.3156598804882298,0.2827614645389033,0.3932201310466416,0.3566921663211972,0.3372233272016786,0.0
1088632.75,1.8020139932632446,119.92594909667969,0.5007034187943665,0.32920259089193005,0.29753818283978783,0.39139804344399226,0.35088746495988976,0.33313060866704397,0.0
1049905.875,3.466374158859253,271.8788757324219,0.5104123937821334,0.3198797849398961,0.27060077042886277,0.3316450719089569,0.3326386163584991,0.3348220036511293,0.0
1114920.875,1.8284707069396973,116.98304748535156,0.49242113119464165,0.31776756825287655,0.28622178166671886,0.39203909704399775,0.35669977724438867,0.3369557032952603,0.0
1161790.125,2.013195037841797,110.84941101074219,0.4813050555482895,0.3106234850669995,0.27842960620224105,0.3938881773001142,0.36272390685252276,0.34169530540417137,0.0
1097375.625,2.796567916870117,261.65240478515625,0.4713337466562543,0.30653455961621634,0.27531820796021056,0.3954762837459861,0.3608738619420441,0.341132357280327,0.0
1005369.125,4.503317832946777,818.7985229492188,0.47010537379773576,0.3101904127398701,0.27953865188125243,0.39494608249310353,0.3557011858163398,0.3372525205672957,0.0
1053979.25,5.762887001037598,1148.3363037109375,0.4617817578840457,0.3030705237142461,0.2710504413804356,0.39488833104259347,0.3626902198102085,0.342132224905005,0.0
1039031.4375,5.678234100341797,932.9749755859375,0.4572836904690627,0.30423267020541955,0.2723863883208959,0.3949612952716323,0.3573326413664877,0.33819708610454957,0.0
1143819.5,6.1158881187438965,1543.1373291015625,0.45474496762383704,0.2991756530542182,0.26606711778096903,0.39517085033840116,0.36671958814024885,0.3449482731231931,0.0
1136402.5,4.884751319885254,893.8777465820312,0.45024781876980496,0.29771819382679465,0.2644856774489357,0.3963022808564814,0.367816887018169,0.346308503075658,0.0
1078977.5,2.3558833599090576,246.34402465820312,0.44558236730163425,0.2937443743545585,0.26087211095857066,0.397823612866701,0.36251033846244773,0.3427052486871297,0.0
1048271.875,2.5083248615264893,225.32704162597656,0.44314995161774445,0.29241659827069466,0.26096774091931535,0.3987133113176685,0.3509248620812819,0.33494730229946745,0.0
1097633.125,2.1789324283599854,154.49893188476562,0.5096944602463683,0.3265724251475318,0.26307431385920915,0.3471000115572108,0.3140894165468511,0.3132063599746721,0.0
1053176.0,2.127869129180908,129.48147583007812,0.44259441927689375,0.28976553398496807,0.25795041795524637,0.39868041929245474,0.3502694089158031,0.33303904977962695,0.0
1015503.6875,1.6331239938735962,74.62157440185547,0.4418082888867848,0.2894554582600921,0.2585281913261076,0.39913789682210987,0.3519284512581533,0.3359864621593221,0.0
994380.375,1.841634750366211,84.26222229003906,0.4407513033727625,0.29180353584244584,0.2602982403918663,0.3994782678229181,0.34559813549847057,0.3315345876289881,0.0
943248.0625,1.1627941131591797,29.802074432373047,0.44073620889034726,0.29111711857313455,0.2603075913262759,0.39980816316483186,0.34209570573874765,0.3293036730994011,0.0
928773.3125,0.7546017169952393,10.599854469299316,0.44069971599652674,0.2907820028068763,0.26015747449903553,0.4006583707384949,0.34204239159895783,0.32929953058417744,0.0
920116.6875,1.436202883720398,44.273380279541016,0.4402364874242678,0.28688726749750904,0.25723190908752763,0.4021468912189184,0.3450624245666546,0.3317875579744503,0.0
904073.0625,0.7152729630470276,7.499719142913818,0.43948489828540177,0.2836272981202648,0.25311477277957706,0.4037394877463848,0.34342277275406474,0.3300567659407139,0.0
912316.125,0.7490401268005371,9.430614471435547,0.43895035035724234,0.28225022223555546,0.2522327762845123,0.40444676750470565,0.34350072529903747,0.33024243399784337,0.0
910688.1875,0.8796369433403015,14.763025283813477,0.43847282475024807,0.28256555950249973,0.25245838614500676,0.4047141178971312,0.34348842986790473,0.33019847932826246,0.0
932238.4375,1.787377953529358,121.3474349975586,0.43744282020931075,0.2819573961075329,0.25211434710395664,0.4047702916214165,0.34701201292239664,0.33278531581282467,0.0
1075812.75,1.9740861654281616,109.96270751953125,0.5452578714095813,0.35449166663508924,0.3080150051497932,0.3469590378394864,0.3189835991812233,0.31681306619148564,0.0
988281.6875,3.8949620723724365,684.3862915039062,0.43632235295933836,0.2803874602238134,0.25125920808120455,0.4041175729419439,0.3465969302042657,0.3326317786715337,0.0
1008968.375,2.8530192375183105,328.1700134277344,0.4365288765781361,0.2826245086533495,0.2521510865196818,0.4040963122255962,0.355755910814113,0.33917607047126513,0.0
1045689.8125,3.856241226196289,574.0952758789062,0.4370390950056439,0.2851231157677014,0.25433777431980503,0.4036432614157583,0.358243271706249,0.34104687213263823,0.0
1032445.0625,3.1789767742156982,357.5093994140625,0.43621383809971553,0.28671764193317995,0.25510008929945205,0.4034695518157383,0.35952016991267827,0.3414114427331547,0.0
1037631.4375,3.9194257259368896,562.3108520507812,0.4372414460299265,0.28654691859546405,0.2542432136976318,0.4024329136437901,0.3590164764772809,0.33996542341049385,0.0
1039279.9375,3.6087803840637207,490.1261291503906,0.43711492073398767,0.2868146175121591,0.2538095693854422,0.40251513844389725,0.36291224812245065,0.34253116274464673,0.0
1091561.375,4.617446422576904,639.3377075195312,0.43685490461403603,0.2888724910563848,0.2548658325873871,0.4028165888687679,0.36703128214655556,0.34518864464926363,0.0
1047600.5,4.675363540649414,669.3704223632812,0.43642740283744474,0.2880878736586306,0.25454499821684085,0.40266426850580395,0.36495303092355813,0.3437400625032756,0.0
1095739.0,2.349153757095337,175.6504669189453,0.4362658158794498,0.28945853622980433,0.25526545147033924,0.4019026855741572,0.3738836093971694,0.35047241222692865,0.0
1024263.8125,1.771091341972351,95.52729034423828,0.4375526980812755,0.2906038360235894,0.25841336026128936,0.40181827676935394,0.35976671733987403,0.34052201352755174,0.0
1037596.0625,1.9750155210494995,88.86481475830078,0.5696517298612815,0.3680477522187504,0.3383860297136726,0.35444970868684367,0.32716910672723887,0.3264543886706288,0.0
,1.3768587112426758,29.92721176147461,0.6366085397592754,0.5292780869394419,0.39835872274796413,0.3115271188053979,0.298557966467674,0.3118494824204508,0.0
1411748.375,1.1231015920639038,42.39360427856445,0.5713796071073943,0.43321889076766007,0.3390363518838459,0.3363214934430104,0.31884223522724264,0.31868815477816825,0.0
1361580.875,1.4530836343765259,40.110923767089844,0.5678365355436755,0.4266924056526314,0.33380473242494624,0.3333339383948443,0.3159031299285341,0.3161074962831157,0.0
1387485.625,1.0976349115371704,33.37911605834961,0.564789398133231,0.4259323925294869,0.3330047981979144,0.3338087861527288,0.31498962867390806,0.31512754892092565,0.0
1446314.625,1.5529963970184326,93.40367126464844,0.564083403511026,0.42839921481044263,0.3348609550482756,0.3343938789013553,0.3152740453613483,0.31540053271960333,0.0
1516684.25,1.310049295425415,34.31864547729492,0.5622318160743545,0.4314849610371374,0.3369549263310898,0.33458987993314754,0.31591336802819386,0.3159071837730592,0.0
1629024.625,1.6406549215316772,59.651241302490234,0.5552447938160375,0.4317394185377528,0.33464716707720465,0.33785009442650943,0.3169416515592005,0.31495376875172093,0.0
1656570.75,1.6286555528640747,115.8156509399414,0.5500133310713209,0.4277195444244396,0.3303289696810874,0.3400868981694059,0.31815814936088793,0.31442624435492494,0.0
1656787.25,1.2881051301956177,35.720130920410156,0.5455457995349086,0.42336657342142753,0.32702315057597847,0.3418772391212418,0.32007353469202277,0.3153105606144129,0.0
1621719.0,1.8281221389770508,74.4180908203125,0.5452169519375578,0.42054427610940764,0.3242373094148276,0.34533786458177573,0.32122634803499517,0.31550197180576656,0.0
1633281.625,1.2059942483901978,32.7069206237793,0.5463283416146595,0.42198045120161903,0.32509306641711455,0.3484906329187282,0.3223052704932366,0.31637616704400273,0.0
2007958.75,1.624781847000122,54.83818817138672,0.666386266579969,0.5554883932444677,0.3983253802333644,0.2973974355475261,0.294265220476667,0.29795597671881624,0.0
1664661.125,1.2839701175689697,35.40355682373047,0.544753693059415,0.4230526522223741,0.32661776531252246,0.34737113099474265,0.3226865193060347,0.3171959484142262,0.0
1708805.125,1.3816869258880615,97.14127349853516,0.5452217689960228,0.4252257131431075,0.32823099041452125,0.34621609601220094,0.32235084952941495,0.31748680935442414,0.0
1740234.25,0.9084370732307434,19.170650482177734,0.5457056086017817,0.42596971883981954,0.32984703749730615,0.34340024563100197,0.32260913948504183,0.31774635536078155,0.0
1763028.25,1.1752345561981201,42.62647247314453,0.5484076643325327,0.42828109760132904,0.33224711234257326,0.3430343928432093,0.32304968164302017,0.31806403501054464,0.0
1780507.0,1.204074740409851,27.069299697875977,0.5516579674698285,0.4316899448206024,0.3336907508066349,0.3431621801440588,0.32222279550563954,0.31693723676584357,0.0
1796660.25,1.701729416847229,100.82787322998047,0.5544053691168561,0.4335772893920218,0.33520270280193376,0.34246654496948253,0.32202399685207417,0.3168311465273652,0.0
1811312.375,1.135071873664856,37.80199432373047,0.5549568892309662,0.4336122641003646,0.3365438808611941,0.33953214990330305,0.32305621680216307,0.318150165739227,0.0
1827313.625,1.2951122522354126,36.65971755981445,0.5579614899337102,0.4349217796063219,0.3396818914349459,0.33654512556320576,0.323439126704173,0.3195236887569554,0.0
1853557.875,1.1843369007110596,28.77322769165039,0.5699748651109134,0.4398620062601118,0.34351874772060675,0.3235218802144467,0.31953884017202017,0.3168184369053722,0.0
1862472.5,1.500840663909912,55.46132278442383,0.5798539474912855,0.4407131038987475,0.3445229288878189,0.31678597935801595,0.3155864134637252,0.31371499854955115,0.0
1989456.875,1.7225704193115234,45.49320602416992,0.6724204069323408,0.5618614464884957,0.40990614044944346,0.2958907370787465,0.3006565574677269,0.30924129790240706,0.0
1873068.0,1.7585023641586304,63.788028717041016,0.5672530509879256,0.4385151706771121,0.3437951359824284,0.3187826335502698,0.3182246163544956,0.3170783412846834,0.0
1874657.125,1.977694034576416,92.08367919921875,0.5480373462740189,0.430638512370421,0.33902644455789244,0.33131914672245527,0.32449137021394053,0.32199094518898025,0.0
1885456.75,2.1765379905700684,103.17877960205078,0.5381797924508277,0.4276791489496985,0.3371855439698856,0.344887257610454,0.3283532833293931,0.32435665699085203,0.0
1856625.375,1.5511798858642578,41.443946838378906,0.539346193944976,0.4304996686283086,0.33967607528148247,0.34632286688537406,0.3292885827725914,0.32480947144182404,0.0
1832116.5,1.1001578569412231,21.905080795288086,0.5487232252473374,0.43538258354609777,0.340268771333845,0.3452339173169768,0.32894022312627136,0.32066435433109575,0.0
1834134.0,1.1339421272277832,33.19521713256836,0.5582145364436738,0.4416299110657558,0.3438094871212374,0.3441550210005581,0.3255999851428173,0.3187511225616492,0.0
1819052.0,1.3321844339370728,46.086753845214844,0.5593373505639132,0.4410047762121581,0.34251524662922955,0.3421910754464375,0.32488192564204227,0.3173462757744121,0.0
1803045.75,1.4221702814102173,41.116249084472656,0.5633414683348723,0.4429486898749018,0.34306376595232974,0.34173639122217975,0.3232182409451856,0.3161800404402455,0.0
1758120.0,2.0582468509674072,109.5560073852539,0.5702741151396528,0.44638597623437704,0.3457804190161852,0.33100173055336035,0.31769846410237473,0.3151309277998332,0.0
1766359.625,1.094111680984497,21.461063385009766,0.5705162817580254,0.4463589327136843,0.34478391902141553,0.33002483705974234,0.3185402481421877,0.3158460652986388,0.0
2011829.0,1.4164180755615234,35.21463394165039,0.6763544060104126,0.5647667732003732,0.4186460774862941,0.3027988524472303,0.30640946401199454,0.31956664906897486,0.0
1768307.25,1.2265431880950928,31.66437339782715,0.5681808039812032,0.4447041416932342,0.3434387229715362,0.3309487645972561,0.31926309146548815,0.31629104361254096,0.0
1718767.875,1.2917025089263916,36.76976013183594,0.5673366376941834,0.4409728222837372,0.34321100240175945,0.33115377687741077,0.31943529880199245,0.31791133537454,0.0
1701839.875,1.953340768814087,58.22124481201172,0.5593877556165541,0.43738436777163336,0.33820784329266723,0.3368934094843205,0.31992004653453177,0.31561272987123756,0.0
1758667.0,1.3050323724746704,25.04926300048828,0.54791805163724,0.43556205757370786,0.3311900525347217,0.34661990213961263,0.32123731217494894,0.31207914298095746,0.0
1734988.75,1.5310828685760498,34.40401840209961,0.5418232832706584,0.43008995449673854,0.32678139441945037,0.35055965796936833,0.3235601150981262,0.31337746223495894,0.0
1647934.625,2.251248598098755,60.328224182128906,0.5378457970783742,0.42152431533392665,0.3193458845476815,0.356139461767542,0.3288096268296337,0.31492823874918613,0.0
1557609.75,1.977575659751892,65.12350463867188,0.5383203505421406,0.41500225480694375,0.31444568532364003,0.3566748447872761,0.33273942017727637,0.3172652783878251,0.0
1523072.75,1.969120740890503,66.66059112548828,0.5393776035254231,0.41510307979401595,0.3133773344090276,0.35569346016731934,0.3336163297848452,0.3169141569033763,0.0
1581360.875,2.300102472305298,77.2877197265625,0.5475060888274064,0.4231192519234824,0.32032945797965834,0.346010635453308,0.33203901982109585,0.3170089739244975,0.0
1635403.125,2.135389566421509,90.43158721923828,0.5522117637367611,0.4268165397111372,0.3239781136021212,0.34049024479356543,0.3293509523645296,0.3156904312825788,0.0
2044142.5,1.7746258974075317,43.76762390136719,0.6578331509380156,0.5497199571590617,0.41634798484703894,0.321156316152044,0.30700052250182064,0.3242849308118929,0.0
1682429.75,2.302338123321533,87.76103210449219,0.5660401558541099,0.43352531015208573,0.32966019387313505,0.33105496035352644,0.326027728987759,0.3135186156354893,0.0
1647890.5,2.76225209236145,149.96949768066406,0.5805933583559438,0.43864146002544885,0.3339276317605051,0.32371917079200424,0.3179469610388367,0.30858546602972897,0.0
1647154.875,2.881633758544922,177.59092712402344,0.5936581690165558,0.4470738359950907,0.34051784226798976,0.321045103514736,0.3108476922604164,0.3057908406134634,0.0
1621712.5,2.4189748764038086,84.82330322265625,0.6053443646516976,0.452935182830344,0.34434917457686054,0.3213145123159749,0.31381603713979234,0.3081795448673566,0.0
1533037.875,2.9690167903900146,183.6976776123047,0.6163460518486666,0.45603587229083137,0.3473218181103757,0.32177466033381136,0.31881646017882515,0.3113874172650351,0.0
1416811.25,2.4674072265625,113.21047973632812,0.6105832544575885,0.4493392033626348,0.3417955669578525,0.3294508113998919,0.32198501450681,0.3121500283782188,0.0
1206434.875,2.6793060302734375,129.01943969726562,0.5946795854886227,0.4223861438028213,0.3211694088495251,0.34797221360190367,0.3287587401680981,0.31300410926457045,0.0
1028327.6875,2.855293035507202,152.5067138671875,0.5834120339316735,0.3971497002558684,0.3042949138086989,0.3641469074943295,0.33232121584062063,0.31469933548110623,0.0
999753.6875,2.5353124141693115,125.34168243408203,0.5765691304223164,0.39359447950576765,0.30376635783594214,0.3732803243420899,0.33363769655518116,0.31784348179107386,0.0
950318.125,3.1483469009399414,187.55584716796875,0.5753088246058048,0.3983034433075238,0.3135338102705566,0.37239297637693997,0.3354431985677818,0.3225735076183548,0.0
2057323.5,1.7807421684265137,64.26080322265625,0.6487152281775246,0.5385763468185814,0.408685663692938,0.3265096050957033,0.30514434931711437,0.32136158213803084,0.0
1070379.5,2.8890926837921143,205.29232788085938,0.5838071499025209,0.41815777696690537,0.32723911350793156,0.3627388664514476,0.3328563063639213,0.3218418058641905,0.0
2031922.875,1.6077420711517334,58.5625,0.6434042051756701,0.5234200627740513,0.3963896934302303,0.3281112580527734,0.3006571775557345,0.31505096046852893,0.0
2026335.875,1.6731843948364258,58.874942779541016,0.633935837526287,0.5147026646180195,0.38771326007820694,0.3277522290132601,0.3000624970358885,0.3101820698956786,0.0
1957273.5,2.4802486896514893,84.4188461303711,0.6257748273451278,0.5079640340841575,0.38504455883564126,0.329099122688095,0.3002064133671613,0.30855197417577185,0.0
1963314.5,2.8506081104278564,134.16644287109375,0.6297423503354803,0.5174214719630903,0.39119772188962837,0.32924265950917714,0.3054952536006221,0.31146550033905906,0.0
1992667.125,2.0058512687683105,59.14076614379883,0.6360191875868616,0.5324937413307118,0.4117665548667641,0.3333904395730794,0.30634749820504686,0.3212399345945779,0.0
1997210.0,2.2137959003448486,78.86527252197266,0.6618925943550599,0.5539003216274623,0.41373818475015517,0.3109390322830209,0.3085306336924533,0.3217997538192597,0.0
1881554.75,1.5903066396713257,34.66261672973633,0.6399785302116241,0.5316283453947684,0.41489575543609875,0.33093955133649056,0.3087084933182684,0.327732212080749,0.0
1807621.0,1.4697787761688232,60.95637512207031,0.6412611497865579,0.5217461594257545,0.4013924078455627,0.30870694836643375,0.30056009444387144,0.3160145649442515,0.0
1852588.375,1.7577003240585327,66.3836669921875,0.6338919253308449,0.5165152572034787,0.3942964493576683,0.3059491711260887,0.29109789100022576,0.3048216503930128,0.0
1902523.5,1.6222963333129883,38.784481048583984,0.6249339220979533,0.5157403103767823,0.39704591538408457,0.33056068351259343,0.30155252212779393,0.31554426429793564,0.0
1997432.875,1.9569252729415894,78.57442474365234,0.6205031216268779,0.5155616735373505,0.39679884786699876,0.33668473462295617,0.3036443498966901,0.3156854314374329,0.0
1884541.0,2.1946685314178467,81.85306549072266,0.6119374823648388,0.5011975633286118,0.3816008163616054,0.3395904487896204,0.30678475223439144,0.3118206397661025,0.0
2004247.375,2.055612087249756,71.0541000366211,0.6137177921358374,0.5014357768909042,0.37945257978680813,0.33567099883598567,0.3092476227983414,0.3113727733077011,0.0
1959200.5,2.1811535358428955,75.34274291992188,0.6217169730378018,0.5039194686528679,0.3833035953083369,0.32602446730595774,0.3084567814968307,0.3113708518963803,0.0
1897358.75,1.8287209272384644,67.7292709350586,0.6240539341563942,0.5038042156285271,0.384114019388377,0.3240485001853543,0.31224941720964156,0.3163694646164367,0.0
1620095.0,3.8526179790496826,381.2308044433594,0.6173004439627255,0.4880977248245539,0.37568599190088986,0.3288701147983957,0.3090780558811758,0.3162184937180546,0.0
2058501.375,1.8224292993545532,57.19552230834961,0.6902398016496161,0.5835210360588625,0.42777328241989543,0.3166339725347003,0.31421525623850394,0.3245817252946863,0.0
915548.1875,2.503347873687744,128.49717712402344,0.6014464146818291,0.42835663254158546,0.3311704683443575,0.3419496722742414,0.31217678271166305,0.30873550459115046,0.0
678932.375,2.7630114555358887,122.07979583740234,0.578862118068827,0.36790939342239853,0.2867067422624876,0.3519226923763482,0.31218866718912114,0.302337182685483,0.0
721387.0,2.221679925918579,100.60692596435547,0.5701415154862461,0.3611743039438141,0.280766458099354,0.34764099794217634,0.31416625419939687,0.30273107160382023,0.0
893840.5625,3.404127836227417,283.0272216796875,0.5817703100336316,0.39014904213883866,0.30218929394045607,0.33179631321038666,0.3085018834129122,0.29900573075760106,0.0
1290853.75,2.2976157665252686,96.94206237792969,0.5898158997087231,0.43165561969401917,0.330538132346689,0.31542222685404364,0.31126389283333966,0.3064610902204157,0.0
1498459.75,2.448242664337158,99.41117095947266,0.6025346573425556,0.4540291324436053,0.3461664308497912,0.30610524189958777,0.3124935561350579,0.3120386423195362,0.0
1605815.75,2.4873764514923096,127.07706451416016,0.6077438471758276,0.4671472369613857,0.35373766896056547,0.30196833211478014,0.3090184264253935,0.31188756531362866,0.0
1703730.375,2.4087767601013184,114.16263580322266,0.6181057823472823,0.47867255443483897,0.3619602417935267,0.3192294454491497,0.3049936184970794,0.30649290904116705,0.0
1812270.0,2.433178663253784,127.15775299072266,0.6209940816727526,0.49082157079715577,0.37014792008026515,0.32837820935182854,0.3026662067724508,0.30384927838183473,0.0
1886319.5,2.1503655910491943,95.16931915283203,0.620071725192891,0.500389338054393,0.37919203489176573,0.33397204355225935,0.30354086483522136,0.3063354868566513,0.0
2074653.25,1.9159456491470337,67.5801773071289,0.6743167644067999,0.5675416076677655,0.40972208972624313,0.3146187674009573,0.3004746871970866,0.308690141524303,0.0
1923897.625,1.705324411392212,51.462989807128906,0.6150206282899456,0.5011504581147956,0.38530450293692226,0.33768409247084896,0.30507366459341323,0.31181293829632745,0.0
1948138.25,1.6466718912124634,46.75151443481445,0.6024919624350707,0.4935784866636513,0.381996218468038,0.3458616878086287,0.3147087957069998,0.320281793299616,0.0
1955104.0,2.008721113204956,117.19564819335938,0.6052886422836932,0.4946450570913308,0.3819964304568617,0.34700087674050967,0.3136347809995117,0.31810931301252526,0.0
1982584.125,1.4346368312835693,45.981082916259766,0.6041656278591687,0.4930916575654205,0.3813472965379824,0.348249440022312,0.31547956629383184,0.3200417117949967,0.0
1986588.5,1.588683009147644,50.98105239868164,0.601465016434094,0.48738405246327693,0.3769930029877684,0.34997753164226075,0.31715073976536806,0.31966832674167645,0.0
2007493.875,1.2978792190551758,36.489295959472656,0.6005536252728011,0.49382795871937424,0.3809888013210558,0.35011681507100917,0.3181515038738706,0.32199343857072277,0.0
2006322.0,1.6878172159194946,54.52520751953125,0.6039370814688803,0.49625494319919466,0.3821266935124038,0.34804661996397324,0.3151266911723522,0.3184556695537242,0.0
2002882.875,1.3495057821273804,32.15650939941406,0.6013164161924903,0.4963737630968996,0.3825478592474971,0.3470839165862505,0.31671716439148073,0.3201514922130631,0.0
2004630.0,1.9618359804153442,118.462890625,0.5994958835670825,0.49736547649097695,0.38475449473853157,0.34880047370876377,0.31879851421020017,0.323058584542576,0.0
2000842.25,1.5390732288360596,44.884708404541016,0.5991842818807105,0.49591792145252683,0.38405538085907126,0.35140197991363314,0.31665212272259935,0.321493034324918,0.0
2081949.875,1.7110828161239624,54.382816314697266,0.6580306585916444,0.5554853230228003,0.40148265178465536,0.3130922601813213,0.2986174954318049,0.3077249703787734,0.0
1958829.75,1.4977595806121826,53.468204498291016,0.5972237583472462,0.4930900185779345,0.38187626827021304,0.35196611239805276,0.3193856147433609,0.32235194259790617,0.0
1977101.875,1.620713710784912,70.75916290283203,0.5911445969291282,0.4863510149136196,0.3724501505405183,0.3573587333723162,0.32358316864046743,0.32075734315442883,0.0
2069136.375,2.1187028884887695,119.30379486083984,0.5848245729930611,0.4831909277576135,0.3660805843397855,0.36391620264717406,0.3287695469910225,0.3226623413337298,0.0
2052034.125,1.9148041009902954,114.44401550292969,0.5811098564808306,0.47838142337610257,0.3617561102983755,0.3684457025795693,0.33147601326208154,0.32515238326879414,0.0
1942758.375,1.5002589225769043,44.05309295654297,0.5811374858939741,0.47545892495032704,0.3608002669245626,0.36949675422697176,0.3304805349443094,0.32525014712132366,0.0
1864752.625,1.508810043334961,54.77629089355469,0.5810960697612906,0.4731711279761037,0.35968423930697346,0.3681480448667216,0.33017818204948884,0.32495964779860753,0.0
1794141.375,1.6995662450790405,50.298736572265625,0.5877553088661489,0.47349478272271167,0.3612133482217963,0.3623060513999703,0.3278850762079854,0.3231386689442504,0.0
1746941.0,1.5401389598846436,59.98455810546875,0.5969512929019706,0.48048960596271295,0.3679206988980589,0.3540226463879751,0.32441798577825753,0.3220023556520123,0.0
1657005.25,1.3178603649139404,37.1566276550293,0.5976161405407343,0.47508765802632624,0.36701054180757925,0.34570505184158895,0.3194394595129174,0.32010961967300516,0.0
1648727.5,1.3945680856704712,35.09975051879883,0.5990707967937963,0.4713452778744004,0.36699451850123616,0.3399689972335591,0.3153084280628082,0.31924148678689473,0.0
2102253.25,2.2025327682495117,102.70494842529297,0.6497618581833214,0.5465106479849305,0.3903235302564332,0.3076648184008329,0.29680031642642024,0.30717903116669026,0.0
1592025.625,1.3101460933685303,28.722871780395508,0.6012854501325592,0.469249161523844,0.3628545380019835,0.33446063235774814,0.30891619880058974,0.3136629759789228,0.0
1581327.625,1.4150859117507935,31.64990997314453,0.6050377932628187,0.46879585914985245,0.36178077814038256,0.3336636699187797,0.3063413727480223,0.31055683222172503,0.0
1582273.875,1.3243193626403809,37.63890075683594,0.6117334630401717,0.4699432797428237,0.36018071712467453,0.3332789491293192,0.30663650011351873,0.30741701238545066,0.0
1592807.625,1.397666335105896,59.8206672668457,0.611408646909406,0.47003694959865,0.3595229912095987,0.3340009419397122,0.3077686500418297,0.3078812131672304,0.0
1613683.125,1.612095594406128,93.7188720703125,0.6160795073892801,0.4706726155871135,0.35928267624721266,0.33033589042285827,0.3068388469582509,0.3066278367733899,0.0
1637060.25,1.3711769580841064,41.91399383544922,0.6150570511700668,0.4686099870709923,0.3574178030739588,0.3302047517761937,0.30686928671663577,0.30542914962714574,0.0
1666627.125,2.2962875366210938,135.8944854736328,0.6103621285876945,0.4670247685289377,0.35484758880001177,0.33268373173464677,0.30597663550435833,0.303730163964426,0.0
1710482.125,1.6444706916809082,39.76939010620117,0.6075427899606987,0.4682658637245711,0.35922473924952175,0.33243986635372985,0.30207665479473,0.30634165245319217,0.0
1724016.25,1.2749812602996826,36.082862854003906,0.605685232989433,0.4689047526501313,0.36217325242396464,0.3332350746658278,0.3034100693634803,0.30977740157409056,0.0
1747930.625,1.4528005123138428,44.58668899536133,0.6084175115235899,0.47418646846990486,0.3642797780525705,0.33690735439854647,0.3030915441245794,0.3080642771513138,0.0
2110784.75,1.8491206169128418,93.4312744140625,0.6470752017671806,0.5447182805826796,0.3885872449001787,0.30760571909009343,0.2975347879312383,0.30613200664379836,0.0
1753534.25,1.5023211240768433,41.17165756225586,0.6074177802974413,0.47342524933720576,0.3630681771632173,0.3398330629781624,0.3028685891279579,0.3071661939955282,0.0
1752121.0,1.5592684745788574,33.43635559082031,0.6113146788582784,0.48113149375581477,0.3701778084867554,0.34016538140230934,0.3036304656143666,0.30904701722266475,0.0
1763850.375,1.4516534805297852,30.21799659729004,0.6170995540034836,0.48809999576207,0.3758114366283404,0.33887563442781204,0.29907560773233366,0.3072734217877893,0.0
1752837.0,0.9870114922523499,24.495389938354492,0.6213839568613363,0.49692062429099304,0.3845528317103613,0.3380839064333825,0.2998432703081214,0.3111620753384844,0.0
1732619.0,1.8695489168167114,115.47073364257812,0.6269481859355858,0.5012514533377663,0.3922075178704273,0.3384005302544054,0.3021860947558669,0.31264136540141735,0.0
1635352.0,1.9737225770950317,116.72179412841797,0.6319690450585355,0.5016285077383656,0.39804499678482097,0.34127771720708866,0.3073932574498544,0.32020054687490157,0.0
1614433.25,1.7704461812973022,84.82211303710938,0.6305152634061657,0.49486624385830824,0.39414328220538053,0.34263767227895964,0.3076758875918636,0.31882400765179647,0.0
1659349.25,2.3139901161193848,207.46791076660156,0.6190128136368214,0.48704464820316307,0.38382110038034734,0.34640403723935137,0.31141275248944306,0.31432233162376666,0.0
1722950.75,1.7361677885055542,43.79856491088867,0.6068100432929769,0.47451224557643,0.3797875831070473,0.34499558795005947,0.30875310676406686,0.31350935760874366,0.0
1738804.375,1.6129627227783203,59.818485260009766,0.5951111917076437,0.46021111510499074,0.37407577886341015,0.34875547273151747,0.3129157570335256,0.31564962786982054,0.0
2108404.5,1.6537531614303589,59.012367248535156,0.6473314598884066,0.5494494697790044,0.39488991882689767,0.31450219357733966,0.3012361542406968,0.3088752367294917,0.0
1483630.125,3.0169341564178467,206.9453125,0.5796975209969896,0.4305856048336564,0.3443306097209767,0.3521016937133085,0.31425848302842063,0.303645063810159,0.0
967263.75,2.9511523246765137,143.26687622070312,0.5574610747586485,0.37139968311891436,0.294683633744951,0.363632676679827,0.31695726545716596,0.298383399465204,0.0
794227.6875,2.0000596046447754,70.11299133300781,0.556607810329802,0.34250665162421134,0.26963392106274897,0.3816014575499409,0.3299375797701268,0.30603581119458334,0.0
703839.5625,2.4088492393493652,157.5009307861328,0.5677744673910499,0.3384489793409791,0.27515109467414894,0.38113707498235216,0.3311944061480059,0.3096444210061527,0.0
724709.6875,2.426987886428833,102.89855194091797,0.5742498877127076,0.3434844299963188,0.28694812042929996,0.3720462973812894,0.32596843361817524,0.3156298002329414,0.0
774884.875,2.712981700897217,107.83940887451172,0.5792788264426786,0.355273177445046,0.3013743229534601,0.37139030661738426,0.3281905754219811,0.3315332653428793,0.0
917125.375,2.5899715423583984,114.18455505371094,0.5807161288171859,0.35999630859777515,0.29742909427230135,0.3748264837671498,0.33060831413396136,0.32862965459930266,0.0
1250254.5,2.7296512126922607,161.7039031982422,0.5796827759289181,0.39315236813625776,0.31252362128204286,0.36789160057346965,0.3285805092701846,0.31930455019122583,0.0
1460802.5,1.9774235486984253,64.69475555419922,0.58075145276143,0.422562218844654,0.3381456840917011,0.3570270256243678,0.320814677033563,0.31858034168918087,0.0
1545319.0,2.0382323265075684,113.93417358398438,0.5853208765495197,0.44345830947943377,0.3635028095527989,0.3489125590296415,0.31615351889933646,0.3285200778244737,0.0
2052868.75,1.9150512218475342,73.52629089355469,0.6471697771097171,0.5489222861729491,0.40446746748649376,0.32335046829276226,0.3046994516955005,0.315988618992373,0.0
1458164.625,2.5158824920654297,149.5489044189453,0.5834551245179058,0.4445205560404074,0.34639634278969555,0.34391819986628924,0.31827748035088343,0.32051297175798577,0.0
1306215.125,1.9049521684646606,69.05630493164062,0.5919483328024013,0.4387445195983307,0.3449103816725921,0.3471145257009114,0.327250555271116,0.32900580261357015,0.0
1204661.875,1.2814723253250122,35.21028518676758,0.5945369161037263,0.4342299655856157,0.3441248002424688,0.346565952193038,0.3278170141071464,0.33172129755682495,0.0
1209907.75,1.8161709308624268,69.90635681152344,0.5962561491324403,0.438298308273625,0.34889197323577964,0.3441797401589941,0.3305024673790553,0.3352247062815987,0.0
1327167.0,2.0905861854553223,155.2329864501953,0.5914189715061139,0.4438413838789774,0.3517963768552605,0.3403126288353315,0.32990061089874445,0.33478800026861516,0.0
1414612.75,1.7233645915985107,51.694183349609375,0.5938712725951302,0.4509110477207748,0.3553585516346824,0.3435682107630975,0.3292557271390689,0.334473503289286,0.0
1463475.625,1.963868498802185,90.1350326538086,0.5972092098700308,0.45070540109292645,0.3547585448215998,0.34564601535907397,0.3285430099409843,0.3331701122475236,0.0
1356777.5,2.0620946884155273,74.91121673583984,0.5946691054191937,0.43949774616337334,0.3484753060944287,0.3454787028498584,0.3273571067799268,0.3309427766886,0.0
1159105.25,1.6869946718215942,53.665916442871094,0.585314785603426,0.42332204392666156,0.3382363007830085,0.3407372897088849,0.32458813133458486,0.326156284628912,0.0
1217160.625,1.1733417510986328,25.53943634033203,0.5755500208949733,0.42328442402257954,0.33427311976353574,0.3394313515278836,0.3199628891787068,0.3203318466324073,0.0
1964998.375,2.003124237060547,80.63993072509766,0.6458763450895426,0.5422679996754359,0.3929505947377462,0.3158234277364436,0.30031135213609556,0.3047453361212668,0.0
,3.6397159099578857,247.46774291992188,0.5128499193810884,0.30249695234459817,0.13798246488600827,0.3611705129332811,0.2936256078160116,0.16827280504411518,1.0
253421.46875,11.782015800476074,3726.682373046875,0.5238179843318829,0.30886389066761394,0.17279351823245856,0.35515322194753235,0.3163211797425475,0.26003234309003753,1.0
150808.046875,21.29054832458496,10115.9052734375,0.6481065956668608,0.5469682832061704,0.25148557459275983,0.31100441805416384,0.33359742256098945,0.345145973354225,1.0
300070.4375,11.40798282623291,38105.75,0.5710381316846271,0.5535287811242251,0.22439097990835516,0.34011126166518585,0.32445900731087274,0.21442540557122164,1.0
8471.1416015625,1.8392366170883179,52.22356033325195,0.6903342558563984,0.6847875255827698,0.2514713625100202,0.2997701246438241,0.3028897826217597,0.20086720977837208,1.0
10281.8037109375,0.988861620426178,21.107053756713867,0.6710366142218638,0.6704449637323103,0.4864782198117386,0.30350910826841687,0.303282527113248,0.329693533871818,1.0
12179.4716796875,0.33557096123695374,1.486087441444397,0.6027176518304586,0.6021702841029989,0.29526908398507534,0.35743333611300326,0.35710154150911044,0.31559049224764396,1.0
11955.3427734375,0.7048723697662354,3.9905543327331543,0.6530290364429437,0.6525115425357311,0.47359711906208757,0.3400981542589859,0.33989192026654264,0.33517806008202106,1.0
12530.05859375,0.40646687150001526,0.9714259505271912,0.580485481836747,0.5802516726302049,0.19951880479198325,0.36432366275071043,0.36411466965353306,0.26275185036386267,1.0
12621.46484375,0.6591129899024963,2.5995960235595703,0.5740281259750463,0.5739868506290272,0.15276476096821057,0.4032026598528523,0.40316434728883105,0.29708800567495347,1.0
16260.5859375,6.578049659729004,658.8343505859375,0.5534318165528548,0.44667632017023706,0.22541112736191327,0.32460866850228226,0.3607359558387744,0.23786939466691842,1.0
282954.46875,1.9312160015106201,79.35883331298828,0.5250328671463576,0.30013570217573826,0.1421051284941522,0.3550938263459833,0.2806781450970237,0.18090527705991116,1.0
116546.3984375,22.763254165649414,54903.578125,0.4538425036513661,0.3945389674032658,0.17413530161447283,0.3503290336798521,0.3362618816729521,0.2545412767819823,1.0
14331.439453125,3.1283457279205322,249.6148223876953,0.5957047652170964,0.34982900582661564,0.19071355405157125,0.33191811667848864,0.3122653849852988,0.26495647376296977,1.0
18983.572265625,3.12774658203125,192.2152862548828,0.541538608217011,0.30062549450278464,0.16017948552964362,0.34549740508619875,0.3090818110662972,0.2162244023512615,1.0
30357.3828125,5.421484470367432,600.1487426757812,0.542631343482505,0.31445443566442755,0.1742627358178244,0.34603535522935513,0.3099903587415167,0.21602530029219014,1.0
156114.296875,3.557462453842163,242.56875610351562,0.5419302850268268,0.2998992691910051,0.16574551415476407,0.34793050347262916,0.2822014688973655,0.20664836649000637,1.0
92036.515625,4.048564434051514,434.74951171875,0.5431068532083883,0.35020102125911723,0.20296498033724703,0.3482600907549189,0.2717506894467963,0.23437737745616655,1.0
114812.5625,10.681872367858887,4449.13330078125,0.540899157313262,0.33366883647161816,0.19476433495820925,0.3479512583407993,0.2637401233857196,0.22161587893282883,1.0
19639.59375,10.68556022644043,1912.0245361328125,0.5418399056758433,0.32619846844063455,0.19707846121958403,0.34583837956600816,0.2862673642136754,0.246433787282154,1.0
183474.09375,12.410749435424805,5605.2392578125,0.5419994831230827,0.32731767813224943,0.17396380613487333,0.34670682587760543,0.3262041832173806,0.21249771429468253,1.0
297628.90625,2.538130283355713,84.1392822265625,0.541198416548112,0.41880616400780224,0.21990277559402732,0.3463757205211957,0.32803716227696017,0.22886859035641946,1.0
274783.0,1.9830989837646484,100.0445327758789,0.5304292905284138,0.28063460152449726,0.13310981717047346,0.3547501554876561,0.26341601080365024,0.1679733066485639,1.0
293519.875,0.8483037948608398,13.036274909973145,0.5414540655520688,0.43790198594707913,0.23073098315269464,0.3465887039635628,0.3285207620133697,0.23451043022905296,1.0
288848.28125,0.5710383653640747,4.603487491607666,0.5418722399495851,0.4375584782204948,0.22797830648034767,0.34688391450341627,0.3299792204223141,0.2324134931644253,1.0
297786.21875,0.27145761251449585,0.8601967096328735,0.5426094421873229,0.4441279725022682,0.23349736333092552,0.3469172989890513,0.33027665119284916,0.2349331849060465,1.0
294814.5625,0.9030910730361938,31.230804443359375,0.5423087613981961,0.4452849144118286,0.2317128230219934,0.34723247887610575,0.33065787134309127,0.23367463149894704,1.0
281299.8125,1.0373649597167969,11.489242553710938,0.542744222836909,0.4510050042252815,0.23341753788740102,0.34904157318247997,0.33024119302774174,0.22800965024267583,1.0
277963.5625,0.3876209259033203,2.016564130783081,0.542359636379137,0.4483626707769431,0.22555174762964503,0.3478489248932629,0.3310753751967054,0.2252609795740798,1.0
275628.71875,1.0121368169784546,14.083447456359863,0.5414622582735701,0.44455878650337427,0.22623468059856314,0.3464628375893549,0.32935544709254855,0.22685058404358743,1.0
280572.875,0.6245313286781311,6.836717128753662,0.5409886666787423,0.44213527136586933,0.2296625141130124,0.3454086293498894,0.3268114013426981,0.23011456497512503,1.0
277305.1875,0.3953160345554352,2.8138227462768555,0.5412358179750804,0.44272211051582133,0.22975347134746,0.34668724085699537,0.3290758140109755,0.23166273845437588,1.0
280233.5625,0.3849310874938965,2.461113929748535,0.5425278418253654,0.4460550450686202,0.2318030307709919,0.34750674865700815,0.3315616845870665,0.23293168611998077,1.0
300236.78125,1.7170236110687256,103.00051879882812,0.518824729646173,0.28906429048573995,0.13598532289531015,0.3567668162106296,0.2596578445079288,0.17271636327272796,1.0
21009.072265625,0.35022687911987305,0.9858744144439697,0.5440868795212577,0.2813861252892888,0.15473558708941282,0.3493333020499648,0.29512710038773393,0.2099189726240694,1.0
19374.52734375,0.5979357957839966,3.948200225830078,0.5440162104522902,0.2895995279492674,0.16451390846484915,0.34896887470148086,0.28994679235424553,0.21432093522364956,1.0
20360.509765625,0.5240581035614014,2.953282117843628,0.5444498758165571,0.29157969096195746,0.1682973693982972,0.3503459032073678,0.2878823586538674,0.2101979170027803,1.0
20273.1953125,0.5626309514045715,4.430140972137451,0.5444942815973546,0.2786278296747351,0.15930676984212105,0.35022208662598475,0.28211991499930333,0.2067680177690214,1.0
20424.966796875,0.20117639005184174,0.5407496094703674,0.5443101833196928,0.28658276948381994,0.16066382404113078,0.3495380441044141,0.2826435154766077,0.2070326140461302,1.0
20940.3984375,0.6689717769622803,10.914249420166016,0.5440982872717779,0.29119720383177283,0.16199954246264917,0.3484799941019705,0.2870764738854576,0.2086225310847149,1.0
21264.734375,0.3865184187889099,1.802513599395752,0.5436834086188616,0.283753461026726,0.15914496549655005,0.34738813395459733,0.29089468372592603,0.20921032971419817,1.0
20897.63671875,0.31582483649253845,1.329871654510498,0.5429698534438449,0.2872914089541945,0.16068783316516824,0.34652139882768873,0.29331473749211034,0.2101030079789896,1.0
19704.59375,0.5047650933265686,6.644258975982666,0.5424092837498906,0.29097871862905184,0.16415777310754953,0.34719821497633174,0.29445347160163643,0.21067973966793824,1.0
17620.986328125,1.636207938194275,51.57240295410156,0.5427416978252904,0.281264664853175,0.15580352134190223,0.3499315083278887,0.2956112973116567,0.2096567148689838,1.0
311003.25,1.6826987266540527,100.37857818603516,0.5092311847607697,0.28445021092159367,0.13355811542716992,0.36545391949697986,0.2596396322712674,0.1739066205024306,1.0
15280.4892578125,0.7519003748893738,11.838509559631348,0.5428557567687093,0.3106453408941573,0.1790579904839228,0.349719889093788,0.2814219202225492,0.2244361430751059,1.0
15525.4267578125,1.495402216911316,145.93310546875,0.5681695939979853,0.3248454650831346,0.18495610806258886,0.3345617926745364,0.2873678923554641,0.25915750709699475,1.0
19401.1171875,28.123897552490234,48607.52734375,0.47534556892788976,0.35598174677002176,0.24184883192075401,0.3868542413254355,0.35845293234661146,0.33350433640076466,1.0
12599.12890625,1.0951160192489624,14.165003776550293,0.5150317154882291,0.5149031848499228,0.3605157571658229,0.35531624121622235,0.3552064109327077,0.3550444972619301,1.0
12204.6884765625,0.45786240696907043,3.1889874935150146,0.496750551175117,0.49672147086703133,0.30425925112030366,0.3984417155061863,0.39842229378559035,0.3710232864523398,1.0
12398.2509765625,0.38312408328056335,1.771153450012207,0.6269713350503203,0.6268340562835363,0.44547069728019584,0.40466534409190197,0.4045598771837252,0.3911905730265324,1.0
12348.6279296875,0.532145082950592,2.793790102005005,0.692294140415234,0.6921605830162535,0.498009523482691,0.34419812228946667,0.344134216702148,0.36815458625354924,1.0
12161.1298828125,0.1536606252193451,0.11631732434034348,0.4945421200663583,0.4944594670066631,0.2900233045915209,0.37518155204741216,0.37513733113000197,0.31759863466164023,1.0
12085.734375,0.7069053053855896,12.214897155761719,0.5891262603998837,0.5890371523962379,0.4336045927910491,0.40991329015560474,0.4098957538933767,0.39523445270173696,1.0
11834.572265625,0.9812471866607666,9.834449768066406,0.6394906427723394,0.6391331348948128,0.19366426665484432,0.3849833955111702,0.38468893759377326,0.23604429287477047,1.0
303133.40625,1.7865355014801025,197.94854736328125,0.5041100562649139,0.2592863853762028,0.1276535097222018,0.3678139837567087,0.237296369622324,0.17548644593254636,1.0
12932.8408203125,0.6997821927070618,3.315703868865967,0.5995308641127189,0.5994530608205253,0.16073145970474884,0.3973756614104417,0.39733034810902673,0.2766106442378918,1.0
12479.9716796875,0.40354064106941223,1.0605716705322266,0.5127772087664293,0.5125789099011286,0.32480672090159013,0.3397531831370517,0.3396353942567835,0.30444730142871296,1.0
12043.8740234375,0.49425026774406433,1.7864772081375122,0.48636654980319105,0.4861869031442322,0.18911860826921553,0.32962811238398443,0.32944248106980867,0.1850256556382314,1.0
23283.255859375,2.583256483078003,387.96380615234375,0.5100271864995374,0.5096722394156764,0.203390946291955,0.41614525465392915,0.41624669709046397,0.27349385555730793,1.0
49672.5703125,1.5614932775497437,30.91021156311035,0.5368037008156775,0.4808906259081184,0.17893266395862067,0.3707870920506647,0.3800192324956447,0.2368116880013234,1.0
43667.08203125,7.255744457244873,3280.37255859375,0.6989825601625699,0.5773662940079759,0.39524052458866343,0.34030932516232076,0.34230692743418967,0.3379097835564774,1.0
56086.1875,0.19660282135009766,0.2486240416765213,0.6429777878795465,0.5806072053730831,0.4085417215930062,0.3801219970578764,0.39778466056181466,0.3818846881707277,1.0
58083.2421875,0.17846928536891937,0.18367011845111847,0.6651216450856317,0.6083198155257101,0.4342635390415269,0.3729474340576596,0.39866381520520594,0.3968456088350633,1.0
58370.44921875,0.14528429508209229,0.14071615040302277,0.6607934394361257,0.6071426661023426,0.3950179666992396,0.3727889456157723,0.3998941905026709,0.391431738891223,1.0
57499.66796875,0.1604229211807251,0.13667820394039154,0.6530687879647504,0.6012801115877225,0.4184402838636371,0.36915124422747164,0.39714375971709986,0.3847503530223235,1.0
319415.15625,1.1116654872894287,19.803720474243164,0.5257739489359016,0.27907949464741105,0.1522801656200055,0.3566638821558659,0.23789673106711304,0.19187911260169876,1.0
57497.3125,0.37631726264953613,2.316415548324585,0.6385346721979454,0.6093016098070124,0.4741793027196166,0.344233020304284,0.37555934487512316,0.4034289772501687,1.0
52669.8203125,0.4085305333137512,0.9935823678970337,0.5710939348127717,0.5608075846002274,0.41513862545027047,0.3639152655867008,0.37723434441574766,0.4031391988906471,1.0
49629.61328125,1.7829029560089111,264.22021484375,0.531559032470458,0.4669502341472237,0.19437268694063542,0.3552953627552764,0.3553556660317146,0.2670662286027317,1.0
242926.203125,27.63062858581543,9504.0927734375,0.7403168031875056,0.6335493492279772,0.4321083611478572,0.27360432128987444,0.31527611146188594,0.32170554510518246,1.0
274807.5,17.47992706298828,42527.08984375,0.5521994420115958,0.3091620551632972,0.1647092248420475,0.35445127250689795,0.27390057970080717,0.2060579292251461,1.0
268708.5625,2.0274085998535156,76.89200592041016,0.549698627678577,0.3206007649940194,0.17573758349773422,0.3577022067654463,0.31801943479227585,0.2154205854535484,1.0
304193.21875,7.742430686950684,1125.16845703125,0.5485470449062684,0.3099866700197855,0.18907529689746336,0.35979925853828865,0.31463853722631957,0.22871375697736374,1.0
236556.28125,4.800159454345703,295.3401794433594,0.547768011338409,0.2949274465422532,0.17142544733453785,0.3598430756850377,0.3133269382047893,0.21735045989685187,1.0
280433.625,2.4919865131378174,84.66275024414062,0.5470370779558569,0.29871992828791644,0.1752187979325586,0.3615106783387853,0.310521056575895,0.227493748534527,1.0
287264.0,3.110431432723999,151.67129516601562,0.5479521893697923,0.3013767664118329,0.17485315392431242,0.3595214986371622,0.3087378540357235,0.22806083011995418,1.0
309675.1875,0.5159366130828857,9.993692398071289,0.5459275912316667,0.29434198777459475,0.17137568531323524,0.3493082051805396,0.24877752578418727,0.22002032125813867,1.0
311138.75,1.5710184574127197,31.044219970703125,0.5478942463490825,0.2996613613772099,0.17612396693032137,0.3590863319755608,0.3017933956489731,0.23095134742632736,1.0
356654.46875,2.460395574569702,83.39917755126953,0.5435440488067331,0.2959867933619844,0.16861333518083635,0.3543372944703951,0.3024953469148652,0.22600687019207533,1.0
393265.53125,1.1251652240753174,25.456357955932617,0.5452900365061768,0.2839978748079521,0.16685410054821495,0.35682386320576054,0.2911757949550548,0.22222817850041024,1.0
370396.28125,3.025371789932251,321.8270263671875,0.5458536944599673,0.2852173106524346,0.17508123508728582,0.35886968530146324,0.282563116764603,0.23067727014129075,1.0
321393.96875,1.1575204133987427,25.385833740234375,0.5431700431180824,0.2588983272319578,0.16351834773922685,0.35891524676845993,0.24051661516536482,0.20926634599931748,1.0
375185.6875,4.281578063964844,1277.79638671875,0.5423060570818821,0.28533987550385254,0.1828111563263195,0.3585526098416704,0.2752862160787398,0.23414359085160896,1.0
311258.21875,0.3436514437198639,1.5325504541397095,0.5470608774762653,0.30097609984658646,0.17315302470607524,0.3492853478264957,0.24993481161017364,0.22022248821484677,1.0
300963.3125,2.230445623397827,132.2739715576172,0.4766479363647564,0.2329754838399306,0.1069417170494722,0.3917851662258274,0.24928374595451622,0.16884695323931934,1.0
,1.7664391994476318,54.031341552734375,0.5113230430917954,0.38491613391150753,0.1926957638098798,0.3537716240389011,0.33463657882758846,0.22922888875918648,1.0
8751337.0,4.431511402130127,493.94403076171875,0.5090134486187565,0.43354822156159123,0.210212236253581,0.38401600340218883,0.3609810645818652,0.28975564870565623,1.0
8581877.0,1.2679656744003296,43.75617218017578,0.4723696653542717,0.40357370762260597,0.22955136591509892,0.40396665554370265,0.37048590427340794,0.30949540171163775,1.0
6660653.0,50.846622467041016,129721.3125,0.5059663002403779,0.45839327754927145,0.23297257089413215,0.4013188391147336,0.3675750579653717,0.29582733494544716,1.0
6493350.0,6.828075885772705,1039.539794921875,0.520057646077875,0.4706476184895466,0.21677971733213774,0.4065186424389819,0.37185963800360916,0.2954155843130544,1.0
6814852.0,13.585494995117188,7091.43408203125,0.5277221839889801,0.4771622706414793,0.20745184555730642,0.41068710576628886,0.3785644702105436,0.2884936480876734,1.0
7619065.0,11.458983421325684,3565.549560546875,0.5429910142833209,0.4966208530253246,0.18969911904542308,0.418208064947133,0.3920588388900809,0.28950179343420734,1.0
8519556.0,17.974260330200195,13416.373046875,0.49731758575569257,0.46335018068509687,0.19259165259112745,0.41144726589875696,0.38501014298193936,0.2773384109822114,1.0
9325624.0,6.6705732345581055,876.3787841796875,0.5071789081778596,0.47269066243257596,0.20938230537403937,0.3911681780897147,0.3680939616276595,0.2717476341642423,1.0
10130909.0,4.783812522888184,686.5099487304688,0.5526317519657674,0.5083770681600303,0.25076373549910425,0.3639617567866463,0.34500389920219576,0.27157371587662477,1.0
8735196.0,26.168258666992188,30512.41015625,0.5443985597922101,0.5091301321397217,0.2802170870790758,0.3732439707162012,0.3521653482898266,0.2801412986487174,1.0
7617945.5,2.283400058746338,86.18335723876953,0.511992153646702,0.3849672163351436,0.18728496321079433,0.3529646092247503,0.33383153004760074,0.2231350862663194,1.0
7164775.0,19.933664321899414,10252.0419921875,0.5267523453175458,0.4895725276009959,0.18660746008123053,0.41579903579473815,0.3915878786926422,0.26989896668167485,1.0
6668689.0,7.963966369628906,1363.6282958984375,0.5319108864708291,0.47950772337917497,0.16027371784623148,0.41794966302912717,0.38972468959746015,0.2793436623419568,1.0
5558322.5,47.465049743652344,83418.546875,0.5170325850581862,0.4641636803086973,0.1782101085057579,0.40823702042488186,0.3757056033809562,0.27111229001307124,1.0
5568607.5,4.660743713378906,803.15380859375,0.5216362170874195,0.43282757168857583,0.19679155633929413,0.3756815883881351,0.3512571014381518,0.2731338444526517,1.0
5800164.5,6.0872626304626465,1202.7578125,0.5279958740607256,0.42373668703320394,0.21752516942670103,0.36419148456407063,0.3414376531603731,0.27869793035871954,1.0
6556667.0,2.537641763687134,90.23876953125,0.5339619823693272,0.42407164611099163,0.19869925775620864,0.37255966697653903,0.35046832209924156,0.26173526757961313,1.0
6749779.5,2.862204074859619,202.6911163330078,0.5065975097180146,0.3976678887868459,0.1633847844090263,0.3705418647919577,0.34454954044768554,0.2346001491166835,1.0
9430081.0,77.59210205078125,181202.234375,0.4652567613660553,0.4134191698906752,0.25336796015866847,0.39211729641094595,0.37238680929352763,0.3435664587966031,1.0
20343360.0,23.12358856201172,30022.771484375,0.7876049776658661,0.7453139778833876,0.4901264081989754,0.3570026039773067,0.35180092613964387,0.40631936939375923,1.0
22511260.0,11.60124683380127,3045.47314453125,0.7475797011311717,0.7105475951089845,0.46401434848791323,0.3520697512630261,0.3515417625936395,0.37339120405575094,1.0
7697743.5,1.034056544303894,11.556269645690918,0.5141855984230348,0.38669261845938097,0.18232846332299502,0.35175002596447735,0.3336015042711596,0.2200645369553556,1.0
21444714.0,2.848376989364624,207.2980194091797,0.6459118957459534,0.6075114992372851,0.3119716212666916,0.37917364717282404,0.3706448196375669,0.2748182532380842,1.0
20983374.0,6.145719051361084,982.6371459960938,0.6219004471373404,0.5878775392889098,0.29309874630426036,0.3797731174395952,0.36861271466593143,0.30178502666943935,1.0
20879498.0,5.929970741271973,490.15032958984375,0.5979885300606476,0.5666843612481215,0.25038652932159994,0.37664561785181294,0.3646022420601707,0.2680428274013455,1.0
21206972.0,3.7195534706115723,189.6576690673828,0.5788614923153879,0.5486412700396118,0.22162097335779482,0.3735023332529872,0.36016773822836967,0.2670528408671642,1.0
21780286.0,2.7270619869232178,111.35081481933594,0.5754944365473077,0.545697297145954,0.2058775300409542,0.3719484677940134,0.3593786380995666,0.2653843465576333,1.0
22139068.0,1.9377493858337402,45.66302490234375,0.5769257477972612,0.5462452491133392,0.19796024173347987,0.37285806353822426,0.36153968611255466,0.25753231854178144,1.0
22239494.0,2.6041452884674072,168.4741668701172,0.5787504002158939,0.5474297841124527,0.19581517714239852,0.3722425089042091,0.3614083425105009,0.2615059815331144,1.0
22434544.0,2.488990068435669,111.4099349975586,0.5791511266005571,0.5487609546395945,0.20082413637852167,0.3697548625124011,0.36052941797420096,0.2645012200265044,1.0
22557834.0,1.1973992586135864,19.59292221069336,0.5792717400356968,0.5488172649115987,0.19640375218105816,0.3696605959170666,0.36094257433102506,0.26010027013217174,1.0
21816394.0,3.321768045425415,344.990234375,0.579997082722325,0.5505051648526361,0.1998039460778151,0.37019716549123155,0.36144977261985634,0.2627230750526466,1.0
8048007.0,2.5128090381622314,569.7830200195312,0.5138769095153586,0.3911412437522571,0.1830677809292915,0.35291519415254796,0.3338217180276551,0.22161213152779335,1.0
21395654.0,2.0467751026153564,83.2156982421875,0.5793468078440053,0.5499012173073673,0.19778563788865364,0.3685286518525611,0.3599589933505419,0.26160027963953536,1.0
21492474.0,2.453270196914673,185.98831176757812,0.5810384521215604,0.5510164867757851,0.19372958442619848,0.36787371911355526,0.3597812447320463,0.25765968718735593,1.0
21850254.0,1.6449095010757446,81.09860229492188,0.581818048350269,0.5515708694928886,0.19258314523711162,0.36718642220419134,0.3597748177360099,0.25604948860768256,1.0
21547784.0,1.421645998954773,32.30487060546875,0.5812303979153902,0.5502710045833453,0.19052265187708803,0.36537872540456434,0.35881611766059546,0.2574025072898194,1.0
21272232.0,1.6890989542007446,75.10103607177734,0.5823984555358283,0.5510346273758437,0.18976244627246602,0.3657344291672834,0.35920812717051553,0.25762207961591616,1.0
21399608.0,4.5682783126831055,1485.0941162109375,0.584666891979237,0.553305288310769,0.19375791509918677,0.36443883586290776,0.3581017859679411,0.26009724133645723,1.0
21459012.0,5.69749116897583,921.0120849609375,0.5833186616648056,0.5524062627011418,0.19520771641820148,0.36528220043778264,0.3596026384126219,0.25761597929052926,1.0
18891438.0,5.481298923492432,2664.318359375,0.5787165369612931,0.547218091891147,0.186263094795884,0.36509338594910373,0.35725034514806625,0.25530544672648603,1.0
18403314.0,2.4883322715759277,191.16140747070312,0.5639025846571393,0.5338955950573847,0.18745592601568578,0.3827149207989658,0.3712093283974227,0.2610742424253168,1.0
18339218.0,2.912383556365967,177.1069793701172,0.5975187019449437,0.5607283566161043,0.2248139178179046,0.34473294176115393,0.3448195834924801,0.28194481708434616,1.0
8093873.0,1.064757227897644,16.348886489868164,0.5251946250116007,0.40668237484944997,0.1838271512628738,0.35324222070186445,0.33084483642277157,0.22636911667503573,1.0
18755830.0,1.5807347297668457,60.886314392089844,0.6350176221875615,0.5856355996289562,0.21572528468773153,0.32751571789894146,0.33153135171429726,0.3072893692606834,1.0
19420002.0,4.934852600097656,1658.9088134765625,0.6520259212812951,0.5994093863532715,0.22908775733784348,0.32575220925531195,0.3293258259871993,0.30692061727216574,1.0
20399924.0,3.2774529457092285,420.9039306640625,0.6865453786567466,0.625571984783475,0.22907367390795008,0.3215634698877735,0.3274225435195825,0.3087156267184232,1.0
20318850.0,2.4724037647247314,127.47742462158203,0.696378599344397,0.6305390456319131,0.24493557937668814,0.31685733744014094,0.3346220500354146,0.3048437047475181,1.0
19812890.0,4.799270153045654,633.9140014648438,0.6861650481765059,0.6244299773130808,0.2346661683413624,0.3162212144533006,0.34109429121149926,0.30193140723882717,1.0
18129412.0,6.249631881713867,1719.52001953125,0.6802212213375916,0.6218449619722488,0.22447289761763586,0.32176874729549076,0.3498503099851316,0.3024731885423808,1.0
17515146.0,2.9820518493652344,212.50413513183594,0.6817236351596343,0.6244440300881817,0.22619550118627524,0.3254149129562446,0.354462519204198,0.30230808677897936,1.0
17178636.0,2.270005464553833,103.2340316772461,0.6934588526548425,0.6267056761500326,0.2269291500721331,0.32071079947799136,0.3507969835157925,0.30149135189068904,1.0
13679165.0,39.08483123779297,82040.515625,0.6774221649194827,0.6107770243062278,0.2448590646880578,0.32007968562709976,0.3392204218555448,0.29147528121312477,1.0
9145020.0,23.66771697998047,17038.1484375,0.5591273352220122,0.5395689181923413,0.3719221754938461,0.34181267759550515,0.35651032801230015,0.3199586415002707,1.0
8090481.0,0.7675519585609436,11.18580436706543,0.5225909429369251,0.4037494041919503,0.18452811369199076,0.3540048519188976,0.33090062798394787,0.2269990656282096,1.0
12647972.0,3.136756181716919,257.1767883300781,0.6904935798987879,0.6349430911104393,0.2685407817094479,0.32431509339625286,0.3399115330246376,0.2983083563353127,1.0
14442247.0,2.6908979415893555,141.09751892089844,0.6930081500464507,0.6324865932117115,0.28526855288301695,0.32533441436595334,0.34118235171169686,0.30765168138980076,1.0
15271946.0,1.567398190498352,32.08742904663086,0.6969783527621046,0.6300412683015721,0.28883720632480525,0.3299687347441888,0.33624934206884816,0.3074755046188701,1.0
15434724.0,4.805408954620361,1405.0245361328125,0.691132170928578,0.6254995918486559,0.27561383762671526,0.33410959144889935,0.3398879691201349,0.3074420748276958,1.0
11826180.0,44.34287643432617,102410.2734375,0.5650347621597163,0.5560644203758986,0.3732111160651667,0.36971782784902557,0.3769656896333056,0.4089001661209711,1.0
13903470.0,11.488863945007324,7162.08740234375,0.5772272913941394,0.5695705832589615,0.36731175935073146,0.36422643897463247,0.37399801034578223,0.3959612538924194,1.0
15517459.0,1.9684548377990723,123.12525177001953,0.5559017485593357,0.5533445596158084,0.39431041953143336,0.37011913153947334,0.37306172699086987,0.3958099534598518,1.0
16436424.0,3.0249905586242676,313.1008605957031,0.5529892725647446,0.5499643799392475,0.3917957424138948,0.37064911262272826,0.3736514778372377,0.3892227748170107,1.0
16039933.0,5.591314315795898,1426.0150146484375,0.5513021305455952,0.5451168666149444,0.38467615263794425,0.37062197081626497,0.37187282185884085,0.38157708217563296,1.0
15680960.0,2.272012233734131,157.8401336669922,0.5557802860350545,0.5489647539369741,0.3914037497403921,0.36910146882128914,0.370120294283238,0.39003058926986706,1.0
7925129.0,5.748537540435791,1673.349609375,0.5338641966114832,0.41255268428361186,0.1886612972997043,0.34992983002286804,0.3297724741273554,0.22656298593081045,1.0
15910075.0,2.300523042678833,145.89036560058594,0.5595019021052743,0.551254995307147,0.3893780622546155,0.36633148298128526,0.36923913088261384,0.3889988856111642,1.0
16323705.0,2.0701398849487305,140.62318420410156,0.5685309620022211,0.5537856886381635,0.3663157648865375,0.35694554992897265,0.36847443349338044,0.3802067434753047,1.0
16815304.0,1.556037187576294,50.82156753540039,0.575350528169217,0.5578044894866001,0.37027446853458207,0.3541838234378824,0.3689419019912151,0.38330052428583566,1.0
10772122.0,47.06291198730469,110394.3671875,0.5698804322129838,0.5499554981382897,0.4211867475542214,0.3293634795985992,0.34278450677235495,0.3690683411609304,1.0
4152508.0,5.929440498352051,2019.94287109375,0.5803760967532612,0.5602335583222292,0.43418167636129934,0.31666047095620153,0.3175611781095957,0.2767876056232767,1.0
9286879.0,8.680557250976562,4582.42138671875,0.5855765889671205,0.4523144296858821,0.18325006227939267,0.3276488100571317,0.3198515956525646,0.24809114835802726,1.0
10432991.0,6.217240810394287,2031.5084228515625,0.5949442928286428,0.4762414931047062,0.18930901211121265,0.3450402342695835,0.3368270566962697,0.26284472639290113,1.0
8933984.0,5.459990501403809,726.3968505859375,0.5335422665062487,0.4374879272375264,0.20692283074154483,0.3745386575314333,0.35981494447922996,0.2583429310631629,1.0
,1.5655012130737305,27.83787727355957,0.6535783188081755,0.36486214242440224,0.12238629434344951,0.3720073128744915,0.304993524176349,0.13026500554638043,1.0
5887.72705078125,0.2518521547317505,1.1798685789108276,0.6273150993758857,0.48733561767778333,0.16033392303545166,0.3922200464658786,0.3996366632044877,0.1813935638515264,1.0
4865.46826171875,0.10942208766937256,0.09258410334587097,0.626151579658904,0.4786998321874972,0.15912600262956184,0.3914698330245985,0.39831726794393474,0.18179971632902442,1.0
4848.36865234375,0.0912066400051117,0.13633306324481964,0.6260102055867095,0.478346497055335,0.1584896431371207,0.3911703928654512,0.3966086227614715,0.18009572271021718,1.0
4797.9775390625,0.10409505665302277,0.08055192977190018,0.628160131343627,0.4782773954362083,0.16058967139886082,0.3907484640074178,0.39529230538810034,0.18189651915373814,1.0
4772.25537109375,0.0520959310233593,0.023837562650442123,0.6282207538755408,0.47742839786323643,0.1598971242012287,0.3906694896964414,0.3950010683647745,0.18157051195472856,1.0
4748.86669921875,0.07714210450649261,0.03835133835673332,0.6280380011665351,0.4777639078850463,0.16021403971827142,0.39075404961135174,0.3949994691547979,0.18191034004191645,1.0
5324.41015625,0.3850453794002533,15.173547744750977,0.6274415340746801,0.48504601084435645,0.1625521777866104,0.39105748413219915,0.39821566628814964,0.18705794995327207,1.0
4803.63916015625,0.2597188353538513,6.2016191482543945,0.6265904323275256,0.48643505693333045,0.16716782566208035,0.3909612109171389,0.40175419615389313,0.20260240663660217,1.0
5128.5322265625,0.06134758144617081,0.13962377607822418,0.6265749802619383,0.4870366290475233,0.16698131302965838,0.3908797266160687,0.400088769267605,0.20129482493788511,1.0
5117.5107421875,0.06810961663722992,0.1199575811624527,0.6265624586419599,0.48587162761778496,0.16563262306956694,0.3908766003795457,0.3999816573535154,0.20007249990809467,1.0
5140728.0,0.8980273604393005,13.017632484436035,0.6532556541111805,0.3656779743811546,0.12366887594903637,0.3721435757448111,0.30507037266086273,0.13210729413237815,1.0
6130.5888671875,0.07421911507844925,0.10409814119338989,0.6263203370011222,0.48457201354369894,0.16500680894879355,0.3908595203176466,0.4002534519059255,0.19960258731460878,1.0
5064.8134765625,0.055082790553569794,0.047921162098646164,0.62552861216223,0.48088099528967887,0.1630745873403895,0.3907966836422837,0.4006352167232161,0.19685961411879996,1.0
5054.634765625,0.045470550656318665,0.025788459926843643,0.6255107976067791,0.47954891275283285,0.162368014288267,0.39080035053588613,0.3998920750444059,0.19554692121995232,1.0
5071.490234375,0.04784407839179039,0.027000635862350464,0.6255634102789152,0.47996993311546216,0.1624551294070667,0.3908116414184109,0.39983288672219364,0.19572325656423725,1.0
5097.02734375,0.10037209093570709,0.09322821348905563,0.6261967720677378,0.4823531465464437,0.16126190886469902,0.3910070355393969,0.4023065162260079,0.1964237829667698,1.0
5127.71533203125,0.07060141116380692,0.03641920164227486,0.6263412687741716,0.48288399878253474,0.16070158026872267,0.3911406403180019,0.40358396579473166,0.19646915966763676,1.0
5121.07568359375,0.06542810797691345,0.02733762562274933,0.626346467821538,0.482938280481275,0.1608260731131529,0.39114037293548054,0.4036012387028747,0.1967761532391171,1.0
5103.611328125,0.07143313437700272,0.039331842213869095,0.6269157127857916,0.48329421113824206,0.16076535241805523,0.39109136759912,0.40340224115054046,0.19724526984385538,1.0
5088.17919921875,0.0830945149064064,0.059245817363262177,0.6274706832385473,0.4834531220382081,0.16082370690757675,0.3910532955390464,0.40343681633831696,0.19829766883783817,1.0
5064.1201171875,0.0621902197599411,0.023873277008533478,0.6273981200324916,0.4821986088422112,0.16028987033235254,0.3910645035567207,0.4035056319462361,0.19780991529489167,1.0
5157414.5,0.6209726333618164,2.8495278358459473,0.6532505719646999,0.36583420792927823,0.12448640928737989,0.37220324218865763,0.3051375636816351,0.13317423608084716,1.0
6082.76953125,0.05674855411052704,0.018845388665795326,0.6273867450460084,0.48203064517032734,0.16026287432386474,0.3910659100816136,0.40352853058991095,0.1977867913140449,1.0
5068.52978515625,0.05758323520421982,0.01893019676208496,0.6273857120874665,0.48202781599521477,0.16023855658760913,0.391066662806251,0.40360793039584414,0.19784302899418837,1.0
4999.43408203125,0.05220673605799675,0.01577005535364151,0.6273604635472354,0.48099146828229605,0.16157117179284508,0.3910250577236093,0.4027714020293309,0.20090009420783667,1.0
4983.32470703125,0.05442356690764427,0.017300669103860855,0.6264980586201275,0.480158177286551,0.15887957164590397,0.39116480870885856,0.40242804692625844,0.19312575344466443,1.0
5003.17333984375,0.06275264173746109,0.02453862875699997,0.6265132176700775,0.4811612394073332,0.1595831004365485,0.391120625899717,0.4023132480552539,0.19298774800647475,1.0
5173096.0,0.9411684274673462,12.423490524291992,0.6516086313848457,0.36524338696710973,0.12455782687412231,0.372718522338475,0.3050096009639952,0.13224090851215528,1.0
5138983.0,0.8936551809310913,14.310123443603516,0.6518003449271541,0.36441100361769435,0.12275159907710344,0.37283219348064767,0.30465535021418855,0.13061906913534857,1.0
5144982.0,0.701095700263977,4.892000198364258,0.6520339251587485,0.3638861520565075,0.12188708154603439,0.3726464804848852,0.3044635131226446,0.1300303916536972,1.0
5151259.5,0.778900146484375,7.043210029602051,0.6523812110348782,0.3641260391998646,0.12228076745085191,0.3726463930819259,0.30436873602001513,0.13048070729713973,1.0
4124786.25,45.60193634033203,59853.671875,0.6522322167103779,0.3809650574610294,0.1197075212031471,0.37349396537534946,0.2966029113200148,0.12303502213472496,1.0
308154.90625,52.312931060791016,91460.328125,0.6462817903161091,0.5319430879805371,0.1758919164225539,0.38246971624506754,0.37916993412917616,0.1688203411067307,1.0
11129.94921875,1.752052903175354,416.82757568359375,0.6340142219483648,0.5326904278655362,0.15045674030344056,0.39062442159445465,0.3988899455322149,0.18522236498485295,1.0
,5.930486679077148,5544.34375,0.5325593215220424,0.48776671651101733,0.2964130511731817,0.3499572845778154,0.34981408594656277,0.30061193227271804,1.0
4276847.0,1.6847712993621826,168.36459350585938,0.5178057884681146,0.48090459084091514,0.28013746149857643,0.34228102902921076,0.3406687728170349,0.2817217900249451,1.0
4172766.0,1.6959141492843628,169.60414123535156,0.5089976186135143,0.46870904234470895,0.2695390084311573,0.3400115184784618,0.3387879509579789,0.2849258935669971,1.0
4164688.75,1.3660006523132324,91.86456298828125,0.504691421602774,0.4643114298245205,0.26738013047799686,0.3410062130282235,0.3405060719959189,0.2862032065665986,1.0
4085804.75,2.6485989093780518,456.5628662109375,0.4955111926389045,0.45184920050364435,0.26464726085471746,0.3427309502347996,0.34405558737928366,0.2878794549064254,1.0
3927137.75,1.9149442911148071,314.9598388671875,0.49235243435197706,0.44261427646203,0.26163881548768236,0.34838341004012524,0.3505062016974457,0.2879105529467523,1.0
3951616.0,1.8984662294387817,198.3099822998047,0.493325001722786,0.4428740658674342,0.2608354464714722,0.34918439688425723,0.3490262049347213,0.2860080534093424,1.0
4004830.25,3.450176477432251,409.43621826171875,0.4980758627911408,0.44730975232516523,0.25454379864865734,0.35395051745712786,0.3473696924200697,0.2881087975825074,1.0
3942208.25,4.400079727172852,961.8353881835938,0.495226456560456,0.4359749164463712,0.25079186658025665,0.3556811874430752,0.34681884840724864,0.28405980160671623,1.0
3888593.75,3.588701009750366,518.7219848632812,0.4938911158939786,0.4306368605073898,0.24894510649577314,0.35405500361788866,0.3417551614995725,0.28308886882628514,1.0
3929785.25,3.4447946548461914,499.69610595703125,0.507371263553779,0.43842619805550037,0.249156836162203,0.34896879035977896,0.3302775933061899,0.28174066619827387,1.0
4401525.5,0.15727901458740234,0.7370268702507019,0.5306550335935868,0.49700904113536654,0.3018846126610392,0.3494821852386232,0.3486315123323149,0.2971477456474836,1.0
3925853.75,3.6139070987701416,528.540771484375,0.4994565750121135,0.431987085643515,0.24747004973132944,0.3417477408628134,0.32594895224642123,0.28374785426840515,1.0
3827043.5,8.99718952178955,2126.744140625,0.49481832681071203,0.4172328650120639,0.2541882299458336,0.3507313211847521,0.326150050433898,0.31756718583683147,1.0
3817739.5,6.074378967285156,931.7431640625,0.49745262768533394,0.4179988472367775,0.22970246803353725,0.389477151035054,0.34618757079998624,0.32759347929489796,1.0
3773646.0,6.868814945220947,1618.2271728515625,0.5066157858132875,0.4279730134881212,0.24690690469611873,0.3903597792812171,0.3500478489106998,0.32728459984849967,1.0
3863206.75,4.540199279785156,834.2020874023438,0.48342916454864127,0.4240608305710147,0.27805979084944543,0.36374883993731716,0.34552190478584144,0.3406962518448364,1.0
3975846.75,3.260207176208496,426.5034484863281,0.4654540201705424,0.41591962777050306,0.2751626682159731,0.36745275336908656,0.35421317552160453,0.3478107379122714,1.0
4195970.5,5.152733325958252,1500.989501953125,0.46630509692143063,0.4251171788770158,0.27673025413586366,0.36558437644744146,0.3536783920814311,0.35208919674248496,1.0
4282478.5,4.990506649017334,613.4288330078125,0.5162723184930187,0.47917406356505504,0.274073070264982,0.35898618350268013,0.3519622111687479,0.3562946990376641,1.0
4260914.5,2.310570240020752,211.84458923339844,0.5488566543049612,0.5123990532290394,0.26216230577139105,0.3758032035257589,0.3716130018990572,0.32372072916822114,1.0
4406310.0,1.8052717447280884,213.64219665527344,0.5402453930978622,0.5053548399848045,0.2662974955747094,0.3725996501184095,0.3675042086757505,0.2966250031951172,1.0
4396211.0,0.8609517812728882,253.4590606689453,0.5310084953986173,0.4972131037250288,0.30245971055933496,0.3494175881289895,0.3484470075003768,0.2968353984415873,1.0
4460386.0,1.8305085897445679,165.72683715820312,0.44967503197738046,0.4156307634294515,0.16281443971718235,0.3706660288495708,0.35628271917072724,0.16073689042999553,1.0
4547126.5,1.032694697380066,27.580371856689453,0.5066305774310704,0.4727674154873326,0.19704898923607042,0.3385228109697732,0.3308017991134876,0.19652618226205548,1.0
4604351.0,1.001311182975769,38.906349182128906,0.5634800214265272,0.5279464862680683,0.2381134111344924,0.34400154204768363,0.3494611789659164,0.2770445126818511,1.0
4585989.5,0.42582783102989197,10.504331588745117,0.5577464556060732,0.5235637572483368,0.30968259065031684,0.3497629526398538,0.3522801506766105,0.2840637451682115,1.0
4565497.5,0.3786221742630005,21.7712459564209,0.5300604732547685,0.4975208053839365,0.3122353186415462,0.3523519475101252,0.3498225125750386,0.30787781580088897,1.0
4555345.5,0.10510944575071335,0.11799700558185577,0.529697052527702,0.49713393016420104,0.3132181925628762,0.35189228575332165,0.34974841846241017,0.3086952243061067,1.0
4474213.0,1.1556439399719238,59.32833480834961,0.5293397173106186,0.4954950863992561,0.30272722072964564,0.3513489368359699,0.34874411255259813,0.30510605247972444,1.0
4402494.0,0.17896924912929535,0.48436659574508667,0.5289796281554396,0.49374492447072416,0.2918184626212463,0.35085869360973787,0.3477643676879786,0.30151927855669064,1.0
4411418.5,0.14446747303009033,0.36662930250167847,0.5289958309930259,0.49387270152795637,0.29187869514398324,0.3508639665641074,0.3477962630699394,0.30151234867999505,1.0
4422999.0,0.17617788910865784,0.4682896137237549,0.529039307925775,0.4940300585242828,0.2919586500281495,0.3508746625152634,0.34777630787000413,0.3014928709544596,1.0
4380147.0,0.6710082292556763,57.11121368408203,0.5316732094045267,0.4968632302604674,0.3019259540281545,0.3493451299947027,0.3471476914849495,0.2950797746606987,1.0
4422983.5,0.15381556749343872,0.38866686820983887,0.529061596805967,0.49406036032795814,0.29202406479864196,0.35085278524765623,0.3477447315362531,0.3014134276461684,1.0
4409040.0,0.25902894139289856,0.9302937388420105,0.529127829219237,0.4940599127634509,0.29217281044034904,0.3508750950136545,0.34772908296660343,0.30123793247110586,1.0
4418378.0,0.22027356922626495,0.8860898613929749,0.5290777635080924,0.4942774423178613,0.2925637559637998,0.3509799559217346,0.3477548099708545,0.3011358865815858,1.0
4422633.0,0.15431109070777893,0.2601444125175476,0.5290413065214872,0.49442482722328707,0.29261611479682825,0.35103849503864254,0.347759043248885,0.30117084047663084,1.0
4414377.5,0.24030821025371552,1.0917917490005493,0.5290869432618851,0.494374271273661,0.29257429921295885,0.35088504847948254,0.3478942100714237,0.30123856021672374,1.0
4409803.0,0.1676998883485794,0.5084877014160156,0.5291209005958932,0.4942302865378433,0.29268602910944824,0.35085197891584124,0.3480053091341637,0.30136737225564997,1.0
4397736.0,0.38499385118484497,2.5394599437713623,0.529047934570168,0.49410918335781245,0.2930542295174587,0.3508303467049909,0.34809868337143024,0.3011376549606282,1.0
4379582.5,0.1480056196451187,0.34689682722091675,0.5289929567872518,0.49389966199495045,0.29334137756693707,0.35085275844913477,0.3480289595684574,0.3012119488876339,1.0
4370946.0,0.14760930836200714,0.2973126173019409,0.5291030959351479,0.4940565241862829,0.2953626196014293,0.3507835510588171,0.34799792619949266,0.30208499459351434,1.0
4357672.5,0.09398754686117172,0.15145203471183777,0.529117690378278,0.4939682784951429,0.2950268515675137,0.350800727530059,0.3480120542544236,0.3019635906283225,1.0
4396070.5,0.1813182681798935,0.665326714515686,0.5307040115426301,0.4970374706588504,0.30244121185447437,0.34939204744597857,0.3485927143624459,0.29703499782773446,1.0
4355755.0,0.08934894949197769,0.16438855230808258,0.5291419506928868,0.4939740419070704,0.2951012022021522,0.3507929023638679,0.3480075507066719,0.30202997833474304,1.0
4356067.5,0.14159686863422394,0.45835527777671814,0.5291221727423392,0.49405005424533804,0.29466177295221496,0.350740457932705,0.3480668209951426,0.3014607123474367,1.0
4346227.5,0.12848296761512756,0.2723875045776367,0.5290976931192033,0.49408537727488183,0.29516463877294496,0.35060254350941483,0.3480679254732489,0.30121105764547723,1.0
4342855.0,0.09839875996112823,0.13580743968486786,0.5290130332796235,0.49405455332568887,0.29507041007507856,0.3505745487915982,0.34820745022927857,0.301255924925503,1.0
4339336.5,0.10645291954278946,0.17796766757965088,0.5290255613729528,0.49406243353791585,0.2949958717175103,0.3505399191948296,0.34820054775504755,0.30111678385389024,1.0
4339970.0,0.08125436305999756,0.08330659568309784,0.5290173425163484,0.49404877875289654,0.2948412545406216,0.3505864325191971,0.3482039305969317,0.3009900884619163,1.0
4421880.5,0.7481831312179565,42.916812896728516,0.5286693284818719,0.4942538041774879,0.2882487268934673,0.35030271512687844,0.3481647856489813,0.29536148349480007,1.0
4507325.0,0.1254003494977951,0.2207847684621811,0.5284400927520798,0.49441802219781084,0.2812426657700023,0.34998955951036476,0.34809690884649996,0.2892220262938756,1.0
4507437.0,0.11897370219230652,0.206997349858284,0.5284381903352501,0.4944169877690924,0.2812586611882191,0.3499939549429847,0.3481001475744704,0.289257895668687,1.0
4507240.5,0.14503104984760284,0.2868013381958008,0.5284268186093044,0.4944066833860053,0.28126115608033453,0.35000800339122845,0.3481115078112704,0.2892755518595154,1.0
4376594.5,0.15211036801338196,0.3078942596912384,0.5307114809642667,0.496921398786582,0.30264143137488675,0.34936635796807375,0.3485619121781294,0.29736733871066773,1.0
4507705.0,0.17250163853168488,0.7066884636878967,0.5284153858982108,0.49440001582954707,0.2812761815757033,0.35002034273860033,0.34811627007150026,0.289268918981038,1.0
4360489.5,2.219832181930542,634.9171142578125,0.5284070803864294,0.4946172664001941,0.27947735042209637,0.35000478294426257,0.3482811969023566,0.28859629613422166,1.0
1738922.125,42.73733139038086,127112.3984375,0.5220241096653436,0.48770076750949365,0.227893117970086,0.3769391805828484,0.3712121216251654,0.2539766325429858,1.0
33984.48828125,12.243599891662598,10286.625,0.6591785004929637,0.46534474917044394,0.24400088085657234,0.27342774719547197,0.30454222811124865,0.2840015449674099,1.0
9203.583984375,9.188237190246582,2001.4482421875,0.7555656636115198,0.5096423889528645,0.13079113695743988,0.2951208735808951,0.3824034971260842,0.19972009497801674,1.0
51941.9453125,4.152529239654541,265.7215881347656,0.7752000031828006,0.6301604792473573,0.21019010865356422,0.26104906121029287,0.3486696125921443,0.21322829098737064,1.0
71498.4921875,4.123809814453125,535.8837890625,0.7749712381079151,0.6173688123181077,0.2110364524538906,0.2647056851650087,0.3552658668063084,0.21232509063778163,1.0
67458.6640625,5.784978866577148,1111.6092529296875,0.7808679930287948,0.587642685384919,0.20026153893483037,0.250010459828307,0.3557937103135622,0.21873017792896995,1.0
12373.2666015625,6.650211334228516,515.8935546875,0.6318419636108353,0.5852040789847304,0.1910552056071454,0.3457762067371519,0.33372448062939153,0.171390436457883,1.0
198378.3125,8.072680473327637,3167.145751953125,0.5917346801504401,0.5058495623487185,0.17732017186615023,0.36640464709435006,0.37125218936083976,0.25581367022025375,1.0
4367814.5,0.19909752905368805,0.6485065817832947,0.5305679279921851,0.4967181753689265,0.30282803271963277,0.3494049114070267,0.3485909098168731,0.2973136493695694,1.0
63730.71484375,13.076034545898438,4841.123046875,0.5401255942319654,0.4769792253776236,0.2610413716823766,0.3305090918592848,0.34010641648301027,0.3446605460818375,1.0
74375.3515625,4.802859783172607,2901.7978515625,0.6523274813884037,0.5878403340787354,0.33454003527895804,0.34070389914493643,0.3301522147727208,0.3603706251738045,1.0
147935.75,2.8051254749298096,986.4906005859375,0.6833336187821025,0.6255339807810185,0.3649661863482554,0.3424344055383458,0.3356587062267006,0.3473105707496768,1.0
369382.34375,0.7752232551574707,30.94434928894043,0.6872371761441158,0.6423249117935249,0.4398479325748608,0.3388749963519642,0.33052765645960996,0.35727297600250685,1.0
383985.90625,0.7511764168739319,26.195850372314453,0.6840467350495164,0.6404639823167957,0.44288934454473183,0.33932122655810826,0.33040343986982,0.36335902868684206,1.0
352113.6875,1.0958317518234253,66.68124389648438,0.6825668446477859,0.636272889623792,0.4368578915967214,0.3388976534767794,0.3252114142554699,0.35998444307508193,1.0
354246.8125,1.7492554187774658,220.04605102539062,0.6792121321509157,0.6253719768471567,0.4215797174518519,0.33867152949236284,0.32419883034321034,0.3591451193327115,1.0
421050.8125,1.0753369331359863,52.03883743286133,0.6788840554731947,0.6038284316741576,0.41074009322146254,0.33849837588656384,0.3436339149956266,0.360328897424383,1.0
409084.59375,1.0388107299804688,47.66640090942383,0.6820482714106352,0.6064407347578521,0.3864015862929973,0.3379265409553518,0.34144150927491695,0.348605259973566,1.0
408910.34375,0.8328443765640259,32.888153076171875,0.6807287180887184,0.6084062859190594,0.39259312647852046,0.3378258567659038,0.34353858496407746,0.34984982632042344,1.0
4376694.5,0.17975734174251556,0.499435693025589,0.5304306886585087,0.4965943529357805,0.30239784494437927,0.349439981515652,0.34864542331481796,0.2970341387680636,1.0
362644.4375,0.589465320110321,16.41497230529785,0.6852924494281596,0.6152945984029329,0.38112915483536475,0.3373323242278633,0.33088165090843685,0.3377600040086227,1.0
362338.28125,0.9055982232093811,40.016483306884766,0.6848745035323226,0.6151256738928433,0.3770911775605517,0.3370785635575303,0.33368704645136166,0.33242648196808733,1.0
361102.78125,0.6348324418067932,27.781448364257812,0.6859601971164496,0.6118645746081715,0.38485119038220506,0.335391749691928,0.33909960751092555,0.3364733212113672,1.0
352102.65625,0.7007054090499878,26.309064865112305,0.6857663684537538,0.6107378708705127,0.3853204791048474,0.33586396958148146,0.33882778147929127,0.3354989826984366,1.0
343112.1875,1.1008538007736206,72.60274505615234,0.6861274223937143,0.6132357472795111,0.37124544576057644,0.3355370786985774,0.33635870810034757,0.3214225600218257,1.0
325562.71875,0.6113244295120239,21.522188186645508,0.6861744591099184,0.6159659212540081,0.3700716322704639,0.33564901947474585,0.33154582813548195,0.3184550856851164,1.0
347265.34375,1.3746168613433838,92.50144958496094,0.6873165681597627,0.6058064867809954,0.39864968680613566,0.33550297313534616,0.3458145045414138,0.34749572038646187,1.0
430899.0,0.8670027852058411,18.51561737060547,0.6860104210360876,0.6048762787392349,0.39189581082325,0.33782993902325936,0.3522659429246445,0.3535642419678228,1.0
503203.875,1.6419470310211182,51.13446044921875,0.6856872625628032,0.6014447047912189,0.3316711702925404,0.34258029031693427,0.3592222431822525,0.3507131735597456,1.0
523777.90625,0.5334112048149109,16.229665756225586,0.6868349007488663,0.6021280223415973,0.224379982655458,0.34526303298504285,0.3597822720633247,0.26675713521552274,1.0
4357410.0,0.7845423817634583,35.391361236572266,0.5295125364178466,0.4953565814128837,0.3013850927384784,0.34921856995983486,0.3483383514476228,0.29512800274929873,1.0
552282.5,0.7816657423973083,50.386871337890625,0.6873002059633931,0.6025094568252646,0.22624831020868166,0.3453843741894897,0.35958647420094136,0.26712235646320787,1.0
578039.875,0.7499686479568481,27.5537109375,0.6876414173440075,0.6049463819053084,0.22242387233756686,0.3455031382993731,0.3623498069432325,0.26020948660406507,1.0
547335.1875,1.5164587497711182,224.73777770996094,0.6884198865659605,0.6054425231182258,0.22938146263377987,0.34528683828462203,0.3623391537336351,0.2584832159969419,1.0
339507.25,1.3111680746078491,89.86270904541016,0.6892445741329153,0.6069934958551119,0.23644011164293555,0.34538529080814157,0.3627398178846369,0.2585163575575965,1.0
288448.5,0.5289278030395508,11.914397239685059,0.688578056696538,0.6011590390973678,0.23637029220571742,0.34436337960827385,0.36070051905704514,0.25821825744442556,1.0
287451.6875,2.5016188621520996,725.1326293945312,0.6888715620719872,0.5978072160961108,0.2402385912858895,0.343925496446421,0.3561913401652844,0.2576398977092191,1.0
340829.5,0.7800478935241699,37.75532150268555,0.6883937929863565,0.5611611648071491,0.24604269197249312,0.3438022310640694,0.3693862982516595,0.2673752453157833,1.0
352012.96875,0.5124441981315613,12.54864501953125,0.6885825170383233,0.5608830380378118,0.24342560611490693,0.3430611991689303,0.368610321457168,0.26715313779241634,1.0
331101.15625,0.7545325756072998,30.62668800354004,0.6886879564348738,0.5620927071442864,0.24462091856264798,0.3428203143055179,0.36381558320580853,0.2662066343001455,1.0
330220.375,0.45874589681625366,10.8325834274292,0.6893774901462577,0.5605026935450299,0.2639307749333783,0.3418824319336061,0.3623566190599598,0.28423870686324954,1.0
4325671.0,0.9011861681938171,77.5736083984375,0.5239381565851561,0.48842404567433284,0.288372210164374,0.3449187506468534,0.3428583783458473,0.28414324681028197,1.0
,1.586611270904541,90.5730209350586,0.6058989469902845,0.4379248541349393,0.26449692930521124,0.3255596792091687,0.3753008307375549,0.3420967375452423,1.0
168777.34375,1.4492756128311157,59.609920501708984,0.5668884059621928,0.3947725803485874,0.24376769320261954,0.36502459141351506,0.39843647824487344,0.3403667672827203,1.0
178057.59375,1.0259076356887817,26.130733489990234,0.5894723270542345,0.42041556783926987,0.2716955019503516,0.3481281830656569,0.4000243765135532,0.3529152144740545,1.0
178344.390625,0.6158038973808289,17.919769287109375,0.5878777614289344,0.418197701674503,0.2744975650659887,0.3467365319566,0.4021170091892112,0.3564711757701651,1.0
178044.609375,1.0216180086135864,35.196529388427734,0.5851219616674931,0.41969076230333285,0.26917437887016127,0.35151193012030907,0.40465198697112686,0.3547229910369278,1.0
169113.296875,1.3455023765563965,56.763370513916016,0.5725027839628645,0.4022629572565023,0.25367826188324094,0.3612385857197943,0.40087022200277705,0.3411301263792132,1.0
172349.8125,1.568239688873291,76.6619873046875,0.568246173937126,0.40136782181764935,0.24996802052330058,0.3671925158199476,0.4020742109011273,0.34448603262311606,1.0
177372.265625,1.806355357170105,84.0489501953125,0.5745730121513317,0.40951698239386014,0.24460324131692263,0.3611384569742815,0.4028025887735899,0.36192641450193064,1.0
176007.34375,1.314113974571228,42.09597396850586,0.600056476314013,0.43200633460943283,0.26308287965004706,0.3286845776960875,0.37968775401120336,0.3539836468829812,1.0
178046.375,0.6249961256980896,5.49395751953125,0.61367073867811,0.4356963305467267,0.2820487544360652,0.31435317010069536,0.3668957154485226,0.3448656597810577,1.0
175477.640625,1.145561695098877,66.33699035644531,0.5985222117799666,0.4211971425425378,0.27850104474836174,0.3221209180918202,0.370541734867662,0.3443037447120509,1.0
184325.3125,1.638488531112671,62.37424850463867,0.5908040357473079,0.41947631785418715,0.25730921146713703,0.34622878606794744,0.39299262092179466,0.3506957068670338,1.0
178654.0,1.6599376201629639,134.8130340576172,0.5906905197968462,0.4209517233902562,0.27815800154635884,0.33318860480407336,0.37671788087965535,0.3442488261049312,1.0
180128.3125,1.6434694528579712,111.5326156616211,0.5889154994953302,0.42331129281358554,0.2819104535437235,0.3391052516752696,0.38522020744315666,0.34120938189622524,1.0
180283.5625,1.7505967617034912,119.00958251953125,0.5958739002926846,0.427685851463142,0.2803210495734559,0.33921984535566124,0.3946883229053633,0.3471017001876389,1.0
181877.921875,1.6816571950912476,104.28914642333984,0.5937604833995481,0.4256460924213882,0.27416135988812523,0.3446006083186608,0.3953877052939652,0.34822155336594096,1.0
174465.671875,2.3517935276031494,130.0396270751953,0.5758589521165383,0.40818991933955073,0.2579149289335999,0.3643241730033058,0.40865331988822656,0.36094528895175776,1.0
159387.3125,2.1626718044281006,229.33799743652344,0.5737024559036996,0.39478596791410336,0.24551297962107047,0.3722730926511717,0.4101022817021205,0.35488991915896445,1.0
147737.625,1.4144973754882812,46.495765686035156,0.5937232023309031,0.38029359465220425,0.23295524611845753,0.3578141959803466,0.40189978869639065,0.33848918599410605,1.0
149178.40625,0.7842481136322021,31.201824188232422,0.5887244884803363,0.38212405738644484,0.23319097999363697,0.36059097938018897,0.40411762145893165,0.346370153887079,1.0
145002.109375,0.5061639547348022,5.285770416259766,0.5826043710697811,0.37523583308459085,0.22469445263707502,0.3651794127730595,0.3977511198332167,0.33639478540384826,1.0
144179.5,1.1048438549041748,30.815202713012695,0.5911573158640818,0.37390304624223636,0.22233929113677608,0.36094811031923996,0.39469106293230216,0.3314234772704086,1.0
179183.46875,1.7741572856903076,84.40841674804688,0.5698769538817141,0.39947359214606354,0.25047442698199135,0.3696393892600112,0.4077792650030074,0.3558710555304386,1.0
147871.25,1.3948103189468384,48.942108154296875,0.5859304021685924,0.38126054222979183,0.22805717704015688,0.3633170346902959,0.39591984544272235,0.3344072014722176,1.0
160046.0625,3.5821192264556885,506.93365478515625,0.5639917416321857,0.39615964178419616,0.24259654873143138,0.3760043488380069,0.41042277975794444,0.35826054378450056,1.0
182013.59375,1.8974186182022095,183.87367248535156,0.5811996878000829,0.42322558027784213,0.25720598513387144,0.34783575080006596,0.39416161482352846,0.3570660084441365,1.0
195337.34375,0.7927801609039307,15.08720874786377,0.6084846215972189,0.45434752829169195,0.2734081824196306,0.31976701734161633,0.3709147749124083,0.34974001804115706,1.0
197522.15625,0.8135250210762024,25.676143646240234,0.622761856504393,0.46183714828260314,0.28311872704952756,0.30691365115399966,0.3622401491501648,0.3492688549469024,1.0
191251.859375,1.1194876432418823,25.66971778869629,0.630597560572974,0.46391149373451857,0.2887930527140499,0.3014029905348482,0.35790213104392177,0.3477575584460217,1.0
192177.734375,1.123815894126892,29.172330856323242,0.6280718481007703,0.45892152658835744,0.29103898708216447,0.30044265299927153,0.3633408743800161,0.35110279875596545,1.0
194379.125,0.914599597454071,23.508541107177734,0.6283572866312926,0.4608935694801757,0.296657900843467,0.3006221868128499,0.36238539569458544,0.3524236392958317,1.0
188567.859375,0.7834728360176086,17.535795211791992,0.6143381038710453,0.44119326899079453,0.2949737370386531,0.3004061706898153,0.3618224941033243,0.35039954844250554,1.0
192996.5625,0.9785507321357727,33.6409912109375,0.6185811513570122,0.4485450370968506,0.29074925567926235,0.2994052824512684,0.3622987700513609,0.35305257778672383,1.0
181515.609375,0.8049234747886658,20.054479598999023,0.5619780399509369,0.3835404895524184,0.24105754958203568,0.37373322386720337,0.40373599725382836,0.34343644046850064,1.0
191652.53125,0.6019979119300842,10.667203903198242,0.6103348878238058,0.4356562182160237,0.2917054131671482,0.2997429547277121,0.36141931044824843,0.3501468437762019,1.0
192069.6875,0.7643572092056274,18.303178787231445,0.6098356309785042,0.43328548892425234,0.28899891189635574,0.3017377215947963,0.3625172613135023,0.35007620435322906,1.0
189685.859375,1.1514140367507935,77.19091796875,0.6082493220549653,0.4274894186633292,0.28677041203502524,0.30276891452791077,0.3638679426914778,0.35000069335359374,1.0
192240.03125,1.239600658416748,110.93450927734375,0.6103092867987004,0.43280282538563136,0.2872838830823754,0.30489746088995134,0.3613067289478189,0.34931508180415655,1.0
196747.5625,1.1348437070846558,43.33063888549805,0.612889854946365,0.4466956371239548,0.2787957084106471,0.31404132600786844,0.36593626174084987,0.3500684054656843,1.0
203649.546875,1.6432247161865234,76.0600814819336,0.60286586379068,0.4423851414414697,0.28069211128515736,0.3284242444541638,0.3810957575140384,0.34760386405363786,1.0
183471.9375,2.203498601913452,119.90901184082031,0.5942127969154762,0.4166044511184688,0.2850896320473415,0.3524965970374312,0.4008249732735922,0.35584507425566086,1.0
176990.046875,1.3657913208007812,26.523723602294922,0.5962109196499236,0.4110822211060919,0.31013883744453424,0.36705536907268493,0.41168603905749473,0.35879650124565243,1.0
176831.125,1.7409439086914062,113.94876861572266,0.5864940689858625,0.40309462476095775,0.30720356968924073,0.37585951304171594,0.4173004228376324,0.3723186273767296,1.0
183069.40625,0.9722259640693665,18.8536376953125,0.5912221365656996,0.40916600932197966,0.2823112261975885,0.3735983439746423,0.4102158528272725,0.3592682522445499,1.0
173899.859375,2.304485559463501,113.40895080566406,0.5539118722912157,0.37304890267001334,0.2464520077096902,0.3535950015663066,0.3834139998668084,0.3262024266001143,1.0
179542.296875,0.9163312911987305,17.767230987548828,0.5971456188743047,0.40771205377500347,0.2586245508394463,0.36810856822708254,0.40148098360807105,0.35827577304901853,1.0
181836.046875,3.1504733562469482,269.8167419433594,0.5954145412741289,0.41200030153721445,0.274411151272281,0.3625616573011757,0.4066884926827223,0.3501080440769598,1.0
169569.46875,1.7641582489013672,128.59414672851562,0.6092277044837202,0.4130164882514077,0.26708805068695674,0.3527905146720722,0.40500699233266585,0.34490172882169734,1.0
169817.28125,2.8518307209014893,490.4300231933594,0.60871754828466,0.4061385335982708,0.2791810748807002,0.33975493355453623,0.40071605667745747,0.35051994640244744,1.0
177038.828125,1.5200587511062622,167.2799072265625,0.595673169492102,0.39681114214020585,0.27632440950745296,0.34380814607754423,0.39951186228482,0.35942699683607465,1.0
165488.21875,1.1185530424118042,68.9249496459961,0.57684472970016,0.3781417048060241,0.27823990434646717,0.3555454378166966,0.4054605030460972,0.37770683090334983,1.0
163222.1875,2.7999267578125,672.8955078125,0.5752705168354558,0.37279102408449794,0.27127271467012615,0.36022383352848947,0.4109485546610748,0.3716188885690878,1.0
157375.015625,3.1209938526153564,716.033203125,0.5854461780868925,0.3780081762117124,0.2692766989220318,0.3568781346960297,0.41150427566318726,0.3613917526917245,1.0
126433.4921875,18.709243774414062,9005.462890625,0.4703561617351869,0.2755875533576493,0.16742928590426567,0.3610939094905997,0.38329225801848144,0.32029293132111347,1.0
131612.140625,13.242609977722168,3415.128662109375,0.7011354452873793,0.40265838078235217,0.21243768967741086,0.33588106363544173,0.36805453183721837,0.30455774610075104,1.0
175090.453125,1.2003625631332397,25.771923065185547,0.554117001031726,0.37673199698469795,0.2503958379079025,0.3546467850514566,0.3844396459785872,0.3298188157616883,1.0
154567.9375,14.235569953918457,2664.288330078125,0.6187452782205776,0.3908548523019099,0.3006615696277222,0.3563284932247217,0.3912814178415405,0.3716447143030049,1.0
111304.546875,6.177241325378418,447.2398986816406,0.6258912150701718,0.3538372876575572,0.16193101188929182,0.3638355324231313,0.35533821846202146,0.2192316998914416,1.0
87752.0625,21.20523452758789,9598.939453125,0.6526408736601369,0.34062267696646686,0.12822241839362772,0.3141646347020449,0.36046787419782295,0.22049049684822458,1.0
106008.75,8.996758460998535,2915.737060546875,0.5631684230039226,0.35721631205244514,0.22217608542089473,0.31513810086294086,0.35262938715740927,0.30053905015661764,1.0
110157.015625,14.966029167175293,4026.461669921875,0.6515009962803768,0.4002725189102474,0.22817408040416895,0.3099260820035468,0.3459879550931511,0.30021124171378855,1.0
186416.5625,5.276329517364502,413.8427429199219,0.6288075549202592,0.3615219898461848,0.15773968631468552,0.35351389086277146,0.33673260574305713,0.23633306364166543,1.0
154495.75,6.872524261474609,1183.1953125,0.6194022144299292,0.4437541781296178,0.24179079901034586,0.33330081899496994,0.3843424286887245,0.357969713416404,1.0
126580.2890625,5.44317102432251,1082.411376953125,0.5431685169652349,0.3060682197909235,0.24131151963681652,0.3485941763722391,0.36428255674702154,0.36672857786148355,1.0
123590.3515625,2.104623794555664,63.82781982421875,0.5662668104879153,0.2959835537193389,0.2466669158651687,0.3452340373544276,0.36527952323817525,0.357806463442144,1.0
131566.390625,0.7935462594032288,10.86660099029541,0.556070303246843,0.2986443602998662,0.25147209520111874,0.3541830134964469,0.36937413885914,0.3651657838625601,1.0
177261.03125,0.9737104177474976,21.952056884765625,0.5563143414100308,0.3823735628657009,0.24285532056411116,0.3725021443494126,0.4045165879443519,0.3450390468108098,1.0
140602.171875,3.250666618347168,801.1049194335938,0.5675496943330951,0.30782433019455485,0.24428336956751603,0.3492027061822892,0.36778586221342147,0.3482230200628672,1.0
144158.46875,3.8472299575805664,1213.72119140625,0.6030453555405422,0.33597048406092206,0.23141445077713074,0.33202994083489207,0.3662914205342244,0.3315929127857183,1.0
146555.53125,1.3276121616363525,217.02340698242188,0.6061443116209593,0.33588457884736306,0.22850425319325857,0.33703755977544697,0.3673520823398503,0.32825871082202035,1.0
148752.78125,1.1892476081848145,79.88692474365234,0.6084734443392306,0.3404564564460617,0.23181837519895565,0.3365773863479182,0.36521344948352935,0.3267364995362926,1.0
154821.3125,0.5390874743461609,5.893215179443359,0.6097878947117531,0.34611880990533367,0.2379489337905819,0.3363202762680217,0.3622930583528064,0.32569434051608764,1.0
151917.28125,0.6066484451293945,15.933488845825195,0.6125878003969194,0.34526767391372937,0.23522926212702114,0.3329416571795646,0.36224537191782447,0.3265149917882853,1.0
115144.0234375,20.893638610839844,11104.6181640625,0.6718845317403626,0.4226532847121678,0.2817657989308949,0.2835912480503286,0.2993791791201933,0.3103920534667837,1.0
109239.40625,1.8635703325271606,58.3062744140625,0.4325599846833394,0.3093658475446464,0.15448091103016637,0.3875168495342261,0.2793328853246056,0.23915847865243883,1.0
98685.953125,0.8676114678382874,5.445950508117676,0.39234017898048257,0.33353258871670055,0.14704302779647435,0.33814775853660545,0.2989115818012737,0.27284221041327994,1.0
100019.953125,0.4488806128501892,2.270259380340576,0.35048843637385685,0.3460923975734453,0.25221778789562466,0.3506699096862817,0.3544480146663508,0.31439541685718647,1.0
170192.328125,1.392573595046997,108.1845703125,0.5608282276708652,0.3854817366617845,0.24132313260030844,0.37319099054761823,0.40439549674564046,0.342426662924117,1.0
17669.341796875,1.6514531373977661,1105.0364990234375,0.5337481415163465,0.48496189737967493,0.28040276022655525,0.37063225023992735,0.35090248189064144,0.2824280189695162,1.0
13662.736328125,0.08617211878299713,0.04660438001155853,0.5329913193806066,0.5319382118036502,0.25382299129123964,0.35897273861585877,0.3591033118191318,0.2776675536592366,1.0
13136.3564453125,0.19799524545669556,0.4738292694091797,0.5092417734556952,0.5078970023103585,0.20730276895184005,0.3553975112294473,0.35533967308720826,0.2374170539539173,1.0
155154.90625,1.3111234903335571,66.80948638916016,0.5665579285807163,0.37242254608639563,0.22896888494126932,0.36394658878460634,0.397282720741663,0.3265495839029884,1.0
152606.953125,1.8901633024215698,257.5826721191406,0.5637763614296382,0.3648129223047343,0.219217051116549,0.36243891411342855,0.3905507479229698,0.31641642050808916,1.0
,4.514554500579834,255.56863403320312,0.5402935866762163,0.38121819913417065,0.14976275712084075,0.368027627906976,0.37078107940639937,0.2591011073905633,1.0
742.4322509765625,0.0020365554373711348,2.6251456802128814e-05,0.8544111737200154,0.7758654980275543,0.7295109077238577,0.30557785823982214,0.31058006565676305,0.32459544757613124,1.0
0.06631860882043839,0.0020518077071756124,2.4886545361368917e-05,0.8433396882965137,0.7631044135111007,0.7123909325121385,0.3072897286626557,0.3031537406564019,0.31607463524589546,1.0
0.08384150266647339,0.004590294323861599,0.0003104492207057774,0.8639563940592273,0.7396027018233987,0.6883928091281573,0.28282290034295016,0.3300426093716441,0.33052248383693916,1.0
0.09205833822488785,0.003807887900620699,0.0002600314619485289,0.8209483293342182,0.7058772902537446,0.641636921643645,0.3182662185577334,0.33255218606315123,0.3485874405279194,1.0
0.083995521068573,0.0036464810837060213,0.00017343414947390556,0.7648749959388573,0.6741631859567045,0.6381054369830887,0.38249551747804694,0.38763049508759745,0.3894665236838729,1.0
0.08466418832540512,0.0031753957737237215,0.00010241725976811722,0.7783950924014801,0.654414417270408,0.6171562025805901,0.35399516299842165,0.3825209180726282,0.39832099939739923,1.0
0.0928877517580986,0.004505310673266649,0.00026181197608821094,0.7529485755324727,0.6301006967292743,0.5800414930057121,0.36317231189180793,0.394895312772387,0.40828236575532956,1.0
0.10823650658130646,0.0031876200810074806,0.00010045673843706027,0.7362190494366706,0.6275753936617933,0.5777233480795777,0.40696254025196543,0.3976204912498766,0.41106072634097424,1.0
0.09457261860370636,0.006130228750407696,0.00038592214696109295,0.7707700403880998,0.6123534036904813,0.5552738952497216,0.33280720594317104,0.3941323510548192,0.41378315554052447,1.0
0.08048637956380844,0.0031135408207774162,9.678729111328721e-05,0.7727648812940509,0.588121420048233,0.5320477622931254,0.3425280133836638,0.4040683087706964,0.418490723739234,1.0
2048748.5,8.946496963500977,1678.171142578125,0.5221507667648059,0.3059876101633932,0.1347425878230886,0.3606540525326159,0.29203270763043304,0.24102714500117906,1.0
807.2560424804688,0.004582412075251341,0.00015365130093414336,0.7179557005685406,0.5494436523773698,0.4956751719014552,0.37391313389009806,0.4081481611724189,0.4223088610806223,1.0
0.08615821599960327,0.002836882369592786,6.0257789300521836e-05,0.7261894632379944,0.5380067727037163,0.49431443157667226,0.38340919774416393,0.41782619562257284,0.4304899000263014,1.0
0.18796584010124207,0.004699413198977709,0.00042790130828507245,0.76300746053801,0.5637080989036232,0.5256446022982197,0.31766148258659205,0.44721161917701796,0.4814389458130069,1.0
0.18119114637374878,0.002320837462320924,0.00013560170191340148,0.7795230707733718,0.5752695316141163,0.5270373022921522,0.30344847621486876,0.438446782834001,0.4810911630991819,1.0
0.17108428478240967,0.0020922112744301558,5.638081711367704e-05,0.7984681125757961,0.5679086754860435,0.5246815320744269,0.28684997070481294,0.4435368733588,0.48215735150416067,1.0
0.17155328392982483,0.0016043024370446801,3.756405567401089e-05,0.8103316534712153,0.5631220665548459,0.5260199994902607,0.2765227954775239,0.4495681549174699,0.4821650851470078,1.0
0.15037629008293152,0.0018713597673922777,5.567374682868831e-05,0.7768701512251972,0.5688570859675686,0.5222385275740123,0.31597474939129844,0.4394142425458108,0.4811779081352768,1.0
0.14924278855323792,0.0049489764496684074,0.0005388845456764102,0.7364173976937767,0.5253900432355142,0.5115335837132836,0.33665629735696656,0.4779866387232375,0.49010899881742354,1.0
109223.5859375,46.50920867919922,103204.75,0.66926518351367,0.48144668895075765,0.2932469460590579,0.35113853833106995,0.3801195406532364,0.31312598937680663,1.0
1331348.125,15.634142875671387,3198.180908203125,0.4663160402026613,0.34228043272259917,0.23226761792067532,0.334240267381935,0.32147899151755055,0.23769726950469686,1.0
1847472.375,14.494552612304688,4734.05224609375,0.5380787321120833,0.2812593476326034,0.13844491699623176,0.3467319800139714,0.28965487272471935,0.24187265699032576,1.0
1174690.125,14.40043830871582,2887.859619140625,0.573335036046301,0.330220046020846,0.14713012252246646,0.34691453520894755,0.3132238965405768,0.25599305846880527,1.0
1054767.75,7.2672505378723145,734.5443115234375,0.6015695001593336,0.32842037326010287,0.13781072776936626,0.3339812715322535,0.33356964563670705,0.24919300587726192,1.0
1232448.25,13.219064712524414,2109.914794921875,0.6405689554677892,0.4111262602742432,0.1552639876457878,0.30464814704788357,0.34842370789934435,0.2537850184892195,1.0
1511144.375,8.180596351623535,1336.4368896484375,0.6744495604703387,0.45204700337169046,0.231657033454165,0.31460860026615717,0.36784122106237416,0.3215003261913288,1.0
1585249.125,15.434069633483887,7498.57421875,0.6861918749389784,0.4510790476799492,0.22993094600039893,0.3081317148248389,0.3579143191597236,0.3320385401052161,1.0
1759637.25,13.544562339782715,3897.429931640625,0.6861955894953208,0.44724301389604326,0.2160343825555368,0.30757888590352633,0.3692771508898289,0.32418087224323644,1.0
2037270.25,4.9850640296936035,658.7594604492188,0.671868524337765,0.43018893374529726,0.21677149386345185,0.3062556718221297,0.3714116381746003,0.31901282157325267,1.0
2014295.375,4.850019931793213,621.2620239257812,0.6609266491275932,0.4161240553281397,0.20519157642058403,0.30935743431519547,0.37358146596906155,0.3120990279596149,1.0
2158385.25,5.121000289916992,588.7420043945312,0.6535341443787172,0.41700757960096696,0.20365992002404423,0.31340430418539156,0.3583532868383268,0.29755546067024574,1.0
2115143.25,3.3474204540252686,222.52330017089844,0.6502646550686908,0.42424508093565233,0.19805185803333197,0.31323772366517294,0.3663064071553317,0.2958478240865053,1.0
2078763.625,11.933621406555176,2709.4453125,0.5769134469944437,0.3016741806576606,0.17704676811206374,0.3909767280723535,0.33245885348976373,0.30917054690992035,1.0
2120909.75,2.8224916458129883,188.1499786376953,0.6486230106081704,0.4276748613215631,0.20144331394623471,0.3097853804805049,0.36446239234852423,0.29894391247673663,1.0
2123011.0,6.9009575843811035,1257.541748046875,0.6479013163722063,0.4167849063788443,0.20090166080139688,0.31028147100747955,0.35961199724633036,0.2973698232298157,1.0
2099682.75,8.356022834777832,1591.9837646484375,0.6519764179497273,0.43142849301259734,0.20167109887334297,0.32456956789080915,0.37337271736422073,0.2905641366746001,1.0
2200953.25,8.447930335998535,1677.1085205078125,0.6293079287589599,0.46715777236199657,0.2096828448043559,0.3394627040793626,0.36469649799946485,0.29788860645985393,1.0
2115896.5,10.044143676757812,2845.916015625,0.5739204501472822,0.43970508423167864,0.20415573012681837,0.3367215789536762,0.36447585392636794,0.31664466978191397,1.0
2123342.25,17.591548919677734,6399.35693359375,0.5536866399398278,0.3825983185736623,0.23729463837748271,0.3584324368627368,0.33967394467577655,0.31550191891018353,1.0
1985069.875,16.279008865356445,4067.43212890625,0.5912176359601817,0.4261574032054344,0.2588127967521597,0.3317872072392272,0.34500005078772605,0.29338381550350956,1.0
1847039.75,13.886468887329102,3628.604248046875,0.6090426593407038,0.4121798810085333,0.17833812369253496,0.30908754724713183,0.32972591154431313,0.21883439266781685,1.0
1852909.5,12.451501846313477,3709.181640625,0.5960739953568628,0.3965120688078718,0.16611375071948764,0.2935230350835712,0.3117064195384767,0.22362273266480556,1.0
1378745.125,16.835716247558594,7672.134765625,0.5483656459320695,0.39100116506933474,0.1483423138015331,0.34622441368399814,0.36793375999149935,0.2239572372638296,1.0
2123195.5,16.606103897094727,7420.708984375,0.7470724369724625,0.40643293947985804,0.24813063256003431,0.28035304055686,0.3285597374466387,0.3133464837928377,1.0
799485.25,39.652191162109375,54223.2890625,0.4937798149064533,0.29148983033948817,0.14264297393807618,0.3882481733968708,0.3342047310060339,0.29123192309727014,1.0
563043.3125,32.63793182373047,30017.513671875,0.5057759358046547,0.25504253367590507,0.15585411678047545,0.3267492022249769,0.2759231398013,0.26183534010011167,1.0
568447.3125,12.273467063903809,3881.86962890625,0.47403826976594066,0.2361569152238042,0.08838577717296406,0.3300829060075452,0.23330114379269115,0.10899966839417413,1.0
638241.5625,14.195907592773438,4053.164306640625,0.5310126535912826,0.38660632312342774,0.17448423277915234,0.36206342054554413,0.35809352531718625,0.24324963265264252,1.0
1045542.6875,13.466410636901855,3283.351806640625,0.467046190979554,0.2975999339408603,0.16010094327632063,0.3810121813053313,0.3066922469143774,0.27564071787195465,1.0
1212508.375,9.992911338806152,2188.90185546875,0.4863240380491231,0.3155498207660311,0.14590011749687248,0.36815901859695727,0.3052263467488087,0.2612085135657085,1.0
1294690.5,6.115663528442383,841.9003295898438,0.5820978711135222,0.45388045145560235,0.17641927675647334,0.37013805122775306,0.3868883861901662,0.31437703395010114,1.0
1057113.5,12.517837524414062,5124.02880859375,0.5804713475940781,0.38044054578144987,0.18414469350910917,0.3542590757404773,0.37204952391676216,0.3195319139550627,1.0
1034594.4375,8.39028263092041,1659.9609375,0.5324774680915276,0.3798615545428688,0.1724829671315125,0.33482201709694254,0.35678619460565725,0.3036571624771932,1.0
1067039.5,7.007070541381836,826.9412231445312,0.5393661857670015,0.3774555754716487,0.17699960667702025,0.3358525250758267,0.3494263905679527,0.3098557683578918,1.0
2669274.75,25.47029685974121,17569.216796875,0.6340085351093067,0.4648672001360423,0.22090435928776092,0.3000826820073003,0.3170047009720193,0.24333716074201214,1.0
1151876.25,6.8619704246521,1095.0592041015625,0.5788617313129111,0.418119221131656,0.16187125620330275,0.35156502366187586,0.36866132566393583,0.27833069815656974,1.0
1099523.0,6.588184833526611,543.8037109375,0.5861501433199153,0.4148468462317003,0.1454181535162684,0.36333930596531727,0.36476392243094596,0.27512318964106447,1.0
1105281.375,5.085836410522461,457.44580078125,0.5789189123915851,0.41925267983958736,0.14134051922045354,0.36688772314743456,0.37500870528246555,0.2660262168382366,1.0
1042898.5625,6.022239685058594,561.5112915039062,0.5559213360997353,0.40496897080584865,0.1480121555067298,0.3688285430840577,0.3792198477026678,0.25861051596840545,1.0
965378.125,3.8535430431365967,210.3236846923828,0.5359318240899853,0.3776860737959809,0.15608287857631348,0.36738983392183844,0.36535109152258755,0.2646988274242941,1.0
1236618.5,15.781393051147461,8174.1025390625,0.6947873401558712,0.4404910772864975,0.23672769706690558,0.3524034330029796,0.3535798348893082,0.30177255110886814,1.0
1501205.75,6.445505142211914,784.4649047851562,0.657843828349953,0.4335533564901423,0.23218923273648406,0.339700394010926,0.33815383305195923,0.2974469198148914,1.0
1832307.25,5.475115776062012,1322.2247314453125,0.6755244467765773,0.4147225725131711,0.19376696310514363,0.34134129774682287,0.3243437684558147,0.26511651523342644,1.0
2125570.75,15.092044830322266,6996.79248046875,0.6736787011060311,0.41503892281508764,0.18953391933980987,0.3464869451600193,0.31837307765866313,0.25442948751548466,1.0
2021549.5,11.181950569152832,3102.591552734375,0.6939121471349383,0.4309707504273145,0.21418701129752835,0.350764726513545,0.33050171835429437,0.27648767692677056,1.0
686848.125,60.87373733520508,88106.1640625,0.5904844941145536,0.45691504715607445,0.34872507375025497,0.345936773948539,0.38166400988393406,0.3657884108268199,1.0
1859783.625,9.535719871520996,5107.75146484375,0.6918839022757782,0.4976636300021431,0.2639231940729007,0.3514211416572688,0.36380660177520296,0.3213741656141077,1.0
1887852.5,12.163440704345703,5409.4189453125,0.6721656328886857,0.43530806544007655,0.22714434702199748,0.3280791095305719,0.34748554654173425,0.2839334675657619,1.0
2040770.25,10.36244010925293,1928.5462646484375,0.6801179481916657,0.4288185674417019,0.20886778980606333,0.2873859452816747,0.309078308558893,0.26639058840682733,1.0
2189173.5,13.836021423339844,3516.053955078125,0.6096104354795447,0.3941278482322152,0.19911951664940858,0.35876110901422,0.3326340271158788,0.28615610047255563,1.0
2045432.25,10.011999130249023,2569.982177734375,0.5259059082578246,0.2930102661787016,0.13420747003123634,0.35057374648009393,0.2872785913351344,0.2387340240346332,1.0
1909670.875,9.822052955627441,2695.41064453125,0.5321692113428422,0.2809012288451762,0.13186590563745063,0.3474262723466633,0.30074046273126986,0.24343999124367477,1.0
2055840.125,12.831940650939941,2316.352294921875,0.6229104283163975,0.323979181986232,0.2091028187627415,0.35692522307299923,0.32737346020732305,0.32280480376845117,1.0
2241925.5,22.91057014465332,17512.181640625,0.7675351302248626,0.48574918840668,0.1742999485467277,0.25754821959648416,0.3271258366761543,0.2449402021027374,1.0
2401972.25,33.30964660644531,29655.376953125,0.45221827712197277,0.3332258683331437,0.1788346715360713,0.3338212853101419,0.290442380700062,0.23077069844116593,1.0
394080.78125,29.93429183959961,35535.3359375,0.736921457829631,0.6487863951951376,0.5400694465429536,0.331298114480196,0.4056852624931576,0.4313648403936965,1.0
536.8838500976562,0.6710582971572876,4.664207935333252,0.9532350990865001,0.7320183220234565,0.5904468675926536,0.15855893186639158,0.328782496419523,0.3526304524327906,1.0
305.5901184082031,0.6249234676361084,6.108242034912109,0.9658423570704194,0.773882045068275,0.6805615235378898,0.09890535225799403,0.3305972343039247,0.3788376945322483,1.0
3.9035353660583496,0.1417989581823349,0.35504788160324097,0.810509917343881,0.579176567278024,0.48842650844629815,0.31022606399419445,0.3871647528519599,0.3357769428738772,1.0
0.3539356589317322,0.017124367877840996,0.006060072686523199,0.7139989251325748,0.3233428761521249,0.20862630423357836,0.26543287851192665,0.28843963257907634,0.23022640631842364,1.0
0.3551921248435974,0.01961192488670349,0.009367760270833969,0.8255108153473661,0.4355103604442438,0.33118552866466344,0.20144082158569632,0.36036350129219813,0.32942096949015703,1.0
1.339005708694458,0.012467462569475174,0.0022478753235191107,0.9019098956024026,0.5908278925444392,0.5161054901935239,0.2176676550970216,0.3389510169921251,0.3246646331167003,1.0
1.0704138278961182,0.008357618935406208,0.0004396582371555269,0.8993749723586151,0.5884010432018235,0.4977316945986197,0.17815092465534213,0.32611339565793507,0.31825939127602415,1.0
2.389826774597168,0.2789616286754608,0.4155611991882324,0.5117613163655289,0.3588315287651386,0.28491155326757267,0.39392971758060974,0.4049577901414687,0.3914449344154411,1.0
1.232203483581543,0.005619441624730825,0.00031803123420104384,0.8431212246073696,0.5902332655005215,0.4162585710445598,0.18942081505141004,0.34927417598010635,0.3441596709385572,1.0
1.2058873176574707,0.18325531482696533,0.36277660727500916,0.5392263315863768,0.3649770795823311,0.3110673202344227,0.39207939453726326,0.36295208932034273,0.35958835941342465,1.0
0.9670702219009399,0.1160939633846283,0.20237231254577637,0.700143230688165,0.5028741258381193,0.42682644822531146,0.27991828449401324,0.3580144923732649,0.37911361864667237,1.0
45.234561920166016,0.3942596912384033,2.2939209938049316,0.9476837735900349,0.804044034183339,0.5285444767805272,0.09725038075250722,0.31295604658921705,0.36798763988193284,1.0
1.8029711246490479,0.15511976182460785,0.18023617565631866,0.5494257331399638,0.3844305040725205,0.33898583250207714,0.3617297912793183,0.4104554108489476,0.41888020181385127,1.0
1.069248914718628,0.1314803957939148,0.3220846951007843,0.5978978845748579,0.3994970261388135,0.3022263400391213,0.3592571160532965,0.38633553722957253,0.370363262716872,1.0
0.5297229290008545,0.012813486158847809,0.0026948987506330013,0.5512158660106138,0.37247697348566233,0.27993729387363764,0.3813837491437533,0.4015151057056423,0.3741471266061716,1.0
1484743.25,16.298431396484375,8558.0078125,0.6906741446813589,0.44142318298786326,0.21433219929788802,0.3515088580191944,0.36468282194641943,0.2913089509768377,1.0
792.35302734375,0.3377738893032074,0.7525883913040161,0.5072857636500967,0.3658122270820964,0.2628774729011182,0.3939888866278867,0.40168434761430744,0.39005834298663505,1.0
1.8643298149108887,0.009765868075191975,0.0007772932876832783,0.8871861621689934,0.6103127019733483,0.4425656695909926,0.18094043025893547,0.3151987729514131,0.36852897773457216,1.0
2.2912604808807373,0.2497652918100357,0.34405574202537537,0.5105577883594946,0.3582338565376757,0.2641230023345583,0.385535600696742,0.39133883969331135,0.3654145507844344,1.0
1.2739791870117188,0.008511209860444069,0.00039181552710942924,0.8702063034675179,0.5623454243817539,0.4089384992153127,0.1685943429134493,0.36078913898532144,0.3813014003955966,1.0
0.6540991067886353,0.007295768707990646,0.0005256098229438066,0.8370111085550227,0.5006659114063633,0.3732030015624497,0.17789700188313856,0.37636073177152785,0.385868835882901,1.0
0.38762879371643066,0.0037958205211907625,0.00012835997040383518,0.7647124503195443,0.4202711994698,0.3381063121547731,0.24677235404783188,0.40217091835357377,0.3948622723085226,1.0
0.31265702843666077,0.0028625139966607094,9.63147685979493e-05,0.7274457230817813,0.4012698260339645,0.32326808348968417,0.2815968185016485,0.4007313160941773,0.39021825423100276,1.0
0.3261930048465729,0.0028535700403153896,9.944503108272329e-05,0.6894954945048478,0.39891318974440804,0.3197471843138274,0.30936221549346166,0.40183762249244814,0.38750677057614324,1.0
0.309396892786026,0.004071258008480072,0.00022187267313711345,0.6842943923652904,0.3984863092938874,0.3184953292329046,0.31048994510384853,0.3986067557679884,0.38440354704663093,1.0
0.2752213478088379,0.003300860058516264,0.00014379268395714462,0.7004340684781606,0.40103196482905706,0.305391605482258,0.30298345436630386,0.3973210461291727,0.37670191445695456,1.0
1646995.375,6.944928169250488,911.0602416992188,0.6518728020449984,0.42971921927756973,0.2388712758957587,0.3406951566760711,0.335919665763316,0.2991556524691535,1.0
814.53173828125,0.0025638239458203316,5.84141344006639e-05,0.6907630899211913,0.399169930303718,0.3040897321082372,0.30936397786043074,0.3978406298295625,0.37587123347748685,1.0
0.21825824677944183,0.002785302000120282,8.82045496837236e-05,0.6388132436677199,0.38856840565143963,0.2839989597827815,0.33881856677790356,0.39041562422661746,0.36735889442832365,1.0
0.313931405544281,0.0027296803891658783,8.775844617048278e-05,0.6654577119839579,0.4058397689609373,0.3349990706273783,0.34444677859395856,0.4130132859999501,0.41600318027328537,1.0
0.21295934915542603,0.0017838544445112348,6.106674845796078e-05,0.6548124576329253,0.4297734018895391,0.34227824807651885,0.3487440362283953,0.4037770850387084,0.4125078928260381,1.0
0.18205322325229645,0.004385885316878557,0.0002975789539050311,0.6188886158021664,0.3919720556055352,0.30548480427420116,0.35748160550041697,0.4045721928107592,0.3887450725529306,1.0
0.20945829153060913,0.035893432796001434,0.01805787906050682,0.7050862728519173,0.41556980245241054,0.3355323072511425,0.3144169259873617,0.39554341422067196,0.39813850825352826,1.0
0.2934228181838989,0.002331637078896165,3.9178623410407454e-05,0.9965575786209308,0.9009634932191755,0.8599807821330104,0.004568959072284279,0.11673071468692464,0.16294946425940823,1.0
0.1443266123533249,0.00291602429933846,0.00010864160140044987,0.9955376070416483,0.9053721509869067,0.8581631946483999,0.005921380786462916,0.1115968813576145,0.16522720624178402,1.0
0.12209179252386093,0.0025346330367028713,4.9756403313949704e-05,0.9936603385294192,0.8916538007483967,0.8411990606775359,0.008409021888933076,0.12743074534824922,0.18440284347677183,1.0
0.11506614834070206,0.002246791496872902,3.005478356499225e-05,0.9917064319244756,0.8943945468091429,0.8395363550254318,0.010996187220677365,0.12423792782179092,0.18653156060773668,1.0
1948158.5,7.28411865234375,1005.4474487304688,0.6727976323966552,0.41676840189491166,0.20754996921285343,0.33990112456296695,0.33014623045511443,0.2802191743298112,1.0
805.7999267578125,0.0028894764836877584,0.00011243831977481022,0.9853589050216228,0.8438052422917226,0.7847596693475114,0.019385774894837227,0.1819366265645061,0.24704541485617434,1.0
0.06251131743192673,0.00190756528172642,2.0661607777583413e-05,0.9825027454608427,0.7892168851247392,0.7379144858347364,0.02315315496318393,0.24260168577623092,0.29685672287403786,1.0
0.06037139147520065,0.00190756528172642,2.0661607777583413e-05,0.9825027454608427,0.7892168851247392,0.7379144858347364,0.02315315496318393,0.24260168577623092,0.29685672287403786,1.0
0.049344271421432495,0.0023157019168138504,3.3357453503413126e-05,0.9705082586214311,0.7346577517362874,0.6907936778722091,0.03892220147568806,0.30110117454313773,0.34539030667478643,1.0
0.042693424969911575,0.001979891210794449,2.139407479262445e-05,0.9641576471832657,0.6986808030760003,0.6615324420413943,0.047236508040727786,0.33823250429479634,0.3741904029320909,1.0
0.03388313576579094,0.0019347002962604165,2.141581535397563e-05,0.9388646259047215,0.6775357921633418,0.6378520589640221,0.08010184382002256,0.3594848214841938,0.39695336116650987,1.0
0.03297504782676697,0.002735475078225136,7.12230903445743e-05,0.9411591381204949,0.7052525126593743,0.6601153729829883,0.0810625457957772,0.33758698866301634,0.3790318474828534,1.0
0.030884776264429092,0.0017041777027770877,1.5105842976481654e-05,0.9299290735555271,0.6963325953009848,0.6468356553220834,0.09232821236529462,0.34157136020431633,0.38792691129740714,1.0
24015.96875,21.198484420776367,50180.98046875,0.7692798855308003,0.666006650483777,0.4850987135713782,0.3419073625772434,0.4185784634738356,0.4425715352175057,1.0
2100732.75,28.331134796142578,13443.640625,0.5388607969927395,0.3940695303763607,0.1936482889470168,0.3731618975844519,0.3889367905145776,0.2802469639125316,1.0
2129486.25,5.0220770835876465,473.22900390625,0.6752032242637972,0.4112396676747984,0.19258526394951456,0.34516808466758736,0.3185074474772838,0.259503970569571,1.0
1157513.25,14.157590866088867,2438.296630859375,0.5209351737836339,0.2593998486955991,0.1887237740943977,0.37738336310502346,0.2642755867023987,0.23016015336357484,1.0
1111470.375,7.423814296722412,1039.109375,0.5705292109987673,0.266737527040175,0.12227661806377113,0.387409181731728,0.2716333487253413,0.1952914558911715,1.0
1263516.0,7.9545488357543945,810.9298095703125,0.6579561015288882,0.3836239215082072,0.15378543733263988,0.37824592419769454,0.3591671637121205,0.23998614021278888,1.0
1322418.375,5.605254173278809,857.7945556640625,0.6960984893350263,0.41195035560623283,0.20372643027984236,0.35548797889771844,0.3633687057432562,0.33321889746676464,1.0
1552307.375,8.104233741760254,1510.3421630859375,0.6988608810715554,0.4231379820281638,0.19169637656159322,0.3558411328464098,0.34020912571891937,0.31464709515648653,1.0
1653237.375,5.942812442779541,881.7540283203125,0.6511981388822702,0.40765409355849164,0.16777151601416995,0.37370089525271755,0.3370886392276163,0.24969327952510903,1.0
1763463.125,7.530895233154297,813.6862182617188,0.6157657747172441,0.38581635683968774,0.15134236894463576,0.39008430895390295,0.34851091682260327,0.2357682652249041,1.0
1812666.25,6.049145698547363,443.4154052734375,0.5961026896918108,0.3391429516226665,0.1510884187067995,0.3829725057943534,0.3215814816688566,0.23433482483450138,1.0
1823030.375,4.957867622375488,645.9733276367188,0.6056953556393541,0.3543068185362834,0.17654965451612092,0.38289703374815126,0.32686499353888593,0.25535209757719896,1.0
1856735.875,7.1501312255859375,1284.7623291015625,0.6138432103836572,0.3618780003840313,0.1788825710530652,0.38411336380050454,0.3307168567481057,0.2473787442984906,1.0
1880107.375,7.953352451324463,2284.87451171875,0.6873460348522581,0.4148544694685835,0.19386414975089955,0.3500929385546978,0.31132616848808814,0.2640410051374934,1.0
1836728.75,4.038145065307617,315.281982421875,0.6242009152016351,0.3708583663883176,0.17665269010326162,0.3800257628309992,0.33235531820786735,0.2459567003262466,1.0
1880375.0,4.25817346572876,253.15045166015625,0.6281159164978671,0.3717558896992773,0.1783727543513237,0.37862957899478245,0.3342128431502337,0.2512212225772885,1.0
1942960.0,4.325681209564209,340.6750183105469,0.6282988958701528,0.37549716828688395,0.18014058530181526,0.3771059897138668,0.33804200691154845,0.2519914200507813,1.0
2012115.125,3.967555046081543,298.7728271484375,0.6266118188109356,0.37845619611710507,0.1751497171276353,0.3755869143786595,0.3411072307974717,0.25165887208675414,1.0
1956552.5,3.8913888931274414,235.0267333984375,0.6246668014367518,0.3685087650736532,0.17063173347775942,0.37451512707622464,0.3331229343250289,0.24759995000589438,1.0
1992973.5,5.192163944244385,611.544189453125,0.6218155340883823,0.3654459327615265,0.1731025112811969,0.37196740054342403,0.338005425457784,0.25292756453075393,1.0
1988201.375,3.894087076187134,398.8847961425781,0.6223663672991744,0.35936622436379706,0.16517927654494133,0.37260726700994695,0.33655654118549116,0.2426319206342726,1.0
1929822.25,3.488938331604004,182.29791259765625,0.6183344055022513,0.368370191104032,0.16657992456715118,0.37359737128979964,0.3383139260746759,0.24018603838810473,1.0
1914451.625,4.769715309143066,406.9254455566406,0.6149251287282086,0.3669179588511528,0.17565220819902239,0.37498002265723324,0.33676569742577056,0.2362922612481285,1.0
2026839.0,4.466980457305908,287.05743408203125,0.6150358383310384,0.3692274539416685,0.17716778335014383,0.3780165719677836,0.3416213199852064,0.23466456854992518,1.0
1777894.125,6.299401760101318,843.2406005859375,0.6683546883245899,0.47924174424327726,0.2574472346101163,0.33923015923321886,0.3484963474979934,0.33224599489717077,1.0
2061193.5,3.844280958175659,255.9991912841797,0.6077822106876342,0.36445339799021165,0.1813284134697717,0.37736806270307344,0.33896512739674917,0.23466085053974153,1.0
2144308.0,4.498457908630371,490.0638427734375,0.5965511873039773,0.35533004648413113,0.16887319707597884,0.3761979035479212,0.33167024684617735,0.22867297649763663,1.0
2195422.25,4.178061485290527,608.4077758789062,0.5945269098524462,0.34882262980771933,0.15811299701189035,0.37587709454295265,0.3321781267513227,0.22820406766313525,1.0
2197920.25,8.623217582702637,1540.5367431640625,0.6003714766267428,0.34532636007141015,0.1654878866498046,0.37238537702986063,0.3275447175979938,0.2302689459050398,1.0
2183227.25,5.451767444610596,735.728271484375,0.6073015553233735,0.37140852226856347,0.1659459131137182,0.3697089989236497,0.34228775387477905,0.24671955801998086,1.0
2152094.25,8.495015144348145,1088.5294189453125,0.6154559867324216,0.40017071249680464,0.18609009586512232,0.3528853510737831,0.34759429900474953,0.24805026577167757,1.0
2358939.5,8.90673828125,1629.888671875,0.6461704514562089,0.4055706036776297,0.2163846461984798,0.34093678458635657,0.3425812063406011,0.2798902389567062,1.0
2498479.25,6.514158248901367,913.9651489257812,0.6523567333707239,0.39174308695449006,0.2226132154514372,0.3472328095416948,0.3357425460262765,0.2988333464087329,1.0
2363112.0,5.5887017250061035,1088.6646728515625,0.6281129122473177,0.3742089029033656,0.19622247490306038,0.3702153775905975,0.34722514280555333,0.27597228371692517,1.0
2177604.25,7.831836700439453,1116.607421875,0.6037163206096509,0.3572635495179572,0.17570569705478103,0.39452446294300414,0.35311167382062625,0.26252093787098496,1.0
1642077.0,10.991463661193848,3932.7607421875,0.6772972201677067,0.4551098493303965,0.2396622364518293,0.3365879215607716,0.35103524656071017,0.2978537682987799,1.0
1937830.375,9.843520164489746,1021.3512573242188,0.6291302539681606,0.37415490035089033,0.19741729669553054,0.3568812686442556,0.3223073981242267,0.22400333335580758,1.0
1883570.5,16.191659927368164,7275.07861328125,0.6553205617271017,0.3674084011993056,0.23759320867451328,0.35535081291286075,0.31507481927649555,0.28049576600710946,1.0
2914248.5,64.38239288330078,93506.53125,0.7626505982961919,0.5557503043300713,0.28136261937500373,0.2543751373898313,0.28812145246227117,0.30520986374811254,1.0
2434593.75,39.27475357055664,69414.671875,0.6554008442273994,0.4643500046483162,0.31498189458694237,0.33978788716031016,0.35369507079917495,0.3682909856788907,1.0
1537.9210205078125,1.729283332824707,403.7706604003906,0.9592239095136659,0.9383537761713617,0.833822220477859,0.14678400141464537,0.22574220843309725,0.3139151039698647,1.0
2.9918909072875977,0.02960968017578125,0.005593972280621529,0.6394659725330524,0.3331318006335786,0.2396535656325569,0.31408960676574843,0.28882950540639685,0.25565983494340366,1.0
1.0469412803649902,0.17984847724437714,0.26123347878456116,0.5423855364766261,0.34613032962212464,0.2846294562710526,0.34676336709803945,0.40807292373944665,0.38368215887841184,1.0
0.37252846360206604,0.09650439023971558,0.15967118740081787,0.48448625725718936,0.11370096310320674,0.039177264453272395,0.3427394216279609,0.13730179388512936,0.05845359314225848,1.0
0.8895925879478455,0.15894152224063873,0.16503699123859406,0.5991720465244658,0.33787905721395306,0.24657490773516463,0.33790702477500384,0.36233379323422255,0.34532727582993594,1.0
0.41607439517974854,0.09897349774837494,0.16467028856277466,0.5854020581464876,0.24130086733563372,0.1108803537996697,0.3469878365749107,0.25526651002046435,0.22577382422538733,1.0
1802336.0,7.467185974121094,915.6165161132812,0.6813159619548743,0.44495902840621776,0.20144225228342963,0.28651677514689516,0.3083015946999276,0.2622573178870084,1.0
818.41162109375,0.12427587807178497,0.2581782639026642,0.646411411105187,0.26820051795912925,0.10717059222562343,0.3206369593505059,0.2767478488031681,0.22906273119658227,1.0
0.4311053156852722,0.006629318930208683,0.0003092419938184321,0.4875756268609872,0.33274353316318167,0.17868543434737158,0.35338694263072723,0.3236874700008636,0.28594823125094343,1.0
0.10759159922599792,0.004639474209398031,0.00022940486087463796,0.4921092086944322,0.33198647788901686,0.18519940283004346,0.35352252477978324,0.3262379534128992,0.28490385764760656,1.0
0.09551163017749786,0.005524532403796911,0.0002214096166426316,0.5037899007611176,0.32362718225531206,0.1830538833876588,0.34328239498380325,0.31401020358747334,0.2756039270825223,1.0
0.07554008066654205,0.004750940483063459,0.00037552157300524414,0.5473239728935768,0.3112855694606237,0.1804215792920054,0.3137014726647089,0.30837177717898673,0.2590704060635865,1.0
0.0645408034324646,0.0028109513223171234,3.2551422918913886e-05,0.5598552097639049,0.3103040087955556,0.17320272252212188,0.3173905363502288,0.3038774027322417,0.24626103269744123,1.0
0.16480334103107452,0.0021396796219050884,3.9650341932429e-05,0.5555234738407142,0.29982160000988994,0.15850098497535461,0.3134203012550237,0.31801866785248595,0.2618628890382061,1.0
0.2981521487236023,0.04525080695748329,0.02553326077759266,0.5679164186401393,0.39763933261368833,0.33104932456532854,0.3367091338789299,0.2917023536768569,0.28800963216532455,1.0
0.09765741229057312,0.002178875496610999,2.9809958505211398e-05,0.8207414142570038,0.7212589380302792,0.6658562842828656,0.2965835954218798,0.318380252065528,0.3368978353817456,1.0
0.06361792236566544,0.0023706117644906044,3.970567922806367e-05,0.8152468753617034,0.7207918360398723,0.6656973141875223,0.3065670285722562,0.32076494743650996,0.34150593923289196,1.0
1942352.625,9.5455961227417,2178.659423828125,0.6467353021703668,0.43562092306773736,0.2636073684327779,0.32826633156621055,0.32487776981578226,0.31044350051953884,1.0
,3.4955742359161377,690.3358154296875,0.38044127912035747,0.2991655620474132,0.16984256153750743,0.40378130066566403,0.3457989215272274,0.2656411562964812,1.0
4697266.0,10.059744834899902,7973.60693359375,0.3482702334727136,0.302972930115352,0.1815987263983323,0.3633181166398805,0.347289658279924,0.2888360708718596,1.0
4625927.0,0.5780116319656372,3.592963457107544,0.35299653294972144,0.30473155590471007,0.1862981422081479,0.381825091335715,0.35744061798670884,0.2935437556095654,1.0
4678077.5,7.481485366821289,1660.6534423828125,0.3738100805017651,0.2990195351917635,0.14731214047854735,0.36765151462219803,0.348158733689836,0.26655431581271904,1.0
4622724.0,1.0508148670196533,12.228227615356445,0.35534322580803046,0.3018604786087892,0.17429314426837583,0.3909651794554439,0.3677048219782556,0.2837464111483516,1.0
4625070.5,0.580992579460144,3.371809959411621,0.3512975794092166,0.3030335575034201,0.18395960772743142,0.3827784219011296,0.3587400978982776,0.2918205665057942,1.0
4642812.5,0.5264021754264832,4.473026752471924,0.351050394694204,0.3031523836335002,0.18475828571698683,0.3826283523598787,0.35898894055613206,0.29293384316412535,1.0
4624044.5,1.2756679058074951,63.198646545410156,0.35045004442313826,0.3038055652581748,0.1857114644244412,0.3824243982211475,0.35972646799678526,0.2936966185354527,1.0
4643802.0,0.4717738628387451,2.0654006004333496,0.34941969804484924,0.303484331594395,0.18606686590326957,0.3821828999961979,0.35988541909632626,0.2941949247375418,1.0
4646017.5,0.4505186676979065,1.7186366319656372,0.3491329926392297,0.30343630398723126,0.18553827131314904,0.38200262303580673,0.35996718958549423,0.29359368751538734,1.0
4643105.5,0.40971770882606506,1.6449432373046875,0.349047210475451,0.3033583785464739,0.18591025464662403,0.3820982013798665,0.36039375395896095,0.2952139357228049,1.0
4280843.5,5.038264274597168,978.7568969726562,0.39535716702738233,0.33209189590817345,0.1948741764148516,0.37251703826885857,0.3317301994864973,0.2832658423771164,1.0
3659385.0,26.288291931152344,88353.40625,0.41930418666694586,0.32664086337739345,0.10132587333247513,0.37114897690230886,0.3533083289223685,0.23395863897353206,1.0
3751825.0,29.89209747314453,73064.6875,0.6296824236735635,0.5561582329565121,0.22069671403710364,0.3358306790907424,0.38666014237968604,0.2863109059117901,1.0
4323976.5,11.836715698242188,11581.962890625,0.5343174875456722,0.5028477663108799,0.24641620033825168,0.40290679856893924,0.4012816435547379,0.31619061521533376,1.0
753860.375,30.00250816345215,62798.38671875,0.4269296420947746,0.3430953185378211,0.18949566704621276,0.3429873099307913,0.3202553030085062,0.1770170245087088,1.0
727386.8125,14.796548843383789,14168.0693359375,0.4323437086957159,0.4220664317927825,0.25968914176994434,0.3681409168910302,0.36834691107604745,0.3371861558326343,1.0
97481.90625,2.916158676147461,793.5523681640625,0.4224209152796033,0.416408138065077,0.26931310182000895,0.36572523303691384,0.36987168832142275,0.3561863212543153,1.0
1586473.125,4.929024696350098,2355.4423828125,0.28983632208018867,0.2896836413328013,0.15474844273078145,0.343868186902876,0.34391523356026155,0.2509788647991226,1.0
1884416.875,10.172999382019043,12135.7802734375,0.2783341463465748,0.26468234353783093,0.13390341822826518,0.33509281314158446,0.3416493686317563,0.24166998195282244,1.0
568419.5,1.5507287979125977,104.05513763427734,0.4983475220379549,0.49809233545345705,0.32038968799861967,0.3658880441513404,0.365711076413193,0.3430663474657681,1.0
519978.6875,1.0308668613433838,15.304906845092773,0.5150448159072316,0.5142203403444525,0.3188295336315989,0.4243857743852587,0.42344997290229885,0.3688884718381176,1.0
4425202.0,2.0347557067871094,329.3783874511719,0.3576763211953921,0.3095560484363751,0.19912752645910436,0.3856333048715051,0.3601002037095949,0.3069173467225681,1.0
629098.375,1.55193293094635,281.7889404296875,0.3157344045311997,0.3030446848730395,0.16275163703839549,0.32221815607148124,0.29811589237814096,0.25797912363416525,1.0
597882.875,1.0640685558319092,70.6851806640625,0.42344656487714705,0.4223694568643153,0.18586952887195804,0.38217671055626173,0.38236105626729894,0.22737712129309853,1.0
521464.90625,0.9026328921318054,7.562626361846924,0.5477625114904148,0.5471160140677117,0.32332493567240994,0.27480729784665947,0.27379520650622324,0.2986411571319267,1.0
543062.4375,2.9893720149993896,698.48095703125,0.40556719927757623,0.3770447629119181,0.2709184554011615,0.3585987975880171,0.3268219518509389,0.29086066833055474,1.0
557581.0625,2.3012733459472656,492.9024963378906,0.580471826426493,0.5243027911125248,0.3737988543786938,0.3339279989008182,0.3339344351109367,0.3025962661735951,1.0
576624.9375,1.3475805521011353,102.32036590576172,0.7466131130933189,0.7457959111592005,0.4281910454353536,0.20249445584712905,0.20170772724873237,0.29106490291812603,1.0
508561.59375,0.810745358467102,16.106821060180664,0.6300781930460198,0.629175459258409,0.33545265124392243,0.25867515956572085,0.25742307238510437,0.2550538584000774,1.0
455779.4375,0.7606694102287292,19.090923309326172,0.32233301147342996,0.3217869725342213,0.17476296312101944,0.3190882885439307,0.3179654272279272,0.2507032028390114,1.0
424371.96875,0.5506001114845276,4.731849193572998,0.47507528654310843,0.4749795930148595,0.31401993821407764,0.3802395835535843,0.38024497375153155,0.32432880983895757,1.0
422874.9375,0.4925937056541443,3.0655548572540283,0.5521320062319685,0.5520374319527007,0.3711715772467861,0.38448789258467275,0.38439764338312793,0.32705759854780586,1.0
4680108.5,12.918625831604004,6685.197265625,0.49544661859057326,0.3832875025473696,0.1511309625399106,0.3746644818673989,0.36500355659525463,0.23475222503589477,1.0
604152.1875,36.69228744506836,92756.90625,0.5345660030557423,0.43344005823764215,0.18686098547271837,0.3814828854926987,0.3947699451627091,0.2840990568857284,1.0
6500334.0,27.665061950683594,19852.431640625,0.610747093109277,0.4411245422478125,0.23683577105935255,0.3206719547674499,0.34386657919469366,0.24563987990032246,1.0
10105966.0,8.605098724365234,1535.1552734375,0.44674275809023883,0.3426317487430925,0.20259162315543353,0.36991849875191424,0.33666986455892506,0.2706844556189076,1.0
10724875.0,6.323348522186279,816.786376953125,0.4151280860451041,0.3410430466792368,0.23848189687680946,0.3741693807454337,0.3555047302567229,0.30642273631518513,1.0
10449399.0,3.3909289836883545,277.7308044433594,0.40272736842565166,0.34008301091053533,0.24345724933725282,0.37327738033016294,0.3713143613920816,0.30857589581185396,1.0
10003743.0,3.8963191509246826,231.4958953857422,0.39287650302367694,0.33719547025710694,0.22399789623102564,0.3759696570040574,0.3758049485069208,0.2978919423616475,1.0
9420298.0,4.666844844818115,598.91552734375,0.38081131117565237,0.3311964638212279,0.21180038972623472,0.3784219073491792,0.37428874441021265,0.30025105715097417,1.0
8860883.0,2.3168740272521973,59.65447998046875,0.37554663305935937,0.3269982758922585,0.20664165265848566,0.3810675310044195,0.3730662871644855,0.2944927233043078,1.0
8427730.0,1.565460205078125,26.2170467376709,0.3706185181347575,0.3245934059113031,0.2030194917889938,0.3836130766206833,0.3724903196492436,0.28811460568295133,1.0
8125137.5,2.216092348098755,68.199462890625,0.36568529494253477,0.3204957707380308,0.20196542529076805,0.3842729070660848,0.37024699573236075,0.28491968512436383,1.0
4518873.0,1.0205696821212769,11.597792625427246,0.35446506099468483,0.3043003113292845,0.1889436552856708,0.3850515737662716,0.35989883996132105,0.29711773183265455,1.0
7593221.5,1.8971694707870483,50.105106353759766,0.35856308653857133,0.31423543013127475,0.1967726501624586,0.38514840606030765,0.36849991397907955,0.27999399787331486,1.0
7260550.0,2.3744163513183594,61.554298400878906,0.3532244990017618,0.30923751371692904,0.18532374694644016,0.38339231976737514,0.3652102518140882,0.2782044578986213,1.0
6821969.5,2.144484519958496,81.69723510742188,0.3523279169556428,0.3082774040231052,0.1808576462990253,0.3814306486910493,0.36273852762034725,0.27800380577287453,1.0
6455644.5,0.9344606399536133,10.233243942260742,0.3523159787705748,0.3081413259577346,0.18066293775526415,0.3813974498238385,0.3625457843105673,0.27904305160377535,1.0
6425575.0,0.6263397336006165,4.616250038146973,0.3515551722804576,0.307897097077788,0.1809486055541204,0.3814891608065173,0.3629516848862243,0.2802359514885915,1.0
6377805.5,0.6008400917053223,4.051285743713379,0.3510207359105378,0.3074900347739099,0.18132996416483527,0.3813887481439847,0.3630331663336402,0.28024056626671384,1.0
6365615.5,0.5499765276908875,3.2447781562805176,0.3512504904986851,0.30788639316739036,0.18049257387328285,0.3815639550418428,0.3631842864103913,0.2780751167056077,1.0
6361222.0,0.5031177997589111,2.2022652626037598,0.3514591027035994,0.3079801881134093,0.17995599004851864,0.3815237672731407,0.362722247064188,0.27707369106784896,1.0
6151169.0,2.2962520122528076,257.9569091796875,0.35165992912305116,0.3083750186450951,0.17916995018532064,0.38174331123482946,0.36289335310132254,0.2775465554674316,1.0
6017079.0,0.6686354279518127,4.753592014312744,0.35113846199249943,0.3078162993936637,0.17872405776305417,0.3824141481256907,0.36353887148800673,0.27769301146686276,1.0
4654114.0,6.967868804931641,2279.752197265625,0.436849124467227,0.3396335690564079,0.16377988358472323,0.36441498221882257,0.3427462116829977,0.25397266687380576,1.0
6009452.0,0.4604387581348419,1.834410309791565,0.3505399731537395,0.3071372984071068,0.1791287817363566,0.38304706218311696,0.36366630483540013,0.27911116760765314,1.0
5972403.0,0.6504784226417542,4.101886749267578,0.3493711883338532,0.30600227027671534,0.17746218773519226,0.383253705714755,0.3634634298827774,0.27954073507646443,1.0
5893271.5,0.970538318157196,16.886180877685547,0.34854126459886914,0.3053673046723424,0.17755977241738896,0.38337625850438434,0.3633635152550584,0.2825099453272909,1.0
5898216.0,1.198208212852478,73.22139739990234,0.3481563089896715,0.3087594667524525,0.18118512365009648,0.38080380821063325,0.3649445252143235,0.28810023450377586,1.0
5283888.5,10.521903991699219,12291.3388671875,0.3470943331322994,0.2900840524021756,0.1507709496512097,0.38048230356819424,0.36237263582046964,0.2550291895792883,1.0
4598162.0,7.17781400680542,2123.828369140625,0.33371146415827396,0.252440376500737,0.12902499055182545,0.3766739392975474,0.35095162942946895,0.21183534602783075,1.0
4322306.5,11.708096504211426,4373.5517578125,0.4029787631054787,0.2867371978876325,0.1643298809054564,0.39612814746785396,0.3461757203882803,0.2662958274560739,1.0
4319340.0,9.106348037719727,6745.75927734375,0.3639623904813111,0.2649028589868857,0.1310239615422969,0.37975258263747297,0.33171701508730284,0.24672659252895043,1.0
4373810.0,12.146829605102539,5583.93505859375,0.34245488962222465,0.23666121625650177,0.11859767632937628,0.3615175708565949,0.3038323109380043,0.20634275514328415,1.0
4401938.5,8.584335327148438,2856.783447265625,0.3331443633338163,0.22225796140251008,0.11267820564517497,0.3439113518121145,0.287603450874593,0.17360306609128479,1.0
4675600.0,7.716527462005615,4277.11376953125,0.36646846917108084,0.32401418686357325,0.18357068963985496,0.39293308835104956,0.3742885457308227,0.2898533357197871,1.0
4103954.5,9.91877269744873,5761.7392578125,0.34801537430536406,0.22732945789967854,0.12660288765042504,0.34823946229690195,0.2863626625915169,0.16697390450363067,1.0
4354335.5,10.17276668548584,2823.51513671875,0.35136242634774073,0.2682111071734354,0.15532224884065055,0.35952796817558363,0.3230379634957131,0.24747558062218644,1.0
4460781.5,13.519927024841309,3843.086669921875,0.3661351477923259,0.28434109478866426,0.17753597145264677,0.36452500367094864,0.3131076805969315,0.2610165978679641,1.0
4564806.5,9.81307315826416,2592.69921875,0.3889119492352977,0.29584205348604564,0.1817527423547991,0.37372552279590854,0.3226073079685283,0.26237945481123187,1.0
4410791.5,13.524337768554688,5706.83544921875,0.40424608335754597,0.28577941283883657,0.17254238898592006,0.38103323495475283,0.31690598297856193,0.261228884867304,1.0
4567450.0,10.16460132598877,4020.572265625,0.4217293755234456,0.30118514399032964,0.18104638923730965,0.38489687235046427,0.3166512281054167,0.2599837120267334,1.0
4515599.5,7.145365238189697,2886.883544921875,0.4294713808256791,0.3013874535323315,0.17916777914031026,0.3877857570550968,0.3327024749990892,0.27114098480647575,1.0
4677114.0,2.214149236679077,245.89688110351562,0.4386655157069638,0.3204033848980006,0.1916513111343517,0.38772796927361863,0.3446246591683189,0.27640488684255277,1.0
4640079.5,7.066984176635742,3040.477783203125,0.4467630780188619,0.32398629873620044,0.1946437916764155,0.3908691066625908,0.3464853321820983,0.27807707759979045,1.0
4726255.0,5.912419319152832,1164.56298828125,0.44267759720294475,0.32512917549866377,0.19650188948334113,0.391191541056158,0.3469029025675025,0.2775438856187996,1.0
4693334.5,10.943636894226074,7037.64501953125,0.3518234379879161,0.2999808332054527,0.1416147667054935,0.39417340215495766,0.37801097183595406,0.2611189292493408,1.0
4571104.0,4.6329345703125,1026.0721435546875,0.44350990792753653,0.31957225452471705,0.19505591352163693,0.390264915647062,0.34328570421148363,0.2790361667732586,1.0
4585186.0,3.7497341632843018,430.23431396484375,0.4413718372276896,0.320424726611129,0.19498939302262702,0.3900719601671066,0.34598245921447174,0.2790957427121158,1.0
4620652.0,3.1157243251800537,436.5865783691406,0.43852157380255086,0.32236515550391937,0.19623319644948445,0.3917942728635711,0.3424637810062232,0.2746272506817447,1.0
4765254.0,3.5494117736816406,679.0003051757812,0.4340021844519206,0.31945426486799466,0.19109631416789763,0.39231635189099584,0.3466791144093269,0.2731452204924557,1.0
4858212.0,2.9049885272979736,276.6316833496094,0.42582780036351775,0.3174322974176484,0.189769632688095,0.39389393822067226,0.34329390208714505,0.2685460226449878,1.0
5028517.5,3.140164613723755,383.62567138671875,0.41846859500962236,0.32185699023268693,0.19308489553908598,0.39442455740579185,0.3426173967875825,0.2661570755012596,1.0
5061922.0,2.26834774017334,263.19464111328125,0.409048870725476,0.31966936000804835,0.1888662383551215,0.3943147118056256,0.34166816054534466,0.26485098265158447,1.0
5070629.0,2.917774200439453,386.4556579589844,0.4041916561227471,0.31223562592167475,0.1814563545243424,0.39375443038169833,0.3397579109479092,0.2628996336192864,1.0
5146515.5,2.022289276123047,197.18467712402344,0.3965732342781385,0.3136111215849692,0.18194884806305442,0.39293526424684705,0.34124242814687344,0.26397045761235316,1.0
5194010.0,1.0753034353256226,29.652706146240234,0.3881342332077881,0.3129257212432773,0.18084730294418305,0.39119220740429395,0.34204952138448763,0.2647086059994618,1.0
4559357.5,1.0989981889724731,16.873380661010742,0.4040987766931642,0.3251327763029467,0.17640410509990714,0.388815238615608,0.36758894686006716,0.26195985006791217,1.0
5193980.0,1.7820757627487183,276.322265625,0.37872913052307494,0.30456318589835824,0.17316487824134852,0.38839848926681797,0.3388182537718675,0.2609367618028428,1.0
4603346.0,1.4013497829437256,52.349151611328125,0.3457341289671741,0.2932334085902881,0.17333379442109592,0.3705592689489089,0.3460571421195328,0.28340210969165813,1.0
